00001	¡Intentemos algo!	我们试试看！
00002	Tengo que irme a dormir.	我该去睡觉了。
00003	¿Qué estás haciendo?	你在干什么啊？ / 你现在在做什么？ / 你在干什么？ / 你做什么？
00004	¿Qué es eso?	这是什么啊？ / 那是什么？
00005	¡Hoy es 18 de junio y es el cumpleaños de Muiriel!	今天是６月１８号，也是Muiriel的生日！
00006	¡Feliz cumpleaños, Muiriel!	生日快乐，Muiriel！
00007	Ahora, Muiriel tiene 20 años.	Muiriel现在20岁了。
00008	La contraseña es "Muiriel".	密码是"Muiriel"。
00009	Volveré pronto.	我很快就会回来。
00010	No tengo palabras.	我不知道应该说什么才好。
00011	Esto no acabará nunca.	这个永远完不了了。 / 这个永远结束不了。
00012	Simplemente no sé qué decir...	我只是不知道应该说什么而已…… / 我就是不知道说些什么。
00013	Era un conejo malo.	那是一只有恶意的兔子。
00014	Yo estaba en las montañas.	我以前在山里。
00015	¿Es una foto reciente?	那是一张近照吗？
00016	No sé si tengo tiempo.	我不知道我有没有时间。
00017	Por alguna razón, el micrófono no había funcionado hasta entonces.	刚才我的麦克风没起作用，不知道为什么。
00018	Todo el mundo debe aprender por sí mismo al final.	到了最后，大家一定要靠自己学习。
00019	La educación en este mundo me decepciona.	世界上的教育都让我失望。
00020	El aprendizaje no debe ser forzado, sino estimulado.	学习不该被强迫，而是该被鼓励。
00021	Es una tarea difícil elegir qué está "bien" o "mal", pero has de hacerlo.	选择什么是“对”或“错”是一项艰难的任务，我们却必须要完成它。
00022	Eso no va a cambiar nada.	这样做的话什么都不会改变的。
00023	Eso va a costar 30 €.	这个要三十欧元。
00024	Gano 100 € al día.	我一天赚一百欧元。
00025	Quizás me dé pronto por vencido y en lugar de eso me eche una siesta.	也许我会马上放弃然后去打盹。
00026	Eso es porque no quieres estar solo.	他是因为不想一个人待着。
00027	Eso no va a pasar.	那是不会发生的。
00028	Me voy a esforzar por no molestarte en tus estudios.	我会尽量不打扰你复习。
00029	Sólo puedo preguntarme si acaso es lo mismo para todos los demás.	我只能问自己这对其他所有人是不是一回事呢。
00030	No te preocupes.	不要担心。 / 别担心。
00031	Los llamaré cuando regrese mañana.	我明天回来的时候会跟他们联络。
00032	Siempre me gustaron más los personajes misteriosos.	我一直都比较喜欢神秘一点的人物。 / 我一直都喜欢神秘的人物。
00033	Deberías dormir.	你应该去睡觉了吧。
00034	Les dije que me mandaran otro boleto.	我请他们再寄给我一张票。
00035	No puedo vivir así.	我不能这样活着。 / 我无法这样生活。
00036	Una vez quise ser astrofísico.	我曾经想过当个太空物理学家。
00037	Nunca me gustó la biología.	我从来没喜欢过生物学。
00038	Desafortunadamente es verdad.	可惜这是真的。
00039	La mayoría de la gente cree que estoy loco.	大部份的人觉得我疯了。
00040	¡No, no lo soy! ¡Lo eres tú!	不，我不是！你才是！
00041	¡Esa es mi frase!	那是我该说的话!
00042	¡¡Él está pateándome!!	他在踢我！
00043	¿Estás seguro?	你肯定吗？
00044	Entonces tenemos un problema...	那就表示有问题...
00045	¡Ah, allí hay una mariposa!	哦！有一只蝴蝶！ / 啊，那里有只蝴蝶！
00046	¡Date prisa!	赶快! / 快点！
00047	Si yo pudiera ser así...	如果我可以像那样的话...
00048	¡¿Acaso te quieres burlar de mí?!	你是在跟我开玩笑吧？！
00049	Cuando crezca, quiero ser un rey.	我长大后想当国王。
00050	Estoy tan gordo.	我好胖哦。
00051	¿Entonces qué?	那又怎样?
00052	Voy a pegarle un tiro.	我要把他射下来。
00053	Siempre me he preguntado cómo será tener hermanos.	我总是在想如果我有兄弟姐妹的话会是怎样。
00054	Eso es porque eres una chica.	那是因为妳是女生。
00055	Yo seré infeliz, pero no me suicidaría.	我会不高兴，但我不会自杀。
00056	Cuando yo estaba en el instituto me levantaba a las 6 todas las mañanas.	以前读高中的时候﹐我每天早上六点起床。
00057	¿Por qué lo preguntas?	你问这个干什么?
00058	¿Cuánto tiempo estuviste?	你待了多久?
00059	No sabía de dónde venía eso.	我不知道它是从哪里来的。
00060	No es importante.	这个不重要。
00061	Tú simplemente huyes de los problemas de la vida.	你只会逃避生活问题。
00062	¡Puedes hacerlo!	你可以做到的！
00063	Me tengo que ir a la cama.	我该去睡觉了。
00064	Gracias por explicarme por fin por qué la gente me toma por un idiota.	感谢您终于为我说明了为甚么人们通通把我当傻瓜。
00065	¿Qué ocurrió?	发生了什么？
00066	No sé qué quieres decir.	我不知道你想说什么。
00067	Realmente no eres tonto.	你真的不笨。
00068	Nadie sabrá.	没有人能知道。
00069	¡Me parece interesante!	在我看来很有意思！
00070	¿Qué has respondido?	你回答了什么？
00071	No, no es mi nuevo novio.	不，那不是我的新男朋友。
00072	¿Dónde está el problema?	哪里有问题?
00073	Sólo puedo esperar.	我只能等了。
00074	Te quiero.	我爱你。
00075	Ya no te quiero.	我不再爱你了。
00076	¿Por qué no vienes a visitarnos?	为什么你不来看我们？
00077	Es inevitable que yo vaya a Francia algún día, sólo que no sé cuándo.	有一天我去法国是无可避免的，我只是不知道何时。
00078	Detesto la química.	我讨厌化学。
00079	¿Qué otras opciones tengo?	我还有其他选择吗？
00080	Tampoco lo puedo explicar.	我也无法解释。
00081	No subestimes mi poder.	不要小看我的力量。
00082	La vida es dura, pero yo soy más duro.	生活很困难，但我更坚强。
00083	No hablo japonés.	我不说日语。 / 我不会讲日本话。
00084	Nadie me entiende.	无人懂我。
00085	¡Deja de mirarme como una persona "normal"!	不要再把我当成“正常”人！
00086	¡No puede ser!	这不可能！ / 不可能的。
00087	"¿Quién es?" "Es tu madre."	“是谁？”“是你妈妈。”
00088	—¿Qué pasa? —preguntó el pequeño conejo blanco.	“怎么回事？”小白兔问道。
00089	"Confía en mí", dijo él.	“相信我。”他说。
00090	—¡Esto es lo que estaba buscando! —exclamó él.	「这就是我要找的东西！」他大叫。
00091	—Esto parece muy interesante —dice Hiroshi.	“这看上去很有意思。”Hiroshi说道。
00092	"Gracias por ayudarme." "No hay de qué."	“谢谢你帮了我。”“没什么。”
00093	Algún día correré como el viento.	有一天，我会跑得像风一样快。
00094	"A ella le gusta la música." "A mí también."	“她喜欢音乐。”“我也是。”
00095	Por favor, no llores.	请你不要哭。
00096	"Tengo ganas de jugar a las cartas." "Yo también."	“我想打牌。”“我也是。”
00097	Allen es un poeta.	Allen是个诗人。
00098	Los alemanes son muy listos.	德国人很聪明。
00099	"¿Por qué no vas?" "Porque no quiero."	"你为什么不去？""因为我不想去。"
00100	Vine a Tokio hace tres años y he estado viviendo aquí desde entonces.	三年前我来到东京并一直住在这儿。
00101	Al salir de la estación vi a un hombre.	离开火车站的时候，我看见一个男人。
00102	¿Me has echado de menos?	你想我了？
00103	¿Son todos iguales?	他们都是一样的吗？
00104	¡Muchas gracias!	多谢！
00105	Por favor, ¿dónde están los huevos?	请问鸡蛋在哪里？
00106	¡Caramba! ¡No está mal!	妈的！真不错！
00107	¿Hablas italiano?	你会说义大利语吗？
00108	Me olvidarás algún día.	有一天你会忘了我。 / 有一天你会忘记我的。
00109	No podría haberlo hecho sin ti. Gracias.	没有你我无法做到，谢谢。
00110	No podemos dormir por el ruido.	由于噪音，我们无法入睡。
00111	Ya son las once.	已经是11点了。
00112	"¡Ah!" es una interjección.	“啊！”是一个感叹词。
00113	¿Qué quieres?	你想要什么？ / 你想要什么?
00114	¿Necesitas que te dé algo de dinero?	你需要我给你钱吗？
00115	París es la ciudad más bonita del mundo.	巴黎是世界上最美丽的城市。
00116	Tengo un sueño.	我有一个梦想。
00117	Todo lo que es inventado es verdadero.	所有被发明的都是真的。
00118	Sorprenderse, extrañarse, es comenzar a entender.	感到惊讶、感到惊奇就是明白的开始。
00119	No cabe duda de que el universo es infinito.	宇宙毫无疑问是无限的。
00120	Para ser perfecta sólo le faltaba un defecto.	要变得完美，她就是少了一个缺点。
00121	Y sin embargo, también lo contrario es siempre verdadero.	然而，相反的理论往往也是真的。
00122	No vemos las cosas según son, sino según somos.	我们看东西不是看其实质，而是以我们的主观意识看它们的。
00123	El mundo es una jaula de locos.	世界就是一个疯子的囚笼。
00124	Creo que me voy a ir a la cama.	我想我要去睡觉了。
00125	Me llamo Jack.	我叫Jack。 / 我叫杰克。
00126	Me gusta mucho.	我非常喜欢它.
00127	¿Cómo se dice eso en italiano?	那个词用意大利语怎么说？
00128	¿Está lejos de aquí?	离这儿远吗？
00129	¡Estas cosas no son mías!	这些东西不是我的！
00130	¿Qué hora es?	几点了？
00131	¿De dónde vienes?	你从哪里来？
00132	¡No es culpa mía!	这不是我的错！
00133	Yo estoy de acuerdo.	我同意。
00134	Amar a alguien no es nunca un desperdicio.	从来就没有徒劳的爱情。
00135	La vida es lo que te pasa mientras estás ocupado haciendo otros planes.	生活就是当你忙著进行你的计划时总有其他的事情发生。
00136	No desear es lo mismo que poseer.	没有欲望就等于拥有。
00137	¡Hay demasiadas cosas que hacer!	要做的事太多了!
00138	¿Cuántos años tienes?	你几岁了？
00139	Hoy hace mucho calor.	今天很热。
00140	Mejor ser odiado por lo que eres que querido por lo que no eres.	宁愿做自己而被人讨厌，也不要因为虚假而被人喜欢。
00141	No sé qué decir para consolarte.	我不知道该说什么来安慰你。
00142	¿Quién quiere chocolate caliente?	谁要热巧克力？
00143	Hable más despacio, ¡por favor!	请说得慢一点！
00144	No entiendo.	我不明白。 / 我不懂。
00145	¿Dónde podemos telefonear?	我们能在哪里打电话？ / 我们能在哪儿打电话？
00146	Esta noche nos vamos a la iglesia.	今晚我们要去教堂。
00147	¡Es demasiado caro!	太贵了！
00148	¡Feliz Navidad!	圣诞节快乐！
00149	No preguntéis lo que piensan. Preguntad lo que hacen.	不要问他们想什么，问他们做什么。
00150	¡Me muero de hambre!	我饿死了！
00151	Estoy casada y tengo dos niños.	我结婚了，而且有两个孩子。
00152	Él toca el piano muy bien.	他钢琴弹得很好。
00153	¿Por qué no comes verdura?	为什么你不吃蔬菜？
00154	¿Por qué la gente va al cine?	为什么人们去电影院？
00155	Hay 10 tipos de personas en el mundo: las que entienden binario y las que no.	世界上有10种人：懂二进制的人和不懂二进制的人。
00156	Hace frío.	天很冷。
00157	Tienes razón.	你是对的。
00158	¡Has hecho esto intencionadamente!	你是故意的！
00159	¿No le has dicho nada?	你什么都没跟他说？
00160	La vida es bella.	生命是美丽的。 / 生活是美丽的。
00161	Necesito tu ayuda.	我需要你的帮助。
00162	No quiero ir a la escuela.	我不想去学校。
00163	Es realmente inteligente, ¿verdad?	她真的很聪明，不是吗？
00164	La vida es una enfermedad mortal sexualmente transmisible.	生命是一种致命的性传染病。
00165	Demasiado tarde.	太迟了。
00166	Fuimos a Londres el año pasado.	我们去年去了伦敦。
00167	Me gusta mucho mi trabajo.	我非常喜欢我的工作。
00168	¿De qué estás hablando?	你说的是什么？
00169	Tengo clase mañana.	我明天有课。
00170	"Gracias." "De nada."	"谢谢。" "不用谢。" / 「谢谢。」「不客气。」
00171	¿De qué país eres?	你是从哪个国家来的？
00172	Es rico, ¡no necesita dinero!	他很富有，他不需要钱！
00173	Uno, dos, tres, cuatro, cinco, seis, siete, ocho, nueve, diez.	一、二、三、四、五、六、七、八、九、十。
00174	¿Dónde están los servicios?	卫生间在哪里？
00175	¿Cuántas horas de sueño necesitas?	你需要多少小时的睡眠?
00176	Cada persona es un mundo.	每个人都是一个世界。
00177	¿Quién compra este tipo de arte?	谁买这种艺术品？
00178	¿Qué? ¿Todavía no sabes conducir?	什么。。。？你还是不会开车？
00179	¿Dónde estás?	你在哪儿? / 你在哪里？
00180	¿Adónde vas?	你去哪儿？ / 你要去哪里？
00181	El queso es un alimento sólido elaborado a partir de la leche de vaca, cabra, oveja u otros mamíferos.	奶酪是由母牛、山羊、绵羊或其它哺乳动物的奶加工制成的固体食物。
00182	Si no lo hago ahora, nunca lo haré.	如果我现在不做，就永远也不会做。
00183	Hay muchas cosas que no sabes sobre mi personalidad.	我的个性还有很多方面是你不了解的。
00184	Todo el mundo se merece una segunda oportunidad.	每个人都值得被给予第二次机会。
00185	El hombre propone, Dios dispone.	人算不如天算。
00186	Me han dicho que soy pragmático, y lo soy.	有人说我很务实，确实如此。
00187	¡No te olvides de nosotros!	别忘了我们！
00188	Mis zapatos negros necesitan un arreglo de los tacones.	我的黑皮鞋需要修一下跟了。
00189	Suponemos que se trata de una intoxicación por mordedura de serpiente.	我们猜这是一种被蛇咬伤的毒。
00190	Sin embargo, la cantante no reniega de sus orígenes.	但是歌手并不否认她的出身。
00191	¿De dónde eres?	你是哪里人？ / 你是哪国人？
00192	Es perro viejo.	这是只老狗。
00193	Florencia es la ciudad más bonita de Italia.	佛罗伦萨是意大利最美丽的城市。
00194	¿Dónde vives?	你住在哪里？ / 你住在哪儿？ / 你住哪里？
00195	Ayer compré un libro.	我昨天买了一本书。
00196	Ven aquí, John.	来这里，约翰。
00197	¿Cuándo viste esa película?	你什么时候看那部电影？
00198	Intentaron asesinar al presidente.	他们企图暗杀总统。
00199	No sé dónde vive.	我不知道他住在哪里。
00200	—¿Cómo te sientes? —preguntó él.	“你感觉怎么样？”他问。
00201	Yamamoto también es uno de mis amigos.	山本也是我的一个朋友。
00202	¡Feliz Año Nuevo!	新年快乐！ / 元旦快乐！ / 新年好！
00203	Rosa Montero es una mujer extraordinaria.	Rosa Montero是个不同寻常的女人。
00204	Me gusta viajar.	我喜欢旅行。
00205	No tengo suficiente dinero para mi viaje.	我不够钱去旅行。
00206	Yo vivo con mis padres.	我跟父母住在一起.
00207	¿Cuál es su nombre?	您叫什么名字？ / 他叫什么名字？
00208	Quien calla otorga.	沉默就意味着同意。
00209	Soy Paul, tu compañero de habitación.	我是你的室友，保罗。
00210	He utilizado mapas durante mi viaje.	我在旅行中用了地图。
00211	No se ganó Zamora en una hora.	罗马不是一天建成的。
00212	Le gusta viajar. A mí me gusta también.	他喜欢旅行。我也是。
00213	No tenían nada que comer.	他们没有东西吃了。
00214	Son las diez en punto.	现在是十时正。
00215	Ven a las diez en punto.	十点整来。
00216	No tengo ganas de estudiar.	我没有强烈的欲望去学习。
00217	Soy Susan Greene.	我是苏珊格林。
00218	Guárdeme un asiento, por favor.	请保留我的位置
00219	Nosotros creemos en Dios.	我们相信上帝。
00220	Tengo una bicicleta.	我有一辆自行车。
00221	Ella me dio mucha comida.	她给了我很多吃的东西。
00222	Ella es estadounidense, pero vive en el Reino Unido.	她是美国人，但在英国居住。
00223	Él tiene dos gatos.	他有两只猫。
00224	Él es poco hablador.	他不太健谈。
00225	Lo conozco.	我认识他。
00226	¿Quién es él?	他是谁？
00227	El bebé empezó a llorar.	宝宝开始哭了。
00228	Sé que el dinero no lo es todo.	我知道金钱不是万能的。
00229	En nuestra clase hay 25 chicos y 20 chicas.	我们班上有25个男生和20个女生。
00230	La pizza es mi comida favorita.	比萨是我最喜欢的食物。
00231	No puedo levantar mi brazo derecho.	我无法举起我的右手臂。
00232	Hay una manzana sobre el pupitre.	书桌上有一个苹果。
00233	Ella dice ser la mujer más amable del mundo.	她自称是世界上最友善的女人。
00234	Mi padre acaba de volver a casa.	我爸爸刚刚回家。
00235	"¿Ella tiene perro?" "No."	“她有狗吗？” “没有。”
00236	¿Dónde está París?	巴黎在哪里？
00237	Comencemos desde la lección 3.	我们从第三课开始吧。
00238	El sueño es el mayor de los ladrones. Nos roba la mitad de la vida.	睡眠是最大的小偷，它偷了我们一半的生命。
00239	El arroz se vende por kilos.	米以公斤为单位来出售。
00240	El padre de ella es japonés.	她父亲是日本人。 / 她老爸是日本人。 / 她爸是日本人。 / 她爹是日本人。 / 她老爹是日本人。
00241	Él es un joven japonés.	他是个日本少年。
00242	Bienvenido a Japón.	日本欢迎您。 / 欢迎到日本。
00243	Japón es un país insular.	日本是一个岛国。
00244	Mi hermano menor aún duerme.	我弟弟还睡着呢。
00245	Voy a la iglesia el domingo.	周日我去做礼拜。
00246	Más vale pájaro en mano que ciento volando.	二鸟在林，不如一鸟在手。
00247	Dijo: "La vi hace cinco días".	他说：“我五天前见过她。”
00248	Ella gana 30 dólares al día.	她每天挣30美元。
00249	Su mujer es francesa.	他的妻子是法国人
00250	¿Hay algún médico que hable japonés?	这里有医生懂说日文吗？
00251	¿Quién inventó el teléfono?	谁发明了电话？
00252	Escribí una carta en inglés.	我用英文写了一封信。
00253	Mi hermana mayor va a la universidad.	我妹妹上大学。
00254	La ceremonia inaugural se realizó ayer.	昨天举办了开幕式。
00255	¿Para qué has comprado este diccionario tan caro?	为什么你买了一本那么贵的词典？
00256	Tommy no supo responder al último problema.	汤米不会回答最后一个问题。
00257	Es sólo tu imaginación.	那只是你的想象。
00258	Ese día hizo frío, además comenzó a llover.	那天很冷，而且还下起了雨。
00259	¿Cuánto cuesta este reloj?	这只表多少钱？
00260	Dime por qué quieres ir allá.	告诉我你为什么要去那儿。
00261	¿Por qué dices eso?	你为什么那样说?
00262	Su vida estuvo llena de altos y bajos.	他的人生充满了起起落落。
00263	Ese fue el mejor día de mi vida.	那是我生命中最美的一天。
00264	¿Dónde está la biblioteca?	图书馆在哪里？
00265	Disculpe ¿Me puede decir dónde está la biblioteca?	不好意思，请告诉我图书馆在哪？
00266	No hables en la sala de lectura.	不要在阅览室内谈话。
00267	Este es el diccionario que uso todos los días.	这是我每天都用的字典。
00268	Esta es la entrada al mar.	这是通往大海的通道。
00269	Él no es médico, es profesor.	他不是医生，他是教师。
00270	Él se decidió a ser médico.	他决定了要当医生。
00271	Ella tiene un gato. El gato es blanco.	她有一只猫。那只猫是白色的。
00272	Ella tiene dos gatos. Uno es negro y el otro es blanco.	她有两只猫。一只是白色的，另一只是黑色的。
00273	A la niña no le gustaba lavar los platos.	这女生不喜欢洗碗。
00274	¿Cuál es la fecha de hoy?	今天是几月几号？
00275	Bienvenida.	欢迎。 / 欢迎！
00276	De nada.	不用谢。
00277	¡Feliz cumpleaños!	生日快乐！
00278	¿Por qué te ausentaste ayer?	你昨天为甚么缺席？
00279	Yo no trabajo.	我不工作.
00280	Yo trabajo.	我工作.
00281	Mi padre me hizo un gesto que abandonara el cuarto.	父亲示意我离开会议室。
00282	Ella dedica mucho tiempo a practicar el piano.	她花很多时间在练习弹钢琴。
00283	Él también habla francés.	他也会说法语。 / 法语他也会说。
00284	Él es pobre.	他很穷。
00285	Al parecer Jack está enfermo.	Jack好像病了。
00286	Bob me ayudó.	Bob帮助了我。
00287	Y así fue como se salvó del peligro.	他就是那样脱离危险的。
00288	Se dice que él probablemente ya no volverá.	他们说他永远不会回来。
00289	No se levanta temprano.	他不早起。
00290	Este libro es fácil de leer.	这本书很易读。
00291	La imagen se ve mejor de lejos.	这幅画远看更好。
00292	No quiero que haya malentendidos.	我不想有任何误会。
00293	Eso es un lápiz.	那是一支铅笔。
00294	¿Por qué viniste a Japón?	你为什么来了日本？
00295	Saber un idioma es una cosa, enseñarlo es otra.	知道一门语言是一回事，教这门语言又是另一回事。
00296	Muchas gracias por haberme invitado a cenar la otra noche.	谢谢那天晚上请我吃了饭。
00297	Los plásticos han reemplazado a muchos materiales convencionales.	塑料代替了许多传统的原料。
00298	Admito que esta probablemente no es la mejor forma de hacerlo.	我承认这可能不是最好的方法。
00299	Ella lloró mientras leía la carta.	她边哭边读著信。
00300	Esta biblioteca tiene más de 50.000 tomos.	这个图书馆有超过50000册书。
00301	No hay muchos libros en estas estanterías.	这些书架上没有很多书。
00302	Él se rio.	他笑了。
00303	El tuyo está allí.	你的在那儿呢。
00304	Hay un banco frente a la estación.	车站前有个银行。
00305	Llueve.	下雨了。 / 在下雨。
00306	No le gusta el pescado.	他不喜欢鱼肉。
00307	Esto es un regalo para ti.	这是给你的礼物。
00308	Ella vivió una vida larga.	她活了很久。
00309	El tema principal del libro es la Revolución Americana.	这本书的主题是美国革命。
00310	El número atómico del hierro es 26.	铁的原子序数是二十六。
00311	Ella es simpática conmigo.	她对我很和善。
00312	Mi cabello es igual de largo que el de Jane.	我的头发和珍的一样长。
00313	Mi hermana mayor anima a un luchador de sumo joven.	我的姊姊为一个年轻的相扑力士加油。
00314	No entiendo absolutamente nada de alemán.	我完全不懂德语。
00315	Este es mi libro.	这是我的书。
00316	Levanta la mano izquierda.	举起左手。
00317	En Asia existen muchos pueblos.	亚洲有许多乡村。
00318	Quizás ella se olvidó el paraguas en el autobús.	她可能将伞忘在巴士上了。
00319	Él construyó un robot.	他造了一个机器人。
00320	Ayer jugué con Tony.	昨天我跟托尼玩。
00321	Tengo una pregunta.	我有一个问题。
00322	Ven a mi casa, por favor.	请来我家吧。 / 请来我家里。
00323	Nadie me prestó ayuda.	没有任何人帮助我。
00324	Ella desvió la vista.	她转移了视线。
00325	¿Bebes alcohol?	你喝酒吗？
00326	Esa carne es de pollo.	那个肉是鸡肉。
00327	Compré una corbata roja.	我买了一条红色的领带。
00328	Mi sueño es ser jugador de béisbol.	我的梦想是成为一名棒球运动员。
00329	No me gusta mucho el queso.	我不是非常喜欢起士。
00330	Japón es un país agraciado.	日本是个富有的国家。
00331	La reunión duró hasta las cinco.	会议一直开到五点。
00332	¡Ven rápido!	快来吧！
00333	No tengo mucho dinero.	我没有很多钱。
00334	Estos son nuestros libros.	这些是我们的书。
00335	Dos cervezas, por favor.	请来两杯啤酒。
00336	Su patria es Alemania.	他的祖国是德国。
00337	¿Cuándo se publica su nueva novela?	他的新小说什么时候出版？
00338	El oro es mucho más pesado que el agua.	金子比水重得多。
00339	El tiempo mejoró.	天气转好了。
00340	¡Buen viaje!	一路顺风！ / 祝你一路顺风。
00341	Él no habla nuestra lengua.	他不会说我们的语言。
00342	La población de Europa es menor que la de Asia.	欧洲的人口比亚洲少。
00343	Te doy 5 dólares.	我给你五块钱吧。
00344	Ellos jamás mienten.	他们从不说谎。
00345	Piedra, papel, tijeras.	剪刀、石头、布。
00346	Hoy no hace tanto frío como ayer.	今天没昨天冷。
00347	Voy a bañarme.	我打算洗个澡。
00348	Mi hija tiene previsto casarse en junio.	我女儿打算在六月结婚。
00349	No sé dónde vive ella.	我不知道她住在哪里。
00350	Tokio es la ciudad más grande de Japón.	东京是日本最大的城市。
00351	Ella parecía más animada que antes.	她的气色看起来比以前好。
00352	Un libro cayó desde la estantería.	书从柜子上掉下来。
00353	Mi madre odia el calor del verano.	我妈讨厌夏天的高温。
00354	Tienes buena memoria.	你的记性很好。
00355	Él estaba solo en la habitación.	他一个人在房间里。
00356	Me duele la cabeza.	我头痛。 / 我的头疼。
00357	Ella no sabe jugar al golf.	她不知道怎么打高尔夫球。 / 她不会打高尔夫球。
00358	Tengo dolor de espalda.	我背痛。
00359	Yo asistiré a la reunión.	我将会出席会议。
00360	Hay gotas de rocío sobre las hojas de la hierba.	药草的叶子上有几滴露珠。
00361	Ella escribió muchos poemas.	她写了好多诗。
00362	Ella vestía lujosas ropas de seda.	她穿著华丽的丝绸服饰。
00363	Su profesión es médico.	他的职业是医生。
00364	Ella aprobó el examen con facilidad.	她轻松地通过了考试。
00365	¿Has cenado ya?	你吃晚饭了吗？
00366	La madre de ella es una bella mujer.	她的母亲是一位漂亮的女人。
00367	Ella se quemó la mano izquierda.	她的左手被烫到了。
00368	El sombrero voló con el viento.	帽子被风吹了起来。 / 这顶帽子随风飞走了。
00369	Ella tuvo cinco hijos.	她有五个孩子。
00370	Si te pierdes por la calle, pregunta a un policía.	如果你迷路了，请向警察询问。
00371	No sé qué ocurrirá el año próximo.	我不知道明年会发生什么。
00372	Creo que ella sabe la verdad.	我觉得她知道真相。
00373	Él estaba totalmente borracho.	他完全醉了。
00374	Ella va a la escuela.	她去学校。
00375	¿Sabes quién es él?	你知道他是谁吗？
00376	Por cierto, ¿tienes noticias de ellas desde entonces?	顺带一提，从那以后你有听过她的消息吗？
00377	Eric está en nuestro equipo de fútbol.	Eric在我们的足球队上。
00378	Él entró en su habitación.	他进了自己房间。
00379	No hay amor sin celos.	没有妒忌就没有爱情。 / 有爱情必有妒忌。
00380	Perro viejo no aprende trucos nuevos.	老狗学不出新把戏。
00381	Él es escritor, y además político.	他是作家，还是政治人物。
00382	Anoche cayó una gran nevada.	昨天晚上下大雪了。
00383	Ella es dos años mayor que tú.	她比你大两岁。
00384	Él no vale para nada.	他什么都不值得。
00385	Desde entonces vivieron felices.	从这天起，他们过得很幸福。
00386	El inglés es un idioma hablado en todo el mundo.	英语是一种全世界通用的语言。
00387	Tengo muchos libros.	我有很多书。
00388	Karin es austríaca.	Karin是奥地利人。
00389	Tengo muchos amigos.	我有很多朋友。
00390	A Mary le encanta la leche.	玛丽很喜欢牛奶。
00391	Las rosas del jardín están floreciendo.	在花园里的玫瑰正盛开著。
00392	Él miró a su alrededor, pero no había nadie.	他看向四周，但没看到任何人。
00393	Él vive en Tokio.	他住在东京。
00394	Él sabe hablar japonés.	他会说日语。
00395	Ella destaca en hablar inglés.	她擅长说英文。
00396	El teléfono no funciona.	这电话不通！
00397	El clima de Tokio es diferente al de Londres.	东京的气候和伦敦不同。
00398	¿Ella habla francés?	她会说法语吗？ / 她讲法语吗？
00399	¿Hay alguien que hable inglés?	有没有会说英语的人？ / 有人说英语吗？
00400	La capital de Japón es Tokio.	日本的首都是东京。
00401	Había dos pasteles.	那有两块蛋糕。
00402	¿Por qué no puedes venir?	你为什么不能来?
00403	La vida es sueño.	人生即是一场梦。
00404	Hoy está nublado.	今天是个阴天。
00405	¿Por qué huiste?	你为什么逃走？
00406	¿Qué está comiendo Ken?	肯正在吃什么？
00407	Creo que él vendrá mañana.	我相信他明天会来。
00408	¡Dame ánimos!	为我加油吧！
00409	Mi tía me regaló una cámara.	我的阿姨送给我一台相机。
00410	Él me presentó a su hija.	他把他的女儿介绍给我认识。
00411	¿Hay alguien en la habitación?	房间里有人吗？
00412	Sea lo que sea lo que le dijiste, lo has animado.	你对他说的话让他感觉好多了。
00413	¿Te gusta la música?	你喜欢音乐吗？ / 你爱音乐吗？
00414	Muchas tradiciones antiguas se van perdiendo progresivamente.	许多传统的习惯渐渐在消逝。
00415	¿Qué significa esta palabra?	这个字是什么意思? / 这个词是什么意思？ / 这个字的意思是什么？
00416	¿Dónde están tus cosas?	你的东西在哪里?
00417	Ya he terminado mi trabajo.	我已经完成了我的工作。
00418	Me desperté tres veces durante la noche.	我晚上醒了三次。
00419	Ya he esperado dos horas, no puedo esperar más.	我已经等了两个小时, 我不能再等了。
00420	Me alegro de que te guste.	我很开心你喜欢。
00421	No comas demasiado.	别吃太多。
00422	El avión despegó y enseguida se perdió de vista.	飞机起飞后，很快就消失在了眼前。
00423	Tienes buena letra.	她的写作很好。
00424	Parece que ella tiene muchos amigos.	她看起来好像有很多朋友。
00425	Esta novela es más interesante que la que leí la semana pasada.	这本小说比我上周看的那本有意思。
00426	Soy mucho más joven que tú.	我比你年轻得多。
00427	El hombre es parte de la naturaleza.	人类是自然的一部分。
00428	Ella estaba sentada bajo un árbol.	她在一棵树下坐着。
00429	Un gran árbol fue tumbado por la tormenta.	一棵大树在风暴中倒下了。
00430	El río Shinano es más largo que cualquier otro de Japón.	信浓川比日本的任何一条河川更长。
00431	No sabes nadar, ¿verdad?	你不会游泳，是吧?
00432	Ella es médica.	她是医生。
00433	Tengo mucha sed.	我很渴。
00434	Mari ha estado en Hungría.	Mari已经在匈牙利了。
00435	A Tom le gusta nadar.	汤姆喜欢游泳。
00436	Ella le dio un reloj.	她给了他一块表。
00437	Alguien se ha puesto mis zapatos por error.	有人穿错了我的鞋。
00438	¿Estudias inglés?	你学英语吗？
00439	Mi hermana mayor está entusiasmada con el tenis.	我姐姐对网球著迷。
00440	Él siempre dice la verdad.	他总是说实话。
00441	Esto es un lápiz.	这是一支铅笔。
00442	¿Sabes qué estoy haciendo?	你知道我在做什么吗？
00443	Llamaré más tarde.	我晚一点再打。
00444	John gritó "he perdido la cartera".	“我丢了钱包。”约翰叹息道。
00445	¿Quién será?	会是谁呢？
00446	¿En qué trabajas?	你做什么工作? / 你做什么工作？
00447	No, es de segunda mano.	不，是二手的。
00448	Estoy resfriado.	我感冒了。
00449	¿Cuál es tu libro?	哪本是你的书？ / 哪本书是你的？
00450	No tengo dinero, pero tengo sueños.	我没有钱，但是我有梦想。
00451	Un poco de agua, por favor.	请给我一点儿水。
00452	Las botellas de cerveza están hechas de vidrio.	啤酒瓶是玻璃做的。
00453	¿Cuándo salen tus amigos hacia EEUU?	你的朋友什么时候去美国？
00454	Deberías comer más fruta.	你应该多吃点水果。
00455	A los niños en general les gusta el helado.	大部分小孩子都爱吃冰淇淋。
00456	Ojo por ojo, diente por diente.	以眼还眼，以牙还牙。
00457	Los jueves por la noche es gratis la cerveza.	周四晚上啤酒免费畅饮。
00458	No me gusta mucho el café.	我不太喜欢喝咖啡。
00459	Tal cosa no puede ser cierta.	这不可能是真的。
00460	¡Mira! Hay un gato en la cocina.	看，厨房里有一只猫。
00461	Él bebe demasiada cantidad de cerveza.	他喝太多啤酒。
00462	Me duele el estómago.	我胃痛。
00463	Le debo diez dólares a ella.	我欠她10美元。
00464	Necesitas que te vea un médico.	你需要看医生。
00465	Qué bonita flor.	多好看的一朵花啊！ / 这些花真好看！
00466	El queso se fabrica con leche.	奶酪是用奶做成的。
00467	¿Él habla inglés?	他说英语吗？
00468	Mira el lado positivo de las cosas.	看看事物好的方面。
00469	Él trabaja todos los días excepto los domingos.	除了星期天他每天工作。
00470	Volvamos a la lección 3.	让我们回到第三课。
00471	¿Lloverá mañana?	明天会下雨吗？
00472	¿Qué está haciendo él ahora?	现在他做什么？
00473	Mi casa está hecha de madera.	我的房子是木头做的。
00474	Hoy es lunes.	今天是星期一。 / 今天是周一。
00475	¿Quién es aquella mujer?	那个女人是谁？
00476	Lo animé con su plato favorito.	我煮了一些他喜欢的食物替他打气。
00477	Hoy hace un calor horrible.	今天非常热。
00478	Ella llevaba una cesta llena de flores.	她提着一只满是鲜花的篮子。
00479	Creo que esta medicina te hará efecto.	我相信这种药对你的病情有帮助。
00480	Llevo ya una hora y media esperando.	我等了一个半小时。
00481	El dinero lo robaron de su bolsa.	钱是被从她的包里偷走的。
00482	Me duele el cuello y no puedo girarlo.	我脖子疼得不能转动。
00483	¿Te levantas a las seis?	你六点起床吗？
00484	Esta habitación se usa como cocina.	这房间是当厨房用的。
00485	Las lágrimas de ella relataban lo que había pasado.	她的眼泪已经告诉了发生了什么。
00486	¿Le viene bien a las seis?	六点您行吗？
00487	Ella es una persona muy interesante.	她是一个非常有意思的人.
00488	Le compré una revista a él.	我给他买了本杂志。
00489	¿Él está saliendo con una estudiante extranjera?	他正在和一个外国学生交往。
00490	El aceite no se mezcla con el agua.	油和水不能混合。 / 水火不相容。
00491	Mi padre ha ido a Estados Unidos.	我爸去美国了。 / 我爸去了美国。 / 我老爸到美国去了。 / 我父亲去美国了。
00492	Él es italiano.	他是义大利人。
00493	Vayamos ahí a verle.	咱们去那里见他吧。
00494	Quiero comprar una bicicleta nueva.	我想买一辆新的自行车。
00495	Lo que a él le gusta es la gelatina.	他喜欢的是果冻。
00496	No entiendo lo que quieres decir.	我不明白你的意思。 / 我不明白你想说甚么。 / 我不懂你什么意思。
00497	Él sabe conducir.	他会开车了。
00498	Es la época de ver los cerezos.	现在是看樱桃树的期间。
00499	Ella estaba preparándose para salir de casa.	她在准备出门。
00500	Nancy tiene miedo a los perros.	Nancy怕狗。
00501	Ella rara vez llega tarde a las citas.	她很少迟到。
00502	Ella rara vez desayuna.	她很少吃早餐。
00503	Ella rara vez sale a la calle.	她很少出去。
00504	Soy un empresario.	我是企业家。
00505	Él no es más que un poeta.	他只不过是个诗人。
00506	En otoño la luna es bonita.	秋天的月亮是美丽的。
00507	Páseme con el Sr. Smith, por favor.	请帮我转接Smith先生。
00508	Tengo una tía que vive en Los Ángeles.	我有个阿姨住在洛杉矶。
00509	¿Quién eres?	你是谁？
00510	Yo duermo en mi habitación.	我在房间睡觉。
00511	No puedo entender lo que él dice.	我不明白他在讲什么。
00512	La India es una región rica en cultura culinaria.	印度是一个烹饪文化丰富的地区。
00513	Yo a él lo llamo Mike.	我叫他麦克。
00514	Puedes hablar con él.	你可以跟他谈话。
00515	No hagas dos cosas a la vez.	别同时做两样事。
00516	Bob no sólo interpreta a la guitarra, sino también a la flauta.	Bob不仅会弹吉他还会吹笛。
00517	Bajé del taxi.	我从出租车上下来。
00518	En esta clase sólo hay tres chicas.	这个班只有三个女生。
00519	El abrigo no puede haber desaparecido dentro de la casa.	那件大衣不可能在家里消失。
00520	¿Tienes un diccionario de inglés?	你有英语词典吗？
00521	¿Anoche estabas cansado?	昨晚你累了吗？
00522	Últimamente llueve todo el tiempo.	最近经常下雨。
00523	¡Qué coincidencia!	真是个巧合！
00524	Perro que ladra no muerde.	别怕吠犬。
00525	¿Puedo usar esto?	能让我用用吗？
00526	¡Muérete!	去死吧！ / 你去死吧!
00527	Ellos lo llaman Jim.	他们叫他吉姆。
00528	A él le da vergüenza preguntar.	提问对他来说是很羞耻的事。
00529	Estudio inglés una hora al día.	我每天学习英语一个小时。
00530	Me alegro de no haber comprado tal cosa.	我很高兴没有买这样的东西。
00531	Él siempre está quejándose a su superior.	他总是在抱怨他的上司。
00532	Mi cámara es Nikon.	我的照相机是尼康的。
00533	Quiero beber agua.	我想喝水
00534	Nuestro equipo llevaba camisetas rojas.	我们队穿了红色运动衣。
00535	No pasa nada.	没关系！
00536	Ayer jugué al fútbol.	我昨天踢了足球。
00537	Gracias por su ayuda.	谢谢您的帮助。
00538	El cubo estaba lleno de agua.	这个桶装满了水。
00539	Él fue el primero en ayudarla.	他是第一个帮她的人。
00540	Japón se sitúa en el hemisferio norte.	日本位于北半球。
00541	París es una de las ciudades más grandes del mundo.	巴黎是世界上最大的城市之一。
00542	¿Tienes un condón?	你有避孕套吗？
00543	Tom puede correr rápido.	Tom可以跑得很快。
00544	Él me enseñó a nadar.	他教了我游泳。
00545	No sabemos si él vendrá o no.	我们不知道他会不会来。
00546	¿Tu madre sabe conducir un coche?	你妈会开车吗？
00547	Acabé vomitando.	我刚才吐了。
00548	No hay papel higiénico.	没卫生纸了。
00549	¿Cómo se llama esta verdura en inglés?	这种蔬菜英语叫甚么名字？
00550	Japón es un bello país.	日本是个美丽的国家。
00551	Eso tiene 30 metros de largo.	那个长30米。
00552	Él sujetó su propio libro.	他拖著自己的书。
00553	Él tiene fuerza en los brazos.	他的手臂很有力。
00554	Ella dijo unas palabras de agradecimiento por el regalo.	她对收到的礼物表示感谢。
00555	Ese país es rico en recursos naturales.	这个国家拥有丰富的天然资源。
00556	A él le gusta mucho el inglés.	他非常喜欢英语。
00557	El inglés no es fácil, pero es interesante.	英语不容易，但很有意思。
00558	La vida es dura, pero yo soy más dura.	生活很困难，但我更坚强。
00559	¡Bienvenidos!	欢迎！
00560	Soy francés.	我是法国人.
00561	¡Bienvenido!	欢迎。 / 欢迎！
00562	Esta silla es fea.	这把椅子很丑。 / 这把椅子很难看。
00563	¿Por qué está aquí?	为什么他在这儿？
00564	¿Por qué?	为什么？ / 为什么? / 为何？
00565	¿Qué ha dicho?	她说了什么？
00566	No puedes decir "no".	你无法说“不”。
00567	No sé.	我不知道。 / 不知道。
00568	Él tiene un perro.	他有一只狗。
00569	Estoy muy cansado.	我很累。 / 我好累。
00570	Estoy de acuerdo.	我同意。
00571	Voy a ir.	我要走了。
00572	El latín es una lengua muerta.	拉丁语是一个死语言。
00573	Te amo.	我爱你。
00574	Soy un chico.	我是一个男孩。
00575	Quiero dormir.	我想睡觉。
00576	¡Gracias!	谢谢你。 / 谢谢！
00577	Él tiene tres hijas.	他有三个女儿。
00578	No, no les tengo miedo a los fantasmas.	不，我不怕鬼。
00579	Su marido vive en Tokio ahora.	她老公现居东京。
00580	Te gustan los elefantes.	你喜欢大象。
00581	Las opiniones varían de una persona a otra.	观点因人而异。
00582	Yo sé tu nombre.	我知道你的名字。
00583	¿Cómo estás?	你好吗？
00584	No me gusta la escuela.	我不喜欢学校。
00585	Si llueve mañana, me quedaré en casa.	如果明天下雨，我就待在家。
00586	Claro. Es al lado del Centro Comercial Plaza.	当然。它就在商场旁边。
00587	Yo sé dónde está ella.	我知道她在哪里。
00588	No camines tan rápido.	别走这么快。
00589	Leer un libro es interesante.	看书很有意思。
00590	Enciende la radio.	打开收音机。
00591	Mi esposa es doctora.	我的老婆是一个医生。 / 我的老婆是医生。
00592	Soy vegetariano.	我是吃素的。 / 我是素食者。
00593	Esta bicicleta es de mi hermano pequeño.	这台自行车是我弟弟的。
00594	¿Irás en tren?	你坐火车去吗？
00595	A él le debo mi vida.	他是我的救命恩人。
00596	Ahora estoy ocupado.	我现在很忙。
00597	¿Qué ómnibus debo tomar para llegar a Waikiki?	我乘几路车去怀基基？
00598	¿Qué número de ómnibus debo tomar para llegar a Waikiki?	我乘几路车去怀基基？
00599	Aquí no se valen los mangos bajitos.	我们不希望有人在这里吃霸王餐。
00600	¡No me acuerdo!	我不记得了！
00601	Él dijo que tenía hambre.	他说他饿了。
00602	El accidente ocurrió en la autopista.	事故发生在高速公路上。
00603	No sabía que fueses tan buen cocinero.	我还不知道你是那么好厨师。
00604	¡Buenos días!	早上好！ / 早！
00605	El anciano parece triste.	老人看起来很伤心。
00606	¿Qué es la felicidad?	什么是幸福？ / 幸福是什么？
00607	Buena pregunta.	好问题。
00608	¿Te acuerdas?	你记得吗？
00609	¿Por qué razón llorabas?	你为什么哭了？
00610	No sé hablar alemán.	我不会说德语。
00611	El alemán no es un idioma sencillo.	德语不是一门容易的语言。
00612	Bienvenido a Tatoeba.	欢迎来到 Tatoeba。
00613	Está prohibido leer libros en esta biblioteca.	这个图书馆里禁止看书。
00614	Te recuperarás en un par de días.	你两三天就会回复健康了。
00615	A causa de su enfermedad él se vio obligado a dejar de fumar.	因为他的病，他被迫戒烟。
00616	Johan estuvo todo el día en la cama y no fue a trabajar.	约翰一整天待在床上而没去工作。
00617	La mantequilla se hace de leche.	牛油是用牛奶造的。
00618	¡Hasta luego!	一会儿见！
00619	Mi nombre es Hashimoto.	我的名字叫桥本。
00620	Tiene poco dinero.	他没有很多钱。
00621	Es para mi familia.	这是给我家人的。
00622	Quiero saber quién viene con nosotros.	我想知道，谁会和我们一起去。
00623	Sus piernas son largas.	他的腿很长。
00624	Llueve desde el jueves pasado.	从上周四开始一直下雨。
00625	Hola.	你好。
00626	Pocos estudiantes asistieron al encuentro.	很少学生参加了聚会。
00627	Es tarde.	很晚了。
00628	Su sueño se ha realizado por fin.	他的梦想终于实现了。
00629	¿Usted enseña español?	你教西班牙语吗？
00630	¡Cabrón!	傻逼！
00631	¿Por carta certificada?	寄挂号吗？
00632	¡Llámame!	打电话给我！
00633	¿Me podría dar un cubalibre por favor?	能给我一杯自由古巴吗？
00634	¿Me puede revisar las encías?	你可以检查我的牙龈吗？
00635	Venga acá, rápido.	快来这里。
00636	¿Has dormido bien?	你睡得好吗？
00637	¿Necesito radiografías?	我需要拍X光片吗？
00638	¿Tiene fresas frescas?	您有新鲜草莓吗？
00639	¿Hablas chino?	你会说中文吗？ / 你 会 说 汉语 吗? / 你会讲汉语吗？
00640	¿Quieres esta camiseta?	你要这件T恤吗？
00641	¿Hay alguien aquí que hable inglés?	这里有人会说英文吗？
00642	¡Basta!	够了！
00643	Disculpe. ¿Está abierto el supermercado?	打扰一下，超市现在营业吗？
00644	Muy bien, ¿desea algo más?	好的，还需要什么吗？
00645	¡Joder!	操！
00646	Quedó huérfano a los diez años.	十岁时他就成了孤儿。
00647	Él es de los Estados Unidos.	他是从美国来的。
00648	A él le gusta nadar.	他喜欢游泳。
00649	Él necesita un paraguas.	他需要一把伞。
00650	Él necesita dinero.	他需要钱。
00651	Él vende coches.	他卖车子。
00652	Él escribe árabe.	他写阿拉伯文。
00653	Le duele la cabeza.	他头疼。
00654	¡Hola! ¡Buenos días!	你好啊！早上好！
00655	Aquí está su menú.	这是你的菜单。
00656	¿Qué tal?	你好吗？
00657	¿Cuánto tiempo?	多久？
00658	¿Cuántos platos tenemos?	我们有多少个盘子？
00659	¿Cuánto cuesta una cerveza?	一瓶啤酒多少钱？
00660	¿Cuánto le debo?	我欠您多少？
00661	¿Cuánto cuestan las zanahorias?	胡萝卜多少钱？
00662	¿Cuánto necesitas?	你需要多少？
00663	¿Cuánto cuesta?	这个多少？ / 多少钱？
00664	¿Cuánto cuesta esto?	这东西多少钱？
00665	¿Cuánto cuesta el kilo de bananas?	香蕉多少钱一公斤？
00666	¿Cuánto cuesta el kilo de piña?	菠萝一公斤多少钱？
00667	¿Cuánto cuesta el boleto?	车票多少钱?
00668	¿Cuánto vale una noche?	一晚多少钱？
00669	¿Cuántos años tiene esa pintura?	那幅画有多少年了？
00670	Soy maestra.	我是个老师。
00671	Voy a comprar un coche nuevo.	我要去买一辆新车。
00672	Tengo frío.	我冷。
00673	Soy diabético.	我有糖尿病。
00674	Yo soy de Egipto.	我来自埃及。
00675	Estoy contento.	我很高兴。
00676	¡Tengo hambre!	我饿了！
00677	Soy Lin.	我是林。
00678	Estoy buscando a mis amigos.	我在找我的朋友。
00679	Estoy en línea.	我上网了。
00680	Estoy enfermo.	我生病了。
00681	Estoy cansado.	我很累。
00682	No puedo vivir sin ti.	没有你我活不下去。
00683	No he pedido esto.	我没有预定这个。
00684	No bebo café.	我不喝咖啡。
00685	No me atrevo a decirle tal cosa.	我不敢对他说这种话。
00686	No llevo dinero encima.	我身上没有钱。
00687	No sé qué decir.	我不知道说什么。
00688	Me olvidé.	我忘了。
00689	Espero que te guste.	希望你会喜欢。
00690	Me gusta comprar por internet.	我喜欢网购。
00691	Me gusta estudiar idiomas extranjeros.	我喜欢学习外语。
00692	No encuentro mi cartera.	我找不到我的钱包了。
00693	Me encanta mi vida.	我爱我的生活。
00694	Te extraño.	我很想你。 / 我想念你。
00695	¡Necesito un medico!	我需要一个医生!
00696	Necesito dinero.	我需要钱。
00697	Necesito más tiempo.	我需要更多时间。
00698	Necesito algo para un adulto.	我需要一些成人的东西。
00699	Te necesito.	我需要你。
00700	Te debo 1000 dólares.	我欠你一千美元。
00701	Yo estudio español.	我学西班牙文。
00702	Enseño chino.	我教中文。
00703	Yo enseño inglés.	我教英语。
00704	Quiero diez platos.	我要十个盘子。
00705	Quiero besarte.	我想亲吻你。 / 我想亲吻妳。
00706	Quiero decirte una cosa curiosa.	我想告诉你一件怪事。
00707	¿Qué tiempo hizo ayer?	昨天天气怎么样？
00708	Por favor, dame un vaso de agua.	请你给我一杯水。
00709	¿Dónde está tu casa?	你家在哪里？
00710	Tengo que limpiar mi habitación.	我应该打扫我的房间。
00711	Ellos van a la iglesia todos los domingos.	他们每个星期天上教堂。
00712	Sé dónde vive.	我知道他住哪儿。
00713	Tu padre es alto.	你爸爸很高。
00714	Lo haré yo.	我会做的。
00715	¿Cómo te llamas?	你叫什么名字？ / 你叫什么？
00716	La semana pasada empecé a aprender chino.	我上周开始学中文了。
00717	Ella tendrá diecisiete años en febrero.	她将在二月时满16岁。
00718	Hacía mucho frío ayer por la mañana.	昨天早上很冷。
00719	Acabo de llegar.	我刚到。
00720	Es una buena persona.	他是个好人。
00721	¡Buen provecho!	祝你胃口好！
00722	Él vino varias veces.	他来了很多次了。
00723	Un ángulo recto tiene 90 grados.	直角是九十度。
00724	¿Cuántos años tienen vuestros hijos?	你的孩子多大了？
00725	Yo también estoy bien.	我也很好.
00726	¿Qué es esto?	这是什么啊？ / 这是什么？
00727	Él es muy guapo.	他很帅。
00728	No tengas miedo.	不要害怕。
00729	Voy al parque.	我去公园。
00730	¿Viste a un doctor?	你去看医生了吗？
00731	En 1900 él salió de Inglaterra para no volver.	1900年他离开英格兰后，就没有再回来。
00732	Ella ilumina tu mundo.	她照亮你的世界。
00733	No, éste es el DVD de mi hijo.	不是的，是我儿子的DVD.
00734	Mañana es Navidad.	明天是耶诞节。
00735	Estoy estudiando.	我正在学习。
00736	Ella es mi novia.	她是我的女朋友。
00737	Él es igual de alto que su padre.	他和他爸爸一样高。
00738	¿Te gusta?	你喜欢吗 ?
00739	¿Quieres una taza de café?	你想要一杯咖啡吗?
00740	He ido al hospital a ver a mi mujer.	我去医院看了我的老婆。
00741	¿A qué distancia está el aeropuerto?	到机场有多远？
00742	¿Cuántos bolígrafos tienes?	你有多少支圆珠笔？
00743	Él habla francés.	他会说法语。
00744	Ella no es tan joven como parece.	她没她看上去那么年轻。
00745	Eres el hombre que estaba buscando.	你就是我一直要找的人。
00746	Aprendemos inglés en la escuela.	我们在学校学英文。
00747	Ella es tan alta como tú.	她跟你一样高。
00748	No sé cuándo volverá.	我不知道他什么时候回来。
00749	¿A qué hora te sueles levantar?	你通常几点起床？
00750	¿Cómo te atreves a decirme algo así?	你怎么敢对我说这样的话?
00751	Hace bastante frío hoy.	今天好冷。
00752	Ella cantó una canción japonesa para nosotros.	她为我们唱了一首日文歌。
00753	¿La señora Smith es profesora de inglés?	史密斯小姐是英语老师吗？
00754	Ella tiene dos mil libros.	她有两千本书。
00755	Los estudiantes interpretaron Hamlet.	学生们表演哈姆雷特。
00756	Él es mi amigo.	他是我的朋友。
00757	No abras tu libro.	不要打开你的书。
00758	Tengo dos libros.	我有两本书。
00759	No tengo gato.	我没有猫。
00760	Mi tío tiene tres hijos.	我的叔叔有三个孩子。
00761	Trabajas demasiado.	你工作太努力了。
00762	¿Qué quieres comer?	你想吃什么？
00763	Sus ojos estaban llenos de lágrimas.	她的眼里充满了泪水。
00764	Soy hermosa.	我很漂亮。
00765	Visitó el Japón cuando era presidente.	他在担任总统期间访问了日本。
00766	Habla inglés con fluidez.	她的英语说得很流利。
00767	Cantemos y bailemos.	唱吧跳吧！
00768	Él se escondió detrás de la puerta.	他把自己藏在门后面。
00769	¡No me lo puedo creer!	我没法相信！
00770	Mi habitación es dos veces más grande que la de él.	我的房间是他的两倍大。
00771	Te echo de menos.	我很想你。 / 我想念你。
00772	Date prisa y cogerás el tren.	快一点，你就能赶上火车了。
00773	Le gusta el jazz, y a mí también.	他喜欢爵士乐，我也是。
00774	Sí, entiendo. Gracias.	对， 我懂。 谢谢。
00775	A él le gusta mucho el béisbol.	他非常喜欢棒球。
00776	—¿Cuántas llaves? —preguntó Pepperberg.	「几把钥匙？」Pepperberg 问道。
00777	Soy pobre.	我很穷。
00778	La mujer está leyendo.	那个妇女在看书。
00779	Al hotel Hilton, por favor.	请去希尔顿酒店。
00780	Trabajo tres horas todos los sábados por la mañana.	我每周六上午工作三小时。
00781	Escribo chino.	我写中文。 / 我会写中文。
00782	Estoy aburrido.	我觉得很无聊。
00783	Voy a quedarme en casa esta noche.	今晚我呆在家里。
00784	Bebo agua porque tengo sed.	我喝水因为我渴了。
00785	Tengo sed.	我渴了。
00786	Estoy cansada.	我很累。
00787	En un año hay doce meses.	一年有十二个月。
00788	¿El museo de arte está por aquí?	艺术博物馆在这附近吗？
00789	¿Es éste tu libro?	这是你的书吗？
00790	¿Es ésta tu familia?	这是你的家人吗？
00791	Éste es el salón.	这是客厅。
00792	Éste es mi dormitorio.	这是我的卧室。
00793	Es mi amigo.	他是我的朋友。
00794	Es demasiado tarde.	太晚了。
00795	Es muy agradable cruzar el océano en buque.	乘船过海非常舒服。
00796	Hace calor.	（天气）很热。
00797	Es difícil conseguir un taxi fuera de la estación.	车站外面很难打到出租车。
00798	Es más cómodo aquí dentro.	这里面比较舒服。
00799	No es difícil si estudias.	如果你学习的话，这不难的。
00800	Está lloviendo.	下雨了。 / 在下雨。
00801	Es demasiado pequeño.	太小了。 / 这太小了。
00802	Mis padres no me entienden.	我的父母不理解我。
00803	No, gracias. Estoy cansado.	不用，谢谢。我累了。
00804	No. Son demasiado pequeños.	不。它们太小了。
00805	Al oír eso, arrugó la frente.	他听到那个时，皱起了眉头。
00806	¿Puede escribirlo, por favor?	能请您写一下吗？
00807	Ella tiene la cara sucia.	她的脸很脏。
00808	Ella tiene un poco de pan.	她有点儿面包。
00809	Ella está en el baño.	她在上厕所。
00810	Ella vive en Nueva York.	她住在纽约。
00811	¿Cuál es tu perro?	哪只狗是你的？
00812	Espera aquí hasta que vuelva.	在这等一下，等我回来。
00813	Esta noche está lloviendo a cántaros.	今晚正在下倾盆大雨。
00814	Él vive solo.	他一个人生活。
00815	Confío en ti.	我相信你。
00816	Ésta es su casa.	这是他们家。
00817	¿Vienes aquí todos los días?	你每天来这里吗？
00818	No hay mal que por bien no venga.	塞翁失马
00819	Es mío, no suyo.	是我的，不是他的。
00820	Nos gusta jugar al fútbol.	我们喜欢踢足球。
00821	Mi hermana fue a Kobe ayer.	我妹妹昨天去神户了。
00822	Mi padre ha dejado de fumar.	我父亲戒烟了。
00823	El gato es adorable.	那只猫很可爱。
00824	¿Lo has oído, Mike?	麦克，你听到了没？
00825	Ven con nosotros.	跟我们来。 / 跟我们一起来吧。
00826	No me interesa el arte moderno.	我对现代艺术不感兴趣。
00827	Suecia tiene su propia lengua.	瑞典有自己的语言。
00828	El inglés no es mi lengua materna.	英语不是我的母语。
00829	Déjame el diccionario, por favor.	请把你的字典借给我。
00830	¿Me quieres?	你爱我吗？
00831	¡El latín es la lengua del futuro!	拉丁语是未来的语言!
00832	Nuestra lengua materna es el japonés.	我们的母语是日语。
00833	Buenas noches, Timmy.	晚安，蒂米。
00834	Estoy agotado.	我累死了。
00835	¿No sabías que murió hace dos años?	你不知道他两年前死了吗？
00836	Tienes toda la razón.	你完全正确。
00837	¿Qué?	什么？
00838	El león es el rey de los animales.	狮子是百兽之王。 / 狮子是万兽之王。
00839	¿Cómo se llama?	您叫什么名字？ / 他叫什么名字？
00840	Tom se está dejando crecer el bigote.	汤姆留著小胡子。
00841	Ese coche es muy nuevo.	那辆车子很新。
00842	¿Qué pasa?	怎么了？
00843	¿Conoces a su hermano mayor?	你认识他哥哥吗？
00844	¡Qué guapa eres!	你太漂亮了！
00845	Ella habla chino.	她讲中文。
00846	Chupa mi verga.	吸我𣬠𣬶。
00847	Siéntate, por favor.	请坐。
00848	Los dormitorios están arriba.	卧室在楼上。
00849	El puente fue construido por los romanos.	那座桥是罗马人修建的。
00850	El gato tiene veinte días.	这只猫20天大了。
00851	La silla está cerca de la puerta.	椅子离门很近。
00852	Los niños van a la escuela por la mañana.	孩子们早上去学校。
00853	El café está frío.	咖啡是冷的。
00854	Los colores de la bandera estadounidense son rojo, blanco y azul.	美国国旗的颜色是红白蓝。
00855	La camisa está sucia.	这衬衫脏了。
00856	A la niña no le gusta jugar al fútbol.	那个女孩不喜欢踢足球。
00857	El curso de historia es interesante.	历史课很有趣。
00858	La biblioteca está a la derecha.	图书馆在右手边。
00859	La falda roja es nueva.	那条红裙子是新的。
00860	El segundo plato lleva garbanzos, pollo, carne, chorizo y patatas.	第二道菜里有鹰嘴豆、鸡肉、猪肉、腊肠和土豆。
00861	El cielo está lleno de nubes oscuras.	空中乌云密布。
00862	Las mujeres trabajan en un restaurante.	女人们在一家餐馆工作。
00863	El hombre joven vive en una casa vieja.	那个年经人住在一座老房子里。
00864	Hay tres dormitorios, una cocina, un comedor, un salón, y un cuarto de baño.	有三个卧房、一个厨房、一个饭厅、一个客厅及一个浴室。
00865	Ellos están comiendo un sándwich.	他们在吃三明治。
00866	Están viendo una película.	他们在看一部电影。
00867	Esta silla es demasiado pequeña.	这张椅子太小了！
00868	Esta niña es de Japón.	这个小女生是日本来的。
00869	Esto no es español.	这不是西班牙语。
00870	No soporto a los niños traviesos.	我受不了淘气的小孩。
00871	Estudio coreano.	我学韩语。
00872	Él juega muy bien al tenis.	他打网球打得很好。
00873	¿Dónde está tu perro?	你的狗在哪儿？
00874	Ella está en la bañera.	她在浴缸里。
00875	Me gusta mucho la pizza.	我酷爱匹萨。 / 我非常喜欢比萨。
00876	A él le gusta mucho su escuela.	他非常喜欢他的学校。
00877	Esta mesa es de madera.	这张桌子是木的。 / 这张桌子是木头做的。
00878	Dos huevos fritos y un café, por favor.	两份前鸡蛋和一杯咖啡吧。
00879	Muy bien, gracias.	很好，谢谢。
00880	Se necesita camarero.	需要跑堂。 / 需要服务员。 / 需要服务生。
00881	Estamos cenando afuera.	我们在外面吃晚餐。
00882	Podemos seguir jugando, con tal de que no hagamos demasiado ruido.	我们可以继续玩，别吵到别人就行了。
00883	Nos divertimos mucho anoche.	我们昨晚玩得很开心。
00884	Tenemos veinticuatro sillas en este clase.	在这间教室里有二十四张椅子。
00885	Nosotros estudiamos árabe.	我们学阿拉伯语。
00886	Estudiamos chino.	我们学习中文。
00887	No pudimos comprar entradas, así que no fuimos al concierto.	因为我们没买到票，所以我们没去音乐会。
00888	Comenzamos a comprender mejor.	我们渐渐明白了。
00889	Estamos abiertos mañana.	我们明天开门。
00890	Tenemos calor.	我们热了。
00891	¡Bien hecho!	做得好！
00892	¡Qué pena!	太可惜了！
00893	¿Qué compraste?	你买了什么？
00894	¿Qué coméis en vuestro país?	在你们国家吃什么？
00895	¿Qué te gusta hacer?	你喜欢做什么？
00896	¿Qué necesitas?	你需要什么?
00897	¿Qué quiere decir esto?	这是什么意思？
00898	¿De qué está hecho?	这是什么做的？
00899	¿Quién es esta chica?	这个女孩是谁？
00900	Intento dormir.	我试着睡觉。
00901	¿No estás cansado?	你不累吗？
00902	Mi amigo estudia coreano.	我的朋友在学韩语。
00903	Voy a la escuela.	我去学校。
00904	Siempre estoy hambriento.	我总是饿了。
00905	Estoy viendo la televisión.	我正在看电视。
00906	A Mary le gusta ver la televisión.	玛丽喜欢看电视。
00907	No sé cómo llegar allí.	我不知道怎么去那儿。
00908	Yo también tengo 17 años.	我也是17岁。
00909	Ella tiene los ojos azules.	她有蓝色的眼睛。 / 她有双蓝眼睛。
00910	Hay un teléfono en mi cuarto.	我的房里有部电话。
00911	Él no tiene hijos.	他没有孩子。
00912	Hola, soy Nancy.	你好，我叫 Nancy。
00913	¡Hola mundo!	你好，世界！
00914	Tus zapatos están aquí.	你的鞋在这儿。
00915	No tenemos clase los miércoles por la tarde.	我们周三下午没课。
00916	¡Qué guapa es tu hermana!	你妹妹多漂亮啊！
00917	Voy a escribir una carta.	我要写一封信。
00918	El ordenador es nuevo.	电脑是新的。
00919	¿Cómo te atreves a hablarme así?	你竟敢这样和我说话？
00920	¿Cuándo nació ella?	她什么时候生的？
00921	No desesperes, todavía no está todo perdido.	不要失望，没有全丢。
00922	Los árboles son verdes.	树是绿的。
00923	No es un gato. Es un perro.	那不是猫。那是狗。
00924	¿Por qué soy el único del que se quejan? Ellos sólo quieren que yo sirva de ejemplo y me están usando como chivo expiatorio.	为什么我是他们唯一抱怨的人? 他们就这样拿我作例子, 利用我当代罪羔羊。
00925	Puedes estudiar aquí.	你可以在这里学习。
00926	Cuando yo tenía tu edad, Plutón era un planeta.	当我在你这个年纪时，冥王星是行星。
00927	Soy hijo único.	我是独生子。
00928	Voy a comprar algunos materiales hoy.	今天我要去买些材料。
00929	¿Cuándo es tu cumpleaños?	你的生日是几月几号？
00930	Estoy triste.	我很难过。
00931	A mí me gustan los perros, pero a mi hermana le gustan los gatos.	我喜欢狗，但我姊喜欢猫。
00932	A mis hijos les encantan los animales.	我儿子们很喜欢动物。
00933	Sí.	是的。
00934	Él conoce a mucha gente.	他认识很多人。
00935	Aquella casa es mía.	那栋房子是我的。
00936	Aquella casa es grande.	那栋房子很大。
00937	Nadie lo sabrá.	没有人会知道。
00938	¿Qué ha pasado?	发生了什么？
00939	John vive en Nueva York.	约翰住在纽约。
00940	Cuando usamos esperanto, estamos al mismo nivel, por lo menos, lingüístico.	我和他用世界语沟通，觉得最少从语言的观点来看，我和他的程度是差不多的。
00941	Empezabas a aprender el esperanto.	你开始学世界语了。
00942	Todavía llueve.	还在下雨。
00943	La Torre Eiffel está en la misma ciudad que el Museo del Louvre.	埃菲尔铁塔和卢浮宫在同一座城市。
00944	Guus Hiddink es holandés.	Guus Hiddink是荷兰人。
00945	Mi hermana tiene un bonito piano.	我姐妹有一个漂亮的钢琴。
00946	Ellos me llaman Bob.	他们叫我鲍勃。
00947	Tomemos un taxi.	我们坐出租车吧
00948	La precisión es importante en aritmética.	精确性在数学中很重要。
00949	Él ha llegado a Tokio ayer.	他昨天到了东京。
00950	¿Puedo hacerte una pregunta personal?	我可以问你一个私人问题吗 ?
00951	¿Dónde está mi libro?	我的书在哪里？ / 我的书在哪？
00952	¿Cuándo vas a casa?	什么时候回家？
00953	¿Dónde está la estación de tren más cercana?	最近的火车站在哪里？
00954	Quería comprar aspirina.	我想买阿司匹林。
00955	No sabía que él bebiera tanto.	我不知道他喝那么多酒。
00956	¿Dónde está su casa?	他的家在哪儿?
00957	Tu bicicleta es mejor que la mía.	你的自行车比我的好。 / 你的自行车比我好。
00958	Quiero aprender chino el año que viene.	我明年想学汉语. / 我明年想学中文。 / 我明年想学汉语。 / 我明年想学普通话。
00959	Hace mucho calor aquí.	这里非常热。 / 这里很热。
00960	¿Mil yenes son suficiente?	1000日元够不够？
00961	Esta foto fue tomada en Nara.	这张照片是在奈良市拍的.
00962	Es muy tarde ahora.	现在太迟了。
00963	Ya pasó lo peor.	最坏的已经过去了。
00964	No tengo computadora en casa.	我家没有电脑。
00965	No hay sal.	没有盐。
00966	Las armas no matan gente. La gente mata gente.	枪不会杀人。人才会杀人。
00967	No me gusta el café.	我不喜欢咖啡。
00968	No lo he visto por años.	我有些年没见过他了。
00969	Ayer el despertador no sonó y Kurt no se despertó.	昨天闹钟没响，Kurt也就没醒过来。
00970	Nancy parece cansada.	Nancy看上去很累。
00971	¡Cuídate, y diviértete!	你自己小心，玩得开心点！
00972	Prefiero ser pobre a ser rico.	我更愿意贫穷而不是富裕。
00973	Ayer fui a Disneyland.	昨天我到迪士尼乐园。 / 昨天我去了迪士尼乐园。
00974	¡Es una buena idea!	真是个好主意！
00975	Tom es el capitán de este equipo de béisbol.	汤姆是这个棒球队的队长。
00976	Él parece rico.	他看起来很有钱。
00977	¿Tienes dos ordenadores?	你是不是有两台电脑？ / 你有两台电脑吗？
00978	Pekín es la capital de China.	北京是中国的首都。
00979	Quiero una taza de té.	我想要一杯茶。
00980	Ella es muy guapa.	她十分漂亮。
00981	Ella es guapísima.	她十分漂亮。
00982	En estos momentos ella está muy ocupada, no puede hablar contigo.	她现在很忙，不能和你谈话。
00983	Hay una naranja sobre la mesa.	桌上有一只橙子。
00984	Japón es un bonito país.	日本是个美丽的国家。
00985	Él parecía preocupado por su salud.	他看起来很担心自己的健康。
00986	Estoy un poco cansado.	我有点累。
00987	Mi mujer está intentando dormir.	我的妻子在试图睡觉。
00988	Un tigre se ha escapado del zoo.	一只老虎逃出了动物园。
00989	Esta tarde tengo dos horas de clase de inglés y dos horas de clase de chino.	今天下午我有两个小时的英语课和两个小时的汉语课。
00990	El profesor me recomendó leer a Shakespeare.	老师建议我读莎士比亚。
00991	Sé jugar al tenis.	我会打网球。
00992	Cuando ella era pequeña cantaba bien.	她小时候唱歌唱得很好。
00993	Volveré.	我会回来的。
00994	¿Cuánto cuesta este sofá?	这个沙发多少钱?
00995	Te echo mucho de menos.	我非常想你。
00996	¿Puedes enseñarme a robar?	你能教我偷东西吗?
00997	Me la encontré de camino a la escuela.	我在上学的路上遇见了她。
00998	Yo la quiero y ella me quiere.	我爱她，她也爱我。
00999	Estoy bien, gracias.	我很好，谢谢。
01000	Él no vive en mi barrio.	他跟我不住在一个小区。
01001	Él es mi hermano.	他是我兄弟。
01002	Es mi hermano.	他是我兄弟。
01003	Volveré en seguida.	我很快就会回来。
01004	Yo le llamo Mike.	我叫他麦克。 / 我叫他迈克。
01005	Él me hizo dos preguntas.	他问了我两个问题。
01006	China es mucho más grande que Japón.	中国比日本大得多。
01007	¿Has apagado la luz del salón?	你关了客厅的灯了吗？
01008	El número de automóviles circulando en la ciudad se ha incrementado.	城市里的机动车数量增加了。
01009	Somos estudiantes.	我们是学生。
01010	Ella se casó con un hombre rico.	她嫁给了一个有钱人。
01011	Nací y crecí en Tokio.	我在东京出生长大。
01012	John ha engordado mucho últimamente.	约翰最近胖了很多。
01013	No estoy de acuerdo contigo.	我无法同意你的观点。
01014	Graham Greene es mi escritor favorito.	格雷厄姆格林是我最喜欢的作家。
01015	Muchos de los obreros murieron de hambre.	许多工人死于饥饿。
01016	Este escándalo le ha costado su reputación.	丑闻让他付出了失去声誉的代价。
01017	Ichiro irá a Nagoya por primera vez.	Ichiro第一次要去名古屋。
01018	En Londres hay muchos parques bonitos.	伦敦有很多漂亮的公园。
01019	¿Cuánto cuesta esta radio?	这台收音机多少钱？
01020	Se dice que Ann es su líder.	据说，安是他们的领导。
01021	El fuego es muy peligroso.	火非常危险。
01022	¿Quieres beber té o café?	你想喝茶还是喝咖啡？
01023	Me gusta este perro.	我喜欢这只狗。
01024	Parece un huevo.	这看上去像个蛋。
01025	Por favor, sígame.	请跟我来。
01026	Eres más alto que yo.	你比我高。
01027	¿Te has perdido?	你迷路了吗？
01028	Puede que usted no lo encuentre.	您可能找不到。
01029	Ya he visto esta película.	我已经看过这部电影了。
01030	Te quiero mucho.	我很爱你。 / 我非常爱你。
01031	Yo no vi nada.	我甚么都没见到。
01032	Ella nos gusta a todos.	我们都喜欢她。
01033	Tenemos cinco tipos de kebab.	我们有五种烤肉串。
01034	Últimamente estoy muy ocupado.	我最近很忙。
01035	Hasta mañana.	明天见。
01036	Él murió ayer.	他昨天死了。 / 他昨天去世了。
01037	¡No quiero volver a verte!	我不想再见到你！
01038	Me tomé dos tazas de café.	我喝了两杯咖啡。
01039	¿Puedes cantar esta canción?	你会唱这首歌吗？
01040	No está tan lejos.	不是那么远。
01041	Picasso pintó este cuadro en 1950.	毕加索在1950年画了这幅画。
01042	Él le da todo lo que pide.	她想要甚么，他就给她甚么。
01043	Parece que hoy estás muy contento.	你今天似乎很高兴。
01044	Lamento llegar tarde.	对不起我来晚了。
01045	Estoy demasiado ocupado para ir.	我太忙了不能去。
01046	Volveré en unos minutos.	我几分钟后回来。
01047	Me gustaría ir a Londres.	我想要去伦敦。
01048	Sólo estoy mirando.	我只是随便看看。
01049	¿Cuántas manzanas quieres?	你要几个苹果？
01050	Soy traductor.	我是个翻译。
01051	Mary nada igual de rápido que Jack.	Mary游得和Jack一样快。
01052	¿Necesitas nuestra ayuda?	你需要我们的帮助吗？
01053	Mi corazón dejó de latir.	我的心脏停止了跳动。
01054	¿Has venido aquí sola?	你是一个人来这儿的吗？
01055	Ésa es la oficina en la que trabaja.	那是他工作的办公室。
01056	Me temo que va a llover.	我怕会下雨。
01057	Crucemos la calle.	我们过马路吧。 / 我们过街吧。
01058	No me gusta el verano.	我不喜欢夏天。
01059	Él teme equivocarse.	他很怕出错。
01060	Me senté a su lado.	我坐在他旁边。
01061	Él está leyendo un libro.	他在看书。
01062	¿De quién es esta guitarra?	这把吉他是谁的？
01063	¿Qué es el amor?	爱是什么？
01064	Tu cuenta esta vacía.	你的账户空了。
01065	La película duró 2 horas.	这部电影放了两小时。
01066	¿A qué hora sale el primer tren?	第一班火车什么时候出发？
01067	Me llamo Andrea.	我叫Andrea。
01068	Ayer fui allí.	我昨天去那儿了。
01069	Hoy he visto una estrella.	今天我看见了一颗星。
01070	Soy yo.	是我。
01071	¿Cuándo empieza?	什么时候开始？
01072	La televisión no funciona.	电视坏了。 / 电视机坏了。
01073	Estos perros son grandes.	这些狗很大。
01074	Enciende la luz, por favor.	请开灯。
01075	Él ya es un hombre.	他已经是个男人了。
01076	Firmé el documento.	我签署了文件。 / 我签了文件。
01077	Mi hermana está casada.	我姊姊结婚了。
01078	Mi madre está ocupada preparando la cena.	妈妈正在忙著做晚饭。
01079	Él tiene que hablar inglés.	他必须说英文。
01080	He perdido mi llave.	我丢了我的钥匙。
01081	¡Empecemos!	我们开始吧！
01082	Su hijo tiene ocho años.	他的儿子今年八岁。
01083	Él ha escrito dos libros.	他写了两本书。
01084	Betty la mató.	贝蒂杀了她。
01085	Betty lo mató.	贝蒂杀了他。 / Betty杀了他。
01086	¿Por qué no?	为什么不？
01087	Es de Francia.	她是法国的。
01088	En ese momento estaba viendo la tele.	那时我正在看电视。
01089	Ese puente no es largo.	那座桥不长。
01090	Él la quiere.	他爱她。
01091	Ella habla diez lenguas.	她会十门语言。
01092	Él se suicidó.	他自杀了。
01093	¿Y nadie te ayudó?	那没人帮你吗？
01094	Ella irá a Francia la semana próxima.	她下周要去法国。
01095	Ahora no tengo ganas de salir.	我现在不想出去。
01096	¿Ella irá a los Estados Unidos el año próximo?	她明年会去美国吗?
01097	Soy de Zambia.	我来自赞比亚。
01098	La curiosidad mató al gato.	好奇害死猫。
01099	Vivo en Milán.	我住在米兰。
01100	No puedo ir, y tampoco quiero.	我去不了，也不想去。
01101	¿No son ingleses?	他们不是英国人吗？
01102	¿Dónde nació Tom?	Tom在哪里出生的？
01103	A él le gusta el jazz y a mí también.	他喜欢爵士乐，我也是。
01104	¿Hay azúcar?	有没有糖？
01105	Él es su amigo.	他是他朋友。
01106	¿Ellos vivían aquí?	他们住在这里吗？ / 他们从前住这吗？
01107	No hagas preguntas tan difíciles.	别问这么难的问题。
01108	Él siempre llega tarde a la escuela.	他上学一直迟到。
01109	Veo la televisión.	我看电视。
01110	Su tía tiene tres gatos.	他的阿姨有三只猫。
01111	¿Cuánto mides?	你多高？ / 你有多高？
01112	Ella no parece feliz.	她看起来不幸福。
01113	"¿Qué hora es?" "Son las diez y media."	"几点了?""10点半了。"
01114	¿Cómo serían nuestras vidas sin electricidad?	如果没有电，那我们生活会怎样?
01115	¿Qué necesita?	您需要什么？
01116	¿Alguna vez has comido un pastel de plátano?	你吃过香蕉派吗？
01117	Él me ha comprado un nuevo diccionario.	他买给我一本新字典。
01118	La historia se repite.	历史自会重演。
01119	Ésa es la cámara de fotos de mi hermana.	那是我妹妹的照相机。
01120	Nosotros estudiamos música.	我们学习音乐。
01121	Tenemos suficiente tiempo.	我们来得及。
01122	Las naranjas contienen mucha vitamina C.	柳丁含有大量的维生素 C。 / 柳橙富含维他命 C。
01123	Lo sé todo.	我什么都知道。 / 我都知道了。
01124	Nos reunimos aquí una vez por semana.	我们每周在这儿聚一次。
01125	¿Tienes dos libros?	你有两本书吗？
01126	Su bicicleta es azul.	他的自行车是蓝色的。
01127	Últimamente estoy muy ocupada.	我最近忙得很。 / 我最近很忙。
01128	¿Qué quieres desayunar?	你早饭想吃什么?
01129	¿Qué quieres tomar para desayunar?	你早饭想吃什么?
01130	Tienen dos hijos y una hija.	他们有两个儿子和一个女儿。
01131	Ayer no estábamos en casa.	我们昨天不在家。
01132	Soy un buen cocinero.	我是个好厨师。
01133	Tengo un hermano.	我有个弟弟。
01134	Ellos se están lavando las manos.	他们正在洗手。
01135	¿Ventana o pasillo?	窗户还是走廊？
01136	Mi hermana es más baja que tú.	我妹妹比你矮。
01137	Escuché, pero no oí nada.	我听了，但什么也没听到。
01138	Lo has hecho muy bien.	你干得很好。
01139	Esto es un mapa.	这是一幅地图。
01140	El invierno es la estación más fría del año.	冬天是一年之中最冷的季节。
01141	La religión es el opio del pueblo.	宗教是人民的鸦片。
01142	Nuestro trabajo está casi terminado.	我们的工作快完成了。
01143	Ayer hacía calor.	昨天的天气很热。 / 昨天很热。
01144	¿Tienes una cámara?	你有照相机吗？
01145	No hable tan rápido, por favor.	请不要说得那么快。
01146	Ann es una niña pequeña.	Ann 是一个小女孩。
01147	Necesitamos dinero.	我们需要钱。
01148	Mi tío me dio un regalo.	我叔叔给了我一份礼物。
01149	Ella me dio varios libros.	她给了我几本书。
01150	Me llamo Farshad.	我的名字是法尔撒特。
01151	¿Quién corre más rápido, Yumi o Keiko?	谁跑得更快，Yumi还是Keiko？
01152	Papá siempre le está animando.	爸爸一直都在鼓励他。
01153	¡Déjalo!	放下！
01154	Hoy no he comido.	我今天没吃午餐。
01155	Vengo de Brasil.	我来自巴西。
01156	Tatoeba: únete al lado oscuro. Tenemos galletas de chocolate.	Tatoeba:加入黑暗的一面。我们有巧克力饼干。 / Tatoeba：加入黑暗的一面。我们有巧克力曲奇饼。
01157	En Tatoeba siempre tienes que escuchar a los miembros con más experiencia. Te dirán lo que no se puede hacer y por qué. Entonces hazlo.	在Tatoeba，你必须总是倾听资深成员。他们会告诉你什么不能做，以及为什么。然后你去做。
01158	Tatoeba: Donde las oraciones son siempre oraciones, menos cuando no lo son.	Tatoeba:句子永远是句子，除非他们不是。
01159	El mundo es un libro, y aquellos que no viajan leen sólo una página.	世界是本书，不旅游的人只看了一页。
01160	Me baño todos los días.	我每天都洗个澡。
01161	Ken está ocupado esta tarde.	Ken今天下午很忙。
01162	¿En qué estás pensando?	你正在想什么？
01163	Estás cansado, ¿verdad?	你累了，不是吗？
01164	Tienes que irte.	你们得走了。
01165	¿Qué te gusta?	你喜欢什么？
01166	Nunca estarás solo.	你永远不会孤身一人的。
01167	Nunca estarás sola.	你永远不会孤身一人的。
01168	Eres muy valiente.	你非常勇敢。
01169	Pareces muy cansado.	你看上去非常累。
01170	¿Lo has terminado?	你做完了吗?
01171	¿Quién es tu profesor?	谁是你老师？
01172	No puedo hacerlo.	我无法做到这一点。
01173	Estoy muerto de cansancio.	累死我了。
01174	Estoy muerta de cansancio.	累死我了。
01175	Soy japonés, pero no vivo en Japón.	我是日本人，但不住在日本。
01176	Mi idioma materno es el español.	我的母语是西班牙语。
01177	Mi lengua materna es el español.	我的母语是西班牙语。
01178	El dragón es una criatura imaginaria.	龙是人幻想出来的生物。
01179	Las desgracias nunca vienen solas.	祸不单行。
01180	Es la oveja negra de la familia.	他是家族中的异类。
01181	Milan Kundera es mi escritor favorito.	米兰·昆德拉是我最喜欢的作家。
01182	Mi número de teléfono es 789.	我的电话号码是789。
01183	¿Cuántos chicos hay en esta clase?	这个班有多少男生？
01184	Ayer fui al zoo.	我昨天去了动物园。
01185	La auto-ayuda es la mejor ayuda.	自助是最好的帮助。
01186	¡Yo también quiero saber!	我也想知道。
01187	Ayúdame.	帮我一下。
01188	John hizo una estantería.	琼做了一个架子。
01189	No me gusta esta chaqueta.	我不喜欢那件夹克。
01190	"¿Quién es esa chica?" "Es Keiko."	"那个女孩是谁？" "那是惠子。"
01191	¿Dónde estamos?	我们在哪儿？
01192	Buenos días, Mike.	早安，迈克。
01193	Voy a ir a París en otoño.	我秋天要去巴黎。
01194	Ella le pidió que abriera la ventana.	她要求他打开窗户。
01195	No bebas nada de alcohol.	不要喝酒。
01196	No bebáis nada de alcohol.	不要喝酒。
01197	Mi padre sólo tiene quince años.	我爸爸只有十五岁。
01198	Si mañana hace buen tiempo iremos de picnic.	如果明天天气好，我们就去野餐。
01199	Ella va al colegio a pie.	她走路去上学。
01200	Pídele a tu padre que te ayude.	请你父亲帮你。
01201	Todos se rieron de mí.	大家都笑我。
01202	Ella se puso roja.	她脸红了。
01203	Es una pérdida de tiempo y de dinero.	这是在浪费时间和金钱。
01204	Vamos al colegio a aprender.	我们去学校是为了学习。
01205	A menudo jugaba al béisbol cuando era joven.	我年轻的时候常常去打棒球。
01206	Carl me enseñó la medalla de oro.	Carl 给我看了那金牌。
01207	No me molestes cuando estoy estudiando.	我学习的时候不要打扰我。
01208	Nadie está trabajando. Todos están viendo la Copa del Mundo.	谁也不工作。大家在看世界杯。
01209	Puedes ir allí en barco.	你可以坐船去那。
01210	Lloramos cuando estamos muy tristes.	我们非常难过的时候就会哭。
01211	¿Cuánto tiempo has estado esperando?	你等了多久?
01212	Ayer él no fue a la escuela.	他昨天没来上学。
01213	El 15 de marzo será mi último día de escuela.	3月15日将是我最后一天上学的日子。
01214	Mamá, ¿dónde está mi pañuelo?	妈妈，我的手帕在哪里？
01215	Éste es el mejor restaurante que conozco.	这是我知道的最好的餐馆。
01216	Él es mi padre.	他是我父亲。
01217	"¿Te gustan las serpientes?" "Claro que no."	“你喜欢蛇吗？”“当然不喜欢。”
01218	Ése es mi gato.	那是我的猫。
01219	Es tu libro.	它是你的书。
01220	Ellos se sentaron al lado del fuego.	他们在篝火旁坐下。
01221	Ese autor italiano no es muy conocido en Japón.	那个意大利作家在日本不太出名。
01222	Estoy escribiendo una carta.	我正在写一封信。
01223	Mi deporte favorito es el fútbol.	足球是我最喜欢的运动。
01224	Ella no es nada egoísta.	她并不自私。
01225	Yo querría ir a Francia.	我想要去法国。
01226	No me gustan las novelas sin héroes.	我不喜欢没有英雄的小说。
01227	Tengo que ir a comprar.	我必须去买东西。
01228	Corro todos los días.	我每天跑步。
01229	Hay una manzana sobre la mesa.	桌上有个苹果。
01230	Él no es estadounidense.	他不是美国人。
01231	Me gusta el tenis.	我喜欢网球运动。 / 我喜欢网球。
01232	¿De quién es esta bicicleta?	这辆自行车是谁的？
01233	Él escribió una carta.	他写了一封信。
01234	¿Ya has comido?	吃过了没？
01235	Hola, soy Sepideh.	你好，我是塞皮德。
01236	Tienes dos libros.	你有两本书。
01237	Quiero ir contigo.	我想和你一起去。 / 我想要和你一起去
01238	Grace todavía no ha venido.	葛蕾丝还没有来。
01239	¿Y tú?	你呢？
01240	Me haces feliz.	你让我幸福。
01241	Me casé hace 8 años.	我8年前就结婚了。
01242	Estudio inglés todos los días.	我每天学英语。
01243	Ella está enfadada conmigo.	她跟我生气了。
01244	Ésta es la casa que construyó Jack.	这是杰克建造的房子。
01245	Todos los animales son iguales, pero algunos son más iguales que otros.	所有的动物都是平等的，但是有的动物比别的动物更平等。
01246	Soy gay.	我是同志。
01247	Un hombre feo llamó a mi puerta.	一个丑男人敲了我的门。
01248	No tengo mucho tiempo.	我时间不多。
01249	Él es un novelista y un poeta.	他是一位小说家和诗人。
01250	Él es novelista y poeta.	他是一位小说家和诗人。
01251	Él se emborrachó a base de cerveza.	他喝啤酒喝醉了。
01252	Tengo un libro.	我有一本书。
01253	Él estudia chino.	他学习汉语。
01254	No está lejos de aquí.	离这里不远。
01255	Buenos días a todos.	大家早上好。
01256	¿Cuánto cuesta un kilo de plátanos?	一公斤香蕉多少钱? / 香蕉多少钱一公斤？
01257	Ella me conoce.	她认识我。
01258	Él murió en la guerra.	他在战争中牺牲了。 / 他死在了战场上。
01259	Visité a Dan.	我拜访了Dan。
01260	¿Tienes este nuevo libro?	你有这本新书吗？
01261	Ella gritó cuando vio la serpiente.	她看见一条蛇的时候，叫了起来。
01262	No respondí a tu carta porque estaba muy ocupado.	我是因为太忙，所以才没有回信给你的。
01263	¡Buenas noches!	晚上好。 / 晚安！
01264	Es feliz.	他很高兴。
01265	Ésa es la casa donde nací.	那房子是我出生的地方。
01266	Ella se despertó.	她醒了。
01267	Si quieres, puedes ir.	如果你要你可以去。
01268	Vivo en Japón.	我在日本居住。
01269	¿Tienes coche?	你有车吗？
01270	Esperé a mi amigo durante media hora, pero no apareció.	我等了我朋友半个小时，但是他还是没出现。
01271	Yo fumaba cuando era joven.	我在年轻的时候抽烟。
01272	Hoy la temperatura subió hasta 30 grados centígrados.	今天的气温上升到了30摄氏度。
01273	Corro.	我跑。
01274	Mi amigo George va a venir a Japón este verano.	我朋友George今年夏天要来日本。
01275	Como estoy enfermo, no iré con vosotros.	我病了，那我就不跟你们一起了。
01276	¿Mamá está regañando al caballo?	妈妈骂马吗？
01277	Todavía no ha respondido a mi carta.	他还没回我的信。
01278	La semana pasada ella dio a luz a una hermosa niña.	上周她生了个漂亮的女孩。
01279	Ojalá tuviera mucho dinero.	我希望我有很多钱。
01280	Pero yo quiero un coche.	但我想要一部车。
01281	¿Venden cuadernos en esa tienda?	那家店卖笔记本吗？
01282	¿Debería ir?	我该去吗?
01283	Este balón es el tesoro de ese niño.	这个球是那个男孩的宝贝。
01284	¡Dame más leche!	给我多一点牛奶！
01285	¿Dónde está mi coche?	我的车在哪儿?
01286	La estación de tren está en el centro de la ciudad.	火车站在市中心。
01287	Él viene de Inglaterra.	他来自英格兰。
01288	¿Eres nuevo?	你是新来的吗？
01289	Es una gran idea.	这是一个好主意。
01290	Ella se toma una botella de leche cada mañana.	她每天早上都会喝一瓶牛奶。
01291	No soy una oración. Deberían borrarme de Tatoeba.	我不是一个句子。我应该从Tatoeba当中被删除掉。
01292	¿Toca ella el piano?	她会弹钢琴吗？
01293	Ahora estoy libre.	我现在有空了。
01294	No sé si lloverá mañana.	我不知道明天会不会下雨。
01295	Soy más bello que tú.	我比你更漂亮。
01296	Aunque estaba cansada, siguió trabajando.	虽然她很累了，她还是继续工作。
01297	¡Usted también debería ir!	您也该去！
01298	Estudias inglés.	你学习英文。
01299	Todo el mundo lo sabe.	那件事谁都知道。
01300	¿Qué está haciendo Ken?	肯恩现在在做什么？
01301	Ella nos dio un regalo.	她给了我们一个礼物。
01302	Puede que ya hayas leído este libro.	你可能已经看过这本书。
01303	Estos libros son nuevos.	这些书是新的。
01304	Me gusta cantar.	我喜欢唱歌。
01305	Soy un poco más alto que tú.	我比你高一点。
01306	Soy un poco más alta que tú.	我比你高一点。
01307	Cierra la puerta al salir.	出去的时候把门关上。
01308	Quiero que me digas la verdad.	我想要你把真相告诉我。 / 我想你把真相告诉我。
01309	Los animales tienen miedo del fuego.	动物怕火。
01310	A él le encanta su escuela.	他非常喜欢他的学校。
01311	No me gustan los pobres, sólo piensan en el dinero.	我不喜欢穷人，他们只想着钱。
01312	¿Por qué estudias?	你为什么学习？
01313	No tengo este libro.	我没有这本书。
01314	¡Calla esa boca!	闭嘴！
01315	Hoy tengo muchas cosas que hacer.	我今天有很多事要做。
01316	¿Cuándo trabajas?	你什么时候上班？
01317	No lo conocemos.	我们不认识他。
01318	Él está hablando por teléfono.	他正在打电话。
01319	Me han robado el pasaporte.	我护照被偷了。 / 我的护照被人偷了。 / 我护照给偷了。
01320	¿Le gustan las naranjas?	他喜欢橙子吗？ / 您喜欢橙子吗？
01321	Él está lleno de energía.	他充满活力。
01322	El perro de Ken es muy grande.	Ken的狗很大。 / 肯的狗很大。
01323	Aquí es donde suelen cenar.	这儿是他们通常吃晚饭的地方。
01324	¿Ayer jugaste al tenis?	你昨天打网球了吗？ / 你昨天有打网球吗？
01325	No tenemos tiempo.	我们没时间。
01326	No sé quién es.	我不知道他是谁。
01327	A veces sueño con mi madre.	有时我梦见我的母亲。
01328	Ojalá fuera más alto.	我希望我比较高。
01329	Ojalá fuera más alta.	我希望我比较高。
01330	Perdone, me he perdido.	对不起，我迷路了。
01331	No estaré en casa el domingo que viene.	我下周日不在家。
01332	Me preocupo por él.	我担心他。
01333	Sabía que vendrías.	我就知道你会来。
01334	Soy muy feliz.	我很快乐。
01335	Tiene tres hijos.	他有三个儿子。 / 她有三个孩子。
01336	Vivo en una gran ciudad.	我住在一个大城市里。 / 我住在大城市。
01337	Está haciendo un dibujo.	他正在画一幅画。
01338	Algunos amigos míos hablan bien inglés.	我的一些朋友英语说得很好。
01339	Tu respuesta es correcta.	你的回答是正确的。
01340	Amo la naturaleza.	我爱大自然。
01341	Él tiene un auto.	他有辆车。
01342	Este niño sabe contar hasta 20.	这孩子能数到20。
01343	Sólo lo he visto una vez.	我只见过他一次。
01344	Ésta es la última vez.	这是最后一次。
01345	Hemos llegado muy rápido, ¿verdad?	我们很快就到这儿了，不是吗？
01346	Algunas personas van a la iglesia los domingos por la mañana.	有些人周日早上去教堂。
01347	¿Has terminado de leer esa novela?	你读完那本小说了吗？
01348	Cuando yo tenía 10 años mi hermano se fue de casa.	在我十岁的时候，我哥哥离家出走了。
01349	¿El mes pasado fue noviembre?	上个月是十一月吗？
01350	Estará en casa mañana.	他明天会在家。
01351	El año pasado nevó mucho.	去年下了很多雪。
01352	Tengo dieciséis años.	我16岁了。
01353	Ella no me ha dicho su nombre.	她没有告诉我她的名字。
01354	Mi tío vive cerca de la escuela.	我叔叔住在学校附近。
01355	No es mi culpa.	不是我的错。
01356	De antemano le agradezco su ayuda.	我先谢谢你的帮忙。
01357	¿Qué respondiste?	你回答了什么？
01358	Puedo andar a caballo.	我能骑马。
01359	No puedo aceptar este regalo.	我不能收下这个礼物。
01360	¿Te interesa la política?	你对政治感兴趣吗？
01361	Tengo ganas de llorar.	我想哭。
01362	¡Qué alto eres!	你真高啊！
01363	Tengo un hermano mayor y una hermana pequeña.	我有一个哥哥和一个妹妹。
01364	Volverá.	他会回来的。
01365	Conocí a tu madre en Facebook. Así que, si Facebook no existiera, tú tampoco existirías, angelito mío.	我是在 Facebook 认识你妈妈的。所以，如果没有 Facebook，你也不会在这个世界上了，我的小宝宝。
01366	Siempre estás viendo la televisión.	你一直在看电视。
01367	Aceptaremos tus condiciones.	我们接受你的条件。
01368	No es culpa mía.	不是我的错。
01369	¿Tu escuela está en esta ciudad?	你的学校在这个城市吗？
01370	Me gusta el jazz.	我喜欢爵士乐。
01371	Sé dónde vives.	我知道你住哪儿。
01372	¿Sabes dónde vive?	你知道他住在哪里吗？
01373	Conozco el nombre de este animal.	我知道这种动物的名字。
01374	Este autobús te llevará al museo.	这辆公车会载你去博物馆。
01375	Escriba su nombre con lápiz, por favor.	请用铅笔写下你的名字。
01376	Encantado de conocerte.	很高兴认识你。
01377	No empieza antes de las ocho y media.	8点半之前不会开始。
01378	¡Lo has hecho!	你做到啦！
01379	Él es lo suficientemente mayor para viajar solo.	他够大了，可以独自旅行了。
01380	Esta escuela tiene más chicas que chicos.	这间学校女孩比男孩多。
01381	Siempre está estudiando.	他总是在读书。
01382	La policía está investigando el asesinato.	警方正在调查那起谋杀案。
01383	Hay muchos terremotos en Japón.	日本地震很多。 / 日本有许多地震。
01384	"¿Quién es?" "Soy yo."	「是谁？」「是我。」
01385	Me gustaría ver a tu hermana.	我想见你的姐姐。
01386	Mi hijo es más alto que yo.	我儿子比我高。
01387	Éste es mi perro.	这是我的狗。
01388	Dame el libro.	给我这本书。
01389	Tenemos dos orejas.	我们有两只耳朵。
01390	Ella tiene mucho trabajo que hacer.	她有很多事要做。
01391	Este pájaro no puede volar.	这只鸟不能飞。
01392	No llegues tarde.	不要迟到。
01393	Tres niños estaban jugando en el parque.	有三个小孩儿在公园里玩儿.
01394	El perro es el mejor amigo del hombre.	狗是人最好的朋友。
01395	Te haré feliz.	我会让你幸福的。
01396	Mi abuelo murió hace cinco años.	我祖父五年前去世了。
01397	Los tres somos estudiantes.	我们三个都是学生。
01398	Conozco a tu padre.	我认识你爸爸。
01399	Compré dos botellas de leche.	我买了两瓶牛奶。
01400	El cielo es azul.	天空是蓝色的。
01401	¿Tienes papel?	你有纸吗？
01402	Tenemos dos hijas.	我们有两个女儿。
01403	Él viene aquí dos veces por semana.	他一周来这儿两次。
01404	Ella me llama Kenji.	她叫我贤治。
01405	Tenéis muchos libros.	你们有很多书。
01406	¿Cuál es tu grupo sanguíneo?	你的血型是什么？
01407	El amor es verla en tus sueños.	爱便是在你的梦中梦见她。
01408	Él vive allí solo.	他一个人住在那儿。
01409	Es imposible.	这不可能。 / 这是不可能的。
01410	Deberías comprar un coche nuevo.	你该买辆新车了。 / 你该买一辆新车了。
01411	¿Cómo se pronuncia esta palabra?	这个词怎么发音？
01412	Los domingos nunca estoy en casa.	我周日从来都不在家。
01413	Todas las mañanas se va a dar un paseo.	他每天早上都散步。
01414	Papá no está en casa.	父亲不在家。
01415	El próximo verano quiero ir a Hawái.	明年夏天我想去夏威夷。
01416	Nevó mucho ayer por la noche.	昨天晚上下大雪了。
01417	Mi casa está cerca de la estación.	我家离车站很近。
01418	Mi casa está cerca de la estación de tren.	我家离火车站很近。
01419	Oí a los niños cantar.	我听见男孩们唱歌。
01420	¿No estás cansada?	你不累吗？
01421	Todos te están esperando.	所有人都在等你。 / 大家都在等你。
01422	¿Estaban ocupados la semana pasada?	上周他们很忙吗？
01423	Ella vino a verme el otro día.	那天她来看我了。
01424	Te oigo, pero no te veo.	我听得见你，但我看不见你。
01425	Hoy es domingo.	今天是星期日。
01426	El bebé todavía no puede andar.	那个婴儿还不会走路。
01427	Compré un libro.	我买了一本书。
01428	¿Quién está tocando la guitarra?	谁在弹吉他？
01429	Las manzanas son rojas.	苹果是红色的。
01430	Parece estar muy feliz.	他好像十分高兴。
01431	Me gusta viajar solo.	我喜欢独自旅行。
01432	Mañana estaré ocupado.	我明天会很忙。
01433	¿Viajáis mucho?	你们经常旅行吗？
01434	Esto es lo que compré en España.	这就是我在西班牙买的东西。
01435	Su hijo se llama John.	他们儿子的名字是约翰。
01436	¿Quién te crees que soy?	你把我当什么啦？
01437	Ellos se han bebido dos botellas de vino.	他们喝了两瓶酒。
01438	Xiao Ming todavía no sabe adónde irá el año que viene.	小明还不知道他明年去哪儿。
01439	Espere cinco minutos, por favor.	请稍等五分钟。
01440	Déjalo encima de la mesa.	把它放在桌上。
01441	¿Usted sabe montar a caballo?	您会骑马吗？
01442	A pesar de haber estudiado chino durante dos años, todavía hay muchos caracteres que no conozco.	虽然我学了两年中文，但是我还是有很多字不认识。
01443	Estoy preocupado por ti.	我很担心你。
01444	¿Vives en Tokio?	你住在东京吗？
01445	Bob es mi amigo.	Bob是我朋友。
01446	Yumi fue allí sola.	由美一个人去了那里。
01447	¡Hola a todos!	大家好。 / 大家好！
01448	Empiezo a trabajar el uno de julio.	我7月1日开始工作。
01449	Wang Lao Ji no es una cerveza, es té.	王老吉不是啤酒，是茶。
01450	¿Está durmiendo?	他在睡觉吗?
01451	A menudo tengo pesadillas.	我经常做噩梦。
01452	Hay un libro sobre la mesa.	桌子上有本书。
01453	Necesito una bicicleta nueva.	我需要一辆新自行车。
01454	El inglés es difícil, ¿verdad?	英语很难，不是吗？
01455	Dilo en inglés.	用英语说。
01456	Ayer vio a un hombre alto.	她昨天看见一个高大的男人。
01457	Ella juega al tenis todos los días.	她每天都打网球。
01458	¿Tienes un móvil?	你有手机吗？
01459	¿Me oyes?	你听得见吗？
01460	El sábado llegó a Kioto.	他周六到达京都。
01461	Espere aquí, por favor.	请在这稍等。
01462	Recibí una carta de un amigo.	我收到了朋友的一封信。
01463	Necesito su ayuda.	我需要他的帮助。
01464	Los veranos son muy calurosos en Kioto.	京都的夏天很热。
01465	No debería confiar en este hombre.	您不该相信这个男人。
01466	Los peces viven en el mar.	鱼生活在海里。
01467	¿De dónde venían?	他们从哪儿来的？
01468	Mi vida estaba en peligro.	我的生命有危险。
01469	¿Por qué has pintado de rojo el banco?	为什么你把长凳漆成红色了？
01470	¿Por qué lloras?	你为什么哭？
01471	Mi padre tiene cincuenta años.	我父亲五十岁了。
01472	Ella me hizo una pregunta.	她问了我一个问题。
01473	Lávate los pies.	洗你的脚。
01474	¿Te gustan los gatos negros?	你喜欢黑色的猫吗？
01475	Él cantó una canción.	他唱了一首歌。
01476	¿Cuánto mides y cuánto pesas?	你多高多重？
01477	Puede que tengas razón.	你可能是对的。
01478	Tom todavía no sabe nadar.	汤姆还不会游泳。
01479	Tu perro está muy gordo.	你的狗非常胖。
01480	Bienvenido a casa.	欢迎回家。
01481	Bienvenida a casa.	欢迎回家。
01482	Lo que dices no tiene sentido.	你说的没有意义。
01483	Estoy buscando trabajo.	我在找工作。
01484	Ella empezó a cantar.	她开始唱歌了。
01485	Él es un buen estudiante.	他是个好学生。
01486	Siempre estás cantando.	你总是在唱歌。
01487	No entiendo lo que quiere decir.	我不明白您想说什么。
01488	No tenemos azúcar.	我们没有糖。
01489	Él es una buena persona.	他是个好人。
01490	Él tiene que reparar el reloj.	他要修理一下这个钟。
01491	Perdóname amor mío.	原谅我，我的爱。
01492	Ella es mi primer amor.	她是我的初恋。
01493	Volví a Japón.	我回到了日本。
01494	Ella me tomó por mi hermano.	她把我误认为是我的兄弟。
01495	Soy más bajo que tú.	我比你矮。
01496	¿Puedes enseñarme a volar?	你能教我飞吗?
01497	Él se casó con mi hermana.	他和我妹妹结婚了。
01498	Si lo hubiera sabido os lo habría dicho.	如果我知道的话，我早就已经告诉你了。
01499	Un gato estaba sentado en la silla.	有只猫坐在椅子上。
01500	Mi departamento está en el cuarto piso.	我的公寓在四楼。
01501	¿Puedo ayudarte?	我可以帮助你吗？ / 我可以帮你吗 ? / 我能帮你吗 ?
01502	Su sueño es visitar París.	她的梦想是参观巴黎。
01503	Él es el bebé de la familia.	他是家里的宝贝。
01504	"Michael" es nombre de hombre, pero "Michelle" es nombre de mujer.	“迈克尔”是一个男名，但是“米歇尔”是一个女名。
01505	El domingo pasado no salí.	上周日我没有出去。
01506	Ésta es una tradición turca.	这是个土耳其的传统。
01507	Ese niño se parece mucho a su papá.	那男孩长得很像他父亲。
01508	No se conocen muy bien.	他们不太认识对方。
01509	Hemos consumido todos los recursos naturales.	我们消耗了所有的自然资源。
01510	Enciende la televisión, por favor.	请开一下电视。
01511	Por favor, responde a mi pregunta.	请回答我的问题。
01512	No hables en japonés.	不要说日语。
01513	Su hijo es un genio.	她儿子是个天才。
01514	Somos jugadores de fútbol.	我们是足球运动员。
01515	Alice sonrió.	爱丽丝笑了。
01516	Mi gato murió ayer.	我养的猫昨天死了。
01517	Él murió antes de que llegara.	他在我来到之前就死了。
01518	Lo he comprado.	我买了。
01519	Lo compré.	我买了。
01520	¡No dejes que ese perro se me acerque!	你别让那只狗靠近我！
01521	Hay un melón sobre la mesa.	桌上有个哈密瓜。
01522	La voz de Tony es agradable.	Tony的声音好听。
01523	¿Cuántas manzanas?	几只苹果？ / 多少苹果？
01524	Tengo un coche.	我有一辆车。
01525	¿A qué hora te fuiste a dormir ayer por la noche?	你昨晚几点睡的？
01526	¿Cuántas escuelas hay en vuestra ciudad?	你们城市有多少个学校？
01527	Normalmente desayuno aquí.	我一般在这儿吃早饭。
01528	Ella tenía ganas de volver a verle.	她想再次见到他。
01529	Vivía aquí hace diez años.	十年前他住在这里。
01530	No te muevas de aquí.	你呆在这里别动。
01531	Me estaba bañando cuando sonó el teléfono.	电话响的时候，我正在泡澡。
01532	No me acuerdo.	我不记得了。
01533	¡Oh! ¡Yo conozco a este hombre!	啊，我认识这个男人！
01534	Éste es el perro de Mary.	这是玛丽的狗。
01535	No sé si él está vivo o muerto.	我不知道他活着还是死了。
01536	No mires en mi cuarto.	不要往我房间里看。
01537	Él llevaba una máscara, de forma que nadie pudiera reconocerle.	他戴著面具以至于没有人认出他。
01538	Él vive en una manzana.	他住在苹果里面。
01539	Un año tiene doce meses.	一年有十二个月。
01540	Esta mañana cuando me levanté estaba lloviendo.	我今早起床时天正在下雨。
01541	¿Puedo tener unas palabras contigo?	可不可以和你说几句？
01542	Vendré a verte el domingo a las tres de la tarde.	我星期天下午三时会来看你。
01543	¿Eres estadounidense o francés?	你是美国人还是法国人？
01544	Papá no come mucha fruta.	爸爸不太吃水果。
01545	Esta mañana he visto la televisión.	我今天早上看了电视。
01546	Mi hermana pequeña tiene veintiún años, es universitaria.	我妹妹21岁，是个大学生。
01547	¿Te vas a quedar en casa?	你会待在家吗？
01548	Nuestra escuela está en el centro de la ciudad.	我们学校在市中心。 / 我们学校在市中心
01549	Sus ojos son azules.	他的眼睛是蓝色的。
01550	El libro se publicó en 1689.	这本书出版于1689年。
01551	Eso es demasiado.	太多了。
01552	El tiempo vuela.	时间飞逝。
01553	Esta pera huele agradable.	这只梨闻上去很香。
01554	Tengo 30 años de edad ahora.	我现在30岁了。
01555	Deja de mirarme así.	别再这样看着我。
01556	¿Ella te conoce?	她知道你吗？ / 她认识你吗？
01557	Cien años se llama un siglo.	一百年叫做一个世纪。 / 一百年被叫做一个世纪。
01558	No trabajo.	我不工作.
01559	Hay un lago al este del pueblo.	村庄的东边有湖
01560	Su tío murió hace cinco años.	他的叔叔五年前去世了。
01561	¿Estás hablando conmigo?	你在跟我说话吗？
01562	Es un ladrón.	这是一个小偷。
01563	Si tuviera más dinero me podría mudar a una casa más grande.	如果我有更多的钱，我就可以搬进一个更大的房子了。
01564	Todos estos libros son míos.	这些书都是我的。
01565	Le debo cien dólares.	我欠他一百元。
01566	Él me pidió ayuda.	他要求我帮助他。
01567	Tienes cuatro perros.	你有四只狗。
01568	¡Vaya, increíble!	挖赛！怎么可能！
01569	Puedo responder a su pregunta.	我能回答他的问题。
01570	Este libro es nuevo.	这本书是新的。
01571	Ahora mi mujer está cocinando.	我妻子正在做饭。
01572	Ojalá la hubiera visto.	但愿我见过她。
01573	Me lo encontré en la estación.	我在车站遇见他。
01574	Por cierto, tengo algo que decirte.	对了，我有一件事要告诉你。
01575	Por cierto, tengo que decirte una cosa.	对了，我有一件事要告诉你。
01576	Estoy bien, ¿y tú?	我很好。你呢？
01577	Él nos enseña historia.	他教我们历史。
01578	¿Dónde está el museo?	博物馆在哪里？
01579	Esto es comida.	这是食物。
01580	¿Dónde está el libro?	那本书在哪儿？
01581	Llámame mañana.	明天打电话给我。
01582	La compañía quebró.	公司破产了。
01583	Cierra los ojos, por favor.	请你闭上你的眼睛。
01584	¿Has desayunado esta mañana?	你今早有没有吃早餐？
01585	¿Cuántos hermanos tienes?	你有多少兄弟？ / 你有多少个兄弟姊妹？
01586	Antes era estudiante de instituto, ahora soy universitario.	过去,我是中学生,现在我是大学生.
01587	No te olvides de venir a recogerme mañana a las seis.	不要忘记明天6点来找我。
01588	Él se fue a las 4 de la mañana.	他早上4点出发了。
01589	Ayer ayudé a mi padre.	昨天我帮了我爸爸。
01590	Me gusta jugar al tenis y al golf.	我喜欢打网球和高尔夫球。
01591	Hasta la vista.	再见！
01592	Ella llevaba un abrigo azul.	她穿了一件蓝色大衣。
01593	Esta mañana me levanté tarde.	我今早晚了起床。
01594	Sólo tenemos té.	我们只有茶水。
01595	Papá me compró una cámara.	爸爸给我买了一个照相机。
01596	Cierra la puerta.	关门。
01597	"¿Te gustan las serpientes?" "Por supuesto que no."	“你喜欢蛇吗？”“当然不喜欢。”
01598	Me gustan la geografía y la historia.	我喜欢地理学和历史。
01599	Él comenzó una nueva vida.	他开始了新的人生。
01600	A veces pierde la esperanza.	他有时候会失去希望。
01601	Esta silla es muy cómoda.	这张椅子很舒服。 / 这把椅子很舒服。
01602	Él ve la televisión todos los días.	他每天都看电视。
01603	"¿Qué hora es?" "Son las tres y veinte."	「现在几点钟？」「三时二十分。」
01604	Me levanto todos los días a las seis.	我每天六点钟起床。
01605	¿Quién es ese hombre?	那个男人是谁？
01606	¿Quién es aquel hombre?	那个男人是谁？
01607	Él me cogió de la mano.	他抓住了我的手。
01608	Somos viejos amigos.	我们是老朋友。 / 我们是老朋友了。
01609	A ellos les gusta el inglés.	他们喜欢英文。
01610	¡Tengo mucha hambre!	我好饿！
01611	Llevo mi cámara allá donde voy.	我无论去甚么地方也带著相机。
01612	Quiero comprar.	我想买。
01613	A mi abuelo le gusta andar.	我爷爷喜欢步行。
01614	Me arrepiento de haberte dicho.	我后悔告诉了你。
01615	Estudiad.	学吧！
01616	¿Quién está en esta habitación?	谁在这房间里？
01617	Tu pelo está demasiado largo.	你的头发太长了。
01618	Su hermano mayor tiene dos años más que yo.	他的哥哥比我大两岁。
01619	Nuestro frigorífico está estropeado.	我们的冰箱坏了。
01620	El diablo me obligó a hacerlo.	魔鬼逼我这么做的。
01621	Ya son las nueve.	已经9点了。
01622	¿Sabes quién es ella?	你知道她是谁吗?
01623	¿Quieres beber algo?	你要喝点什么吗?
01624	¡Estoy muerto de hambre!	我饿死了！
01625	Me sangran las encías.	我的牙龈流血。
01626	Creo que mi japonés es muy malo.	我觉得我的日语很差。
01627	Tatoeba: ¿has oído hablar alguna vez de las peleas de oraciones? Sí, eso es lo que hacemos para divertirnos.	Tatoeba:听过句子打架吗？是啊，那是我们为好玩做的。
01628	¿Estás ocupado hoy?	你今天忙吗？
01629	¿Por qué mentiste?	你为什么说谎？
01630	Empecé a estudiar chino la semana pasada.	我上周开始学中文了。
01631	¿Te gusta la lluvia?	你喜欢下雨吗？
01632	Emi parece feliz.	Emi看上去很幸福。
01633	Te llamaré a las siete.	七点钟我打电话给你.
01634	Fuimos al parque a hacer fotos.	我们去公园拍照了。
01635	Le gusta vivir en Tokio.	他喜欢住在东京。
01636	¿Cuántos hermanos tenéis?	你有几个兄弟？
01637	No deberías ir.	你不应该去。
01638	Tokio es una ciudad muy grande.	东京是一个很大的城市。
01639	¿Cuántos lápices tienes?	你有多少支铅笔？
01640	Mañana es mi cumpleaños.	明天是我生日。
01641	Ella canta muy bien.	她唱歌非常好。 / 她唱歌唱得很好听。
01642	Ella canta de maravilla.	她唱歌非常好。
01643	Le vi hace tres años.	我三年前见过他。
01644	Ted quiere a su esposa Elizabeth.	特德爱他的妻子伊丽莎白。
01645	A ella le gusta escuchar música.	她喜欢听音乐。
01646	A los europeos les gusta beber vino.	欧洲人喜欢喝葡萄酒。 / 欧洲人都喜欢喝葡萄酒。 / 欧洲人都爱喝葡萄酒。
01647	Decidieron casarse.	他们决定结婚了。
01648	Puedes añadir oraciones que no sepas cómo traducir. Quizá otra persona sepa.	你可以添加你不知道怎么翻译的句子，或许别人会知道。
01649	¿Puedo beber alcohol?	我可以喝酒吗？
01650	Soy estudiante universitario.	我是大学生。
01651	Me alegro de volver a verte.	很高兴再见到你。
01652	El Sr. Wang viene de China.	王先生是中国人。
01653	No estoy de acuerdo con él.	我不同意他。
01654	No vino nadie.	没有人来了。
01655	No ha venido nadie.	没一个人来过。
01656	Yo no leo sus novelas.	我不看他的小说。
01657	¿Te gusta cantar?	你喜欢唱歌吗？
01658	¿Él vive aquí?	他住在这里吗？
01659	Es peligroso beber en exceso.	酒喝太多很危险。
01660	¿Mañana volverá a hacer calor?	明天会不会又很热？
01661	¿Adónde fuiste el domingo pasado?	上周日你去哪儿了？ / 你上周日去了哪儿？
01662	Mi madre tiene dos años más que mi padre.	我母亲比我父亲大两岁。
01663	¿Podría usted ayudarme?	您能帮我吗？
01664	Él me decepcionó.	我对他失望了。
01665	Ella se casó con él.	她嫁给了他。
01666	¡Feliz día de la madre!	母亲节快乐！
01667	Ahora estoy leyendo un libro.	我现在正在读一本书。
01668	¿Sabes dónde nació?	你知道他在哪出生的吗？
01669	¿Cuál es tu deporte favorito?	你最喜欢什么运动？
01670	La huelga afectó a la economía nacional.	罢工影响了国家经济。
01671	Este libro es de Tony.	这本书是托尼的。
01672	Mi casa está lejos de aquí.	我家离这儿很远。
01673	Poca gente sabe hacerlo.	很少有人知道怎么做。
01674	Muchos asistieron a la reunión.	很多人出席了会议。
01675	Los héroes siempre llegan tarde.	英雄总是来得太迟。
01676	Ha habido una buena cosecha de manzanas este año.	今年苹果的收成不错。
01677	Vi la tele anoche.	昨晚我看了电视
01678	Hasta siempre, Cuba.	永别了，古巴。
01679	El mes pasado llovió mucho.	上个月下了很多雨。
01680	Él murió a los 54 años.	54岁去世。
01681	¿Le conoces?	你认识他吗?
01682	Todavía no he comido.	我还没吃。 / 我现在还没有吃过午饭。
01683	¿Quién es tu profesor de inglés?	你的英语老师是谁？
01684	La primavera llegará pronto.	春天快来了。
01685	Tengo un amigo que vive en Londres.	我有一个住在伦敦的朋友。
01686	Soy diestro.	我是右撇子。
01687	No sé nadar.	我不会游泳。
01688	No cierres los ojos.	不要闭上眼睛。
01689	No cerréis los ojos.	不要闭上眼睛。
01690	No cierren los ojos.	不要闭上眼睛。
01691	Ella se sentó a mi lado.	她坐在我旁边。
01692	Siempre está bromeando.	他总是在开玩笑。
01693	Soy más guapa que tú.	我比你漂亮。
01694	Tengo dos hermanos.	我有两个兄弟。
01695	Soy estudiante.	我是学生。
01696	Soy un estudiante.	我是一个学生。
01697	Apaga la televisión.	把电视关了。
01698	Cada vez que te veo, pienso en tu madre.	我每次见到你就会想起你的母亲。
01699	¿Por qué has venido aquí?	你为什么来这里？
01700	¿Con quién quieres hablar?	你想跟谁说话？
01701	Él puede correr más rápido que yo.	他能跑得比我快。
01702	Su madre tenía tres hijos, de los cuales él era el más joven.	他母亲有三个儿子，他是其中最年轻的。
01703	Ella sólo está celosa de tu juventud.	她只是嫉妒你年轻。
01704	Le pregunté adónde iba.	我问了他要去哪里。
01705	Los rusos nunca sonríen.	俄罗斯人从不笑。
01706	Klava envidiaba a Lyusya.	克拉娃嫉妒柳霞。
01707	No necesito nada... sólo unos pantalones nuevos.	我什么都不需要……只要一条新裤子。
01708	Soy más guapo que tú.	我比你帅。
01709	La vi limpiar la habitación.	我看见了她打扫房间。
01710	Estoy ahora en el aeropuerto.	我现在在机场。
01711	¿Dónde vive tu tío?	你叔叔住在什么地方？
01712	¿Dónde está la entrada del museo?	博物馆入口在哪里？ / 博物馆的入口在哪？
01713	Cuando era pequeño, sólo me ponía pantalones.	我小时候只穿裤子。
01714	No lo entiendes. Te matará.	你不明白。他会杀了你的。
01715	Acabo de terminar de comer.	我刚吃完了午饭。
01716	Esa chica habla inglés y alemán.	那个女孩会说英语和德语。
01717	Vino a verme.	他来看我了。
01718	Me reí.	我笑了。
01719	Pareces cansado.	你看起来很累
01720	Ven con nosotras.	跟我们一起来吧。
01721	¿Enseñas español?	你教西班牙语吗？
01722	Tom es mi amigo.	汤姆是我的朋友。
01723	Echar sal en la herida.	按住痛处。
01724	Cierra la ventana.	把窗关上。
01725	El tiempo huye.	时间飞逝。
01726	Acabo de llegar aquí.	我刚来到这里。
01727	Clint Eastwood fue elegido alcalde de Carmel.	克林伊斯威特当选为卡梅尔市市长。
01728	Diga "aaah".	你说"aaah"。
01729	Que no se te olvide venir aquí mañana a las siete.	别忘了明天七点到这里来。
01730	Nací en 1979.	我在1979年出生。
01731	Él no es mi hermano. Es mi primo.	他不是我的兄弟。他是我的表弟。
01732	¿Puedes venir a las nueve?	你能9点过来吗？
01733	Primero el trabajo, después el placer.	先苦后乐。
01734	Hoy hay más nubes que ayer.	今天的云比昨天多。
01735	Limpia tu habitación.	清扫你的房间。
01736	Él me presentó a sus padres.	他把我介绍给他的父母认识。
01737	Podéis estudiar aquí.	你们可以在这儿学习。
01738	Siempre os estáis quejando.	你们总是抱怨。
01739	Escribe tu dirección aquí.	在这里写下你的地址。
01740	Él te esperará.	他会等你。
01741	¿Cuánto dinero quieres?	你要多少钱？
01742	¿Cuánto dinero quiere?	您要多少钱？
01743	Su mujer es nuestra profesora de italiano.	他太太是我们义大利文的老师。
01744	¿Hay un hospital cerca de aquí?	这附近有医院吗？
01745	Su esposo vive ahora en Tokio.	她老公现居东京。
01746	Cruzó la calle.	他穿过了街道。
01747	Contesta a mi pregunta con cuidado.	仔细回答我的问题。
01748	¡Escucha y calla!	安静地听！
01749	Tráemelo.	把它带给我。
01750	Tráeme el diccionario.	把那本词典递给我。
01751	¿Alguien puede ayudarme?	有任何人能帮我吗？
01752	¿Puedo comerme esto?	我可以吃这个吗?
01753	¿Hablas alemán?	你说德语吗？
01754	¿Estudiaste ayer?	你昨天有读书吗？
01755	¿Ella toca el piano?	她会弹钢琴吗？
01756	Él volará a París mañana.	他明天将飞往巴黎。
01757	Él escribe cartas a su madre.	他给他的母亲写信。
01758	El cliente no vino.	顾客没来。
01759	Mezcle el arroz con los huevos y la salsa de soja.	混合米、蛋跟酱油。 / 把米饭和鸡蛋还有酱油拌在了一起。
01760	Ella respondió llorando.	她边哭边回答。 / 她哭著回答道。
01761	Vamos a comer mucho esta noche, entonces espero que no estés a régimen.	我们今晚会吃很多，所以我希望你没有在节食。
01762	Me gustan los gatos.	我喜欢猫。
01763	No había nadie en el jardín.	花园里没有人。
01764	Necesito ayuda.	我需要帮忙。
01765	Mi cumpleaños cae en un domingo.	我的生日在星期日。
01766	No digas mentiras.	别说谎!
01767	No mientas.	别说谎!
01768	Creo que lo entiendo.	我想我懂了。
01769	¡Despierta!	醒醒！ / 醒醒吧。
01770	¡Despiértate!	醒醒！
01771	¿Estás listo?	你准备好了吗？
01772	Ella quiere a Tom.	她爱汤姆。
01773	¿Estás solo?	你一个人吗？
01774	Celebramos su cumpleaños.	我们庆祝了他的生日。
01775	Él toca muy bien la guitarra.	他吉他弹得很好。
01776	Tú eres mi amigo.	你是我的朋友。
01777	Tú eres mi amiga.	你是我的朋友。
01778	Él se jubiló a la edad de 65 años.	他65岁退了休。
01779	Estoy cansado debido al desfase horario.	我因为时差而感到疲惫。
01780	Eres mi amigo.	你是我的朋友。
01781	El francés es su lengua materna.	她的母语是法语。 / 他们的母语是法语。
01782	Estoy casado.	我结婚了。
01783	¿Hay algún cine cerca de aquí?	这里附近有没有电影院？
01784	Usted tiene algunos libros.	您有一些书。
01785	Tienes algunos libros.	你有一些书。
01786	Quiero ir a cenar a un restaurante.	我想去饭店吃晚饭。
01787	¿Te acuerdas del día en que nos conocimos?	你记不记得我们认识的那一天？
01788	Él me contó la historia de su vida.	他跟我讲了他的人生故事。
01789	Déjame ver esas fotos.	让我看看那些照片。
01790	Koko no es un gorila común.	可可不是一只普通的猩猩。
01791	Su hermana mayor es más grande que mi hermano mayor.	她姐姐比我哥哥大。
01792	Puedes leer este libro.	你可以看这书。
01793	Le consideraban el mejor médico de la ciudad.	他们把他视为城里最好的医生。
01794	Seiko no tiene hermanas.	Seiko 没有姐妹。
01795	En la Rusia soviética, ¡las frases te escriben a ti!	在苏联，句子写你！
01796	¡Chinga a tu madre!	肏你妈屄！
01797	Usted es muy valiente.	您非常勇敢。
01798	Sois muy valientes.	你们非常勇敢。
01799	Mírame.	看着我
01800	Esta casa es mía.	这个房子是我的。 / 这房子是我的。
01801	¿Por qué no ordenar pizzas?	为何不订披萨？
01802	Tom sigue en el hospital.	汤姆还在医院。
01803	Deberías tomar un paraguas en caso que llueva.	以防下雨你最好带把伞。
01804	Mamá, ¿puedo irme a nadar?	妈，我可以去游泳吗?
01805	El niño tira una piedra.	男孩抛出一块石头。
01806	Mi madre compró dos botellas de zumo de naranja.	我母亲买了两瓶橙汁。
01807	Deja tu paraguas en el pasillo.	把你的雨伞放在走廊里。
01808	Yo era profesor.	我当过老师。
01809	Yo era profesora.	我当过老师。
01810	Me temo que no.	恐怕不行。
01811	Se está haciendo tarde, así que es mejor que nos vayamos.	有点儿晚了，我们该走了。
01812	Trabajo para una empresa marítima.	我为一家船运公司工作。
01813	¿Cuánto cuesta este bolígrafo?	这支笔多少钱?
01814	El hombre que ves allí es mi tío.	你在那边见到的男人是我伯伯。
01815	No seas tonto.	别傻了
01816	¿Qué ha pasado aquí?	这儿发生了什么事？
01817	Él se bajó del autobús.	他下了公车。
01818	En mi sueño, soñé que estaba soñando.	在我的梦中，我梦到自己在做梦。
01819	He vuelto.	我回来了。
01820	Oí cerrarse la puerta.	我听到门关了。
01821	¿Qué desayunas?	你早餐吃什么？
01822	La capital de Italia es Roma.	义大利的首都是罗马。
01823	Él no puede comprarse un coche, y mucho menos una casa.	他买不起汽车，更不要说买房子了。
01824	No dejes la puerta abierta.	不要把门开着。
01825	Mi madre no puede venir.	我妈妈不能来了。
01826	Mi hermano mayor es profesor.	我哥哥是一名教师。
01827	Tom es más alto que su madre.	汤姆比他的母亲高。
01828	El precio varía en función de la demanda.	价格根据需求变化。
01829	Te ves bien en un quimono.	你穿着和服看上去很漂亮。
01830	No te has lavado las manos todavía, ¿verdad?	你还没洗手，不是吗？
01831	Él es el hombre más rico en el mundo.	他是世界上最有钱的人。
01832	Terminé de leer aquel libro.	我读完了那本书。
01833	¿Fumas?	你吸烟吗? / 你吸烟吗？ / 你抽不抽烟？
01834	El tío Tom es el hermano de mi madre.	汤姆叔叔是我妈妈的兄弟。
01835	Mi cuchillo está roto.	我的刀坏了。
01836	Somos compañeros de clase.	我们是同学。
01837	Debo ayudar a mi madre.	我必须帮忙我母亲。
01838	¿Por qué les estás castigando?	你为什么惩罚他们？
01839	¿En qué mes estamos?	这个月是几月？
01840	Harvard se fundó en 1636.	哈佛始建于1636年。
01841	Jugamos al tenis ayer.	我们昨天打网球。
01842	¿Dónde estabas ayer?	您昨天在哪儿？
01843	Ella sólo es una niña normal.	她只是一个平凡的小女孩。
01844	No quiero celebrar mi cumpleaños.	我不想过生日。
01845	Echo de menos mi casa.	我想家。
01846	¿Puedo sentarme aquí?	我能坐在这儿吗？ / 我可以坐在这里吗 ?
01847	Mi madre tiene cinco años más que mi padre.	妈妈比爸爸大五岁.
01848	Tengo muchos libros en francés.	我有很多法语书.
01849	Le vi lavar el coche.	我看见他洗车。
01850	Diciembre es el último mes del año.	十二月是一年的最后一个月。
01851	El león es un animal.	狮子是动物。
01852	La rosa pertenece a Teodoro.	玫瑰是Teodoro的。
01853	El padre está sano.	父亲很健康。
01854	No tuve tiempo para comer.	我没时间吃饭。
01855	Me gusta leer.	我喜欢阅读。
01856	Él nunca habla inglés sin cometer algunos errores.	他说英文时总要出一点的错。
01857	Ella se bebió un vaso de leche.	她喝了一杯牛奶。
01858	¿Cuántos libros tienes?	你有几本书? / 你有多少本书？
01859	¿Qué estás mirando?	你在看什么？ / 你在看什么啊？
01860	¿Cómo vas al colegio?	你怎么去学校？
01861	¿A quién se lo diste?	你把它给谁了?
01862	Puedes hacerlo, ¿no?	你可以做到，不是吗？
01863	Puedes hacerlo, ¿verdad?	你可以做到，不是吗？
01864	Sus medias son grises.	她的袜子是灰色的。 / 她的丝袜是灰色的。
01865	El perro se llama Ken.	这只狗的名字是Ken。
01866	¿Cómo se dice...?	怎么讲......？
01867	Todo país civilizado está en contra de la guerra.	所有文明的国家都反对战争。
01868	No te gusta el chocolate, ¿verdad?	你不喜欢巧克力对吧？
01869	¿De quién es esta casa?	这个房子属于谁？
01870	Dos cafés con leche, por favor.	请来两杯奶咖。
01871	Él nos mintió.	他对我们撒谎了。
01872	¿Dónde se encuentra la estación del metro más cercana?	最近的地铁站在哪里？
01873	Me tomé una taza de café en la cafetería.	我在咖啡店里喝了一杯咖啡。
01874	Lo lamento, en este momento mi jefe está durmiendo. Por favor, vuelva mañana.	实在抱歉，老板在睡觉。请您明天再来。
01875	Un, dos, tres, cuatro, cinco, seis, siete, ocho, nueve, diez.	一、二、三、四、五、六、七、八、九、十。
01876	No tengo tiempo para ir a Estados Unidos.	我没有时间去美国。
01877	Dormí bien.	我睡得很香。
01878	¿Tienes un bolígrafo?	你有圆珠笔吗？
01879	¿De quién son estos libros?	这些书是谁的？
01880	Ella no puede elegir entre conseguir un empleo o ir al colegio.	她在找工作和读大学之间无法取舍。
01881	¡Ánimo!	加油！
01882	La astronomía trata de estrellas y planetas.	天文学涉及恒星和行星。
01883	Él imitó las obras de Van Gogh.	他模仿了梵高的作品。
01884	Ella toca el piano todos los días.	她每天都弹钢琴。
01885	Fue en el año dos mil.	这是在两千年。
01886	A las siete estaré aquí de nuevo.	七点我会回到这里的。
01887	Mi padre está ocupado.	我爸爸很忙。
01888	Soy extranjero aquí.	我是这里的外地人。
01889	Carol vive en Chicago.	卡罗住在芝加哥。
01890	¿Ella trabaja en esta ciudad?	她在这个城市工作吗？
01891	Los pandas se alimentan de bambú.	熊猫以竹为食。
01892	¿Qué haces los domingos?	你星期天都做什么？
01893	Él siempre está preocupado por su hija.	他一直很担心他的女儿。
01894	¿Qué quieres hacer?	你想做什么？
01895	El banco no está abierto los domingos.	星期天银行没开。
01896	A él le gustan las matemáticas, pero a mí no.	他喜欢数学，但我不喜欢。
01897	Ella me llamó muchas veces.	她打了很多次电话给我。
01898	¿Qué haces mañana?	你明天做什么？
01899	Esto es demasiado largo.	这个太长了。
01900	¿Qué hace usted esta tarde?	您下午做啥呢？
01901	Los japoneses tienen ojos oscuros.	日本人有黑色的眼睛。
01902	Ayer vine aquí.	我昨天来到这里。
01903	Te amo con todo mi corazón.	我全心全意地爱着你。
01904	Su bicicleta es similar a la mía.	你的脚踏车和我的很相似。
01905	Tom y John son buenos amigos.	Tom 和 John 是好朋友。
01906	Corro a diario.	我每天跑步。
01907	El tenis es mi deporte favorito.	网球是我最喜欢的运动。
01908	¿Dónde está la comisaría más cercana?	最近的警察局在哪里?
01909	Vivo en el campo.	我住在乡间。
01910	Ella va al mercado cada día.	她每天去市场。
01911	¿Tienes una pluma?	你有钢笔吗？
01912	¿Cuántos CDs tienes?	你有多少张CD？
01913	¿Me podrías traer una cobija?	能给我拿一块毛毯来吗？
01914	El hombre que viste ayer es mi tío.	你昨天看到的那个男人是我叔叔。
01915	Este libro es muy interesante.	这本书很有趣。
01916	Él tiene mucho miedo de los perros.	他很怕狗。
01917	Este hotel no sirve el almuerzo.	这家旅馆不提供午餐。
01918	Él dijo: "Quiero convertirme en doctor".	他说：「我想成为医生。」
01919	Me gusta el té.	我喜欢茶。
01920	Hoy fui al dentista.	今天我去看了牙医。
01921	¿Quién es el dueño de este terreno?	谁是这块地的地主？
01922	¿Alguien habla inglés aquí?	这里有人会说英文吗？
01923	¿Puedes venir a cenar esta noche?	你今天晚上能来吃饭吗？
01924	Usted debería seguir los consejos de su maestro.	您应遵循你老师的建议。
01925	No veo nada.	我什么都看不见。
01926	Están hablando en la cocina.	他们正在厨房里说话。
01927	La iglesia es de 1173.	这教堂从西元1173年就有。
01928	Mi hermana no dijo "Hola".	我妹妹没有说“你好”。
01929	Tenemos dos niños.	我们有两个孩子。
01930	Creemos en la democracia.	我们相信民主。
01931	¿Necesitas este libro?	你需要这本书吗？
01932	Ella estaba jugando con su hermana en ese momento.	那个时候，她在和她的妹妹玩耍。
01933	Me acuerdo del calor de sus brazos.	我还记得他怀抱的温暖。
01934	Un siglo es cien años.	一个世纪就是一百年。
01935	Nuestra escuela está cerca de la estación.	我们学校在车站的附近。
01936	Habla inglés con un acento alemán.	他说英语有德国口音。
01937	Él es biólogo.	他是一个生物学家。
01938	Su madre se sentó a su izquierda.	他的母亲坐在他的左边。
01939	Me siento solo.	我觉得很孤独。
01940	Tom y Frank son buenos amigos.	汤姆和弗兰克是好朋友。
01941	¿A qué hora te levantas?	你几点起床？
01942	Ella llevaba unos zapatos blancos.	她穿著白色的鞋子。
01943	Ella calzaba unos zapatos blancos.	她穿著白色的鞋子。
01944	Mi opinión es distinta de la tuya.	我的看法跟你的不同。
01945	Nuestra escuela fue fundada en 1990.	我们的学校是在一九九零年创立的。
01946	Como aquí.	我在这里吃。
01947	¿Eres un estudiante japonés?	你是日本学生吗？
01948	¿Eres un estudiante de japonés?	你是日语学生吗？
01949	Mi país está muy lejos de Japón.	我的国家离日本很远。
01950	Lávate la cara.	洗脸吧。
01951	Deben estar esperándote.	他们一定在等你。
01952	No tienes que venir aquí todos los días.	你不用每天都来这里。
01953	¿Puedes pasarme la pimienta?	能把胡椒递给我吗？
01954	Tenemos una fiesta mañana por la noche.	明天晚上我们有一个派对。
01955	Tengo trece gatos.	我有十三只猫。
01956	Empecemos con el primer capítulo.	从第一章开始吧。
01957	Venga a verme a las once.	十一点钟来看我。
01958	El perro siempre me ladra.	狗总是对著我嚎叫。
01959	El experimento comprobó su teoría.	实验证明了他的理论。
01960	Tres cuartos de la superficie terrestre están recubiertos de agua.	地表的四分之三被水覆盖。
01961	"Tatoeba" significa "por ejemplo" en japonés.	日语 “Tatoeba” 是例如的意思。
01962	Bésame.	吻我。 / 亲我。
01963	Me gustan las rosas rojas.	我喜欢红色的玫瑰。
01964	Las hojas caen en el otoño.	秋天秋叶落。
01965	¿Cuál es la capital de Finlandia?	芬兰的首都叫什么？
01966	Ella puede manejar un carro.	她会开车。
01967	No se sabe la causa del incendio.	起火原因不明。
01968	¿Por qué la gente se suicida?	为什么有的人要自杀？
01969	Mejor solo que mal acompañado.	和坏同伴在一起还不如一个人过。
01970	Tenemos que irnos a la cama ahora.	我们现在要去睡觉。
01971	Tengo dos hermanos y tres hermanas.	我有两个兄弟和三个姐妹。
01972	Préstame tu diccionario, por favor.	请把你的字典借给我。
01973	Hace mucho frío.	天气非常寒冷。
01974	Ella se fue a casa.	她回家了。
01975	Mi abuelo está muy sano.	我的祖父非常健康。
01976	Tengo una pluma.	我有一支钢笔。
01977	No confío en lo que ella dice.	我不相信她说的话。
01978	Una serie de explosiones dejó el laboratorio en ruinas.	一连串的爆炸使实验室成为废墟。
01979	Mi reloj ha sido robado.	我的表被偷了。
01980	Ese hombre alto es el Sr. Smith.	那个高个男人是史密斯先生。
01981	Ayer fue domingo, no sábado.	昨天是星期天，不是星期六。
01982	Tienes que empezar inmediatamente.	你必须马上开始。
01983	No he oído nada.	我甚么也听不到。
01984	Diez, veinte, treinta, cuarenta, cincuenta, sesenta, setenta, ochenta, noventa, cien.	十、二十、三十、四十、五十、六十、七十、八十、九十、一百。
01985	Tenemos previsto asistir a un concierto esta noche.	今晚我们打算去听音乐会。
01986	Ayer estaba yo feliz.	我昨天很幸福。 / 我昨天很高兴。
01987	¡Oye tú! ¿Qué estás haciendo?	嘿，你！你在干什么？
01988	¿Qué estás haciendo ahora?	你现在在做什么？
01989	¿Qué estás leyendo?	你在读什么？ / 你在看什么？
01990	Corte el salmón en trozos pequeños.	把三文鱼切成小块。 / 把鲑鱼切成小块。
01991	¿Este sombrero es tuyo?	这顶帽子是你的吗？ / 这是你的帽子吗?
01992	No quiero leer este libro.	我不想读这本书。
01993	Puedo leer sin gafas.	没眼镜我可以读。
01994	¿Cuántas letras tiene el alfabeto inglés?	英文字母中有几个字母?
01995	Estoy esperando a mi madre.	我等着我妈妈。
01996	No es necesario que vengas aquí todos los días.	你不用每天都来这里。
01997	Vamos al cine.	我们去影院。
01998	Siempre te recordaré.	我会永远记住你的。
01999	Hoy estoy libre.	我今天有空。
02000	Vámonos.	我们走吧!
02001	¡Nos vemos esta tarde! ¡Hasta luego!	今晚见吧!一会儿见咯!
02002	No hay ningún error.	没有错误。
02003	Le debo 1.000 dólares.	我欠他1000美元。
02004	No puedes utilizar esta lavadora.	你不能用这台洗衣机。
02005	Ella es mucho más alta que yo.	她比我高得多。
02006	Llevamos cinco años casados.	我们已经结婚五年了。
02007	¿Cómo se llama este pájaro?	这只鸟叫作什么?
02008	Ken encendió las velas.	肯点燃了蜡烛。
02009	Él parecía un médico.	他看起来像个医生。
02010	¿Cuánto tiempo tardaste en traducir este libro?	你翻译这本书用了多少时间？
02011	Creo que hoy hará calor.	我觉得今天会很热。
02012	No me gusta el café frío.	我不喜欢冷咖啡。
02013	Para él no es fácil aprender inglés.	对他来说学英文不简单。
02014	Bárbara ha sido asesinada por Alister.	Bárbara被Alister所杀。
02015	Salí.	我出去了。
02016	Tuvimos poca lluvia el mes pasado.	上个月没怎么下雨。
02017	Él perdió su trabajo.	他丢了他的工作。
02018	Ayer jugué al tenis por primera vez.	我昨天第一次打网球。
02019	Tengo dieciocho años.	我十八岁。
02020	Ayer me encontré con tu padre.	昨天我见到了你父亲。
02021	¿Qué navegador estás usando?	你用哪一个浏览器？
02022	La monja tiene que regar las flores y las coliflores.	那个修女要要去浇花和花菜。 / 那个尼姑要去浇花和花菜。 / 那个修女要去浇灌花和花菜。
02023	¿Cómo puedes decir eso?	你怎么能那么说？
02024	No te me acerques.	不要接近我。
02025	Escribí una carta ayer por la noche.	我昨晚写了一封信。
02026	El doctor me aconsejó dejar de fumar.	医生劝我戒烟。
02027	Él siempre me confunde con mi hermana mayor.	他老是把我和我姐姐搞错。
02028	Me gustaría viajar solo.	我想一个人去旅行。
02029	Aprendemos chino.	我们学习汉语。
02030	¿Puedes hablar inglés?	你会说英文吗？
02031	Hazlo cuando tengas tiempo.	你有时间再做吧。
02032	¿A qué horas empieza?	什么时候开始？
02033	Él vendrá esta tarde.	他今天下午会来的。
02034	¿Qué quieres de postre?	你要什么甜点？
02035	¿Puedo hacer un par de preguntas?	我能问一些问题吗？
02036	Tom quiere ir a Japón.	汤姆想去日本。
02037	Hay un teléfono en el pasillo.	走廊里有一部电话。
02038	Desayunamos en la cocina.	我们在厨房里吃早餐。
02039	Muchos criminales en los Estados Unidos son adictos a las drogas.	美国的罪犯大多是吸毒成瘾的瘾君子。
02040	¿Puedo darte un consejo?	我可以给你一点意见吗？
02041	Mi madre está en la cocina.	我妈妈在厨房里。
02042	Un bebé duerme en la cuna.	一个婴儿在摇篮里睡觉。 / 一个婴儿在床上睡觉。 / 一个婴儿在婴儿床上睡觉。
02043	Este libro está escrito en inglés.	这本书是用英文写的。
02044	¿Qué hiciste anoche?	你昨天晚上做什么?
02045	Ellas ya están aquí.	他们已经在这里了。
02046	Soy más alto que él.	我比他高。
02047	Soy más alta que él.	我比他高。
02048	¿Cuál te gusta más, este o ese?	你更喜欢哪个，这个还是那个？
02049	El semáforo cambió a rojo.	红绿灯变成了红色。
02050	¿Ya leíste el periódico de hoy?	你看过今天的报纸了吗？
02051	¿Ya has leído el periódico de hoy?	你看过今天的报纸了吗？
02052	Este libro es muy nuevo.	这本书很新。
02053	No había nadie en la casa.	没有人在家。
02054	Lleva años dominar un idioma extranjero.	学外语要花好几年的时间才能学得精通。
02055	El dominio de un idioma extranjero requiere de paciencia.	精通一种外语需要耐心。
02056	Los precios están subiendo.	物价在上涨。
02057	El botón se cayó.	扣子掉了。
02058	Tiene tres años menos que yo.	他比我小三岁。
02059	Él empezó a correr.	他跑了起来。
02060	Se llaman Tom y Ken.	他们的名字是汤姆和肯。
02061	Tienes muchas agallas.	你胆子很大。
02062	¿Estaba nublado en Tokio ayer?	昨天东京天气多云吗？
02063	Se casaron hace seis meses.	他们六个月前结婚了。
02064	Tom es tan alto como Jim.	汤姆和吉姆一样高。
02065	Bienvenida a Tatoeba.	欢迎来到 Tatoeba。
02066	Bienvenidos a Tatoeba.	欢迎来到 Tatoeba。
02067	Bienvenidas a Tatoeba.	欢迎来到 Tatoeba。
02068	Tengo una buena idea.	我有好主意。
02069	No tengo tiempo para chismear.	我没有时间来说闲话。
02070	Yo nado una vez a la semana.	我每周游一次泳。
02071	Mi hermana es famosa.	我的妹妹有名。
02072	Esa tradición nació en China.	这个传统在中国诞生了。
02073	Jesús te odia.	耶稣恨你。
02074	Eso no es un gato, es un perro.	那不是猫。那是狗。
02075	Puedo amar.	我可以爱。
02076	No estoy nada de acuerdo contigo.	我完全不赞成你的意见。
02077	Le gusta trabajar en el jardín.	他喜欢在花园里工作。
02078	Ella es muy lista.	她很聪明。
02079	Mi hermano se ha comprado una guitarra eléctrica.	我的兄弟买了电子吉他。
02080	No dejó de llover toda la noche.	她哭了整整一晚。
02081	Le pidieron a Kate que cuidara a su hijo.	他们请凯特帮忙照看他们的孩子。
02082	Le pidieron a Kate que cuidara de su hijo.	他们请凯特帮忙照看他们的孩子。
02083	¿Adónde quieres ir?	你想去哪里? / 你想去哪儿？
02084	No esquives mi pregunta.	不要逃避我的问题。
02085	He vivido aquí durante treinta años.	我在这里住了三十年了。
02086	Los residentes se quejaron del ruido.	居民们对噪音表示了不满。
02087	No tengo tiempo ni dinero.	我没有时间，也没有钱。
02088	¿Morirá?	她会死吗？
02089	Juan y María rompieron la semana pasada.	约翰和玛丽上周分手了。
02090	El limón tiene un sabor muy particular.	柠檬有独特的味道。
02091	La diferencia entre Facebook y Twitter es que Twitter es un servicio de microbitácoras.	Facebook 和 Twitter 的不同在于，Twitter 是微博服务。
02092	Transformamos la leche en queso y manteca.	我们把牛奶制成乳酪和奶油。 / 我们把牛奶制成奶酪和黄油。
02093	Lo conocemos.	我们认识他。
02094	Él odia las zanahorias.	他讨厌胡萝卜。
02095	Él corrió más rápido que su hermano.	他跑得比他哥哥快。
02096	¿Por qué es azul el cielo?	为什么天空是蓝的？
02097	Él es mi viejo amigo.	他是我的老朋友。
02098	Él estuvo jugando al tenis todo el día.	他整天打网球。
02099	Él jugó al tenis todo el día.	他整天打网球。
02100	¿Dónde está Jim?	吉姆在哪？
02101	¿Estás enojado?	你生气了吗？
02102	En este edificio no vive nadie.	没有人住在这栋楼里。
02103	Él es un célebre compositor.	他是一位著名的作曲家。
02104	¿Estás feliz?	你快乐吗？
02105	¿Le compraste algo para Navidad?	你圣诞节买东西给她了吗?
02106	Creo que no estás estudiando lo suficiente.	我认为你读得还不够。
02107	Él estudia inglés, pero también estudia alemán.	他学英语，但他也学德语。
02108	Él es griego por nacimiento.	他生在希腊。
02109	Vivo en Tokio.	我住在东京。
02110	Peter se ha enamorado de esa chica.	彼得爱上了那个女孩。
02111	Yo pienso que una película es más interesante que cualquier libro.	我觉得看一部电影比看什么书更有趣。
02112	¿A qué hora desayunas?	你几点吃早餐？
02113	Ellos siempre se quejan.	他们总是抱怨。
02114	Soñé contigo.	我梦到你了。
02115	El avión despega en una hora.	飞机将在一小时后起飞。
02116	Me estoy helando.	我冻死了。
02117	¡Joder! ¡Me has dado un susto de muerte!	该死的！你吓死我了！ / 该死的！你吓了我一大跳！
02118	Ella es una persona egoísta.	她是一个自私的人。
02119	Voy a la tienda.	我去商店。
02120	¿Ya has almorzado?	你吃过午饭了吗？
02121	Mañana es domingo.	明天是星期天。
02122	Somos vecinos.	我们是邻居。
02123	Dormí doce horas ayer.	昨天睡了12个小时。
02124	Él levantó las manos.	他举起了他的手。
02125	¿Por qué está enfadado?	为什么他生气？
02126	¿Cuál es el mío?	哪个是我的？
02127	¿Cuál es la mía?	哪个是我的？
02128	El señor Kato es profesor.	加藤先生是一位老师。
02129	Por esa razón perdió su trabajo.	因为那个原因，他失去了工作。
02130	Ella perdió su dinero, su familia, sus amigos.	她失去了她的金钱，她的家人，她的朋友。
02131	Hoy es sábado.	今天是星期六。 / 今天是周六。
02132	Cien, doscientos, trescientos, cuatrocientos, quinientos, seiscientos, setecientos, ochocientos, novecientos, mil.	一百， 二百， 三百， 四百， 五百， 六百， 七百， 八百， 九百， 一千。
02133	Cien, doscientas, trescientas, cuatrocientas, quinientas, seiscientas, setecientas, ochocientas, novecientas, mil.	一百， 二百， 三百， 四百， 五百， 六百， 七百， 八百， 九百， 一千。
02134	¿Cómo te sientes ahora?	你现在感觉如何？
02135	Él vino a verte ayer.	昨天他来见你。
02136	Él está jugando en su cuarto.	他在自己房里玩。
02137	Los matemáticos son poetas, sólo que tienen que demostrar lo que su imaginación crea.	数学家是诗人，不过他们必须也能证明他们想像力的果实。
02138	Siempre cometes errores.	你总是犯错。
02139	El asistente tomó el dinero.	助手拿了钱。
02140	Hemos decidido callarnos.	我们决定要保持沉默。
02141	Él me escribe una vez a la semana.	他一周给我写一封信。
02142	¿De quién es ese paraguas?	这把伞是谁的？
02143	La culpa es mía, no tuya.	这是我的错，不是你的错。
02144	No te entiendo.	我听不懂你。 / 我不明白你。 / 我不懂你。
02145	Vuelve a casa antes de las seis.	6点前要回到家。
02146	¿Cuál es tu problema?	你有什么问题？
02147	¿Qué dijo ella?	她说了什么？
02148	No ames a dos personas al mismo tiempo.	不要同时爱两个人。
02149	¿Cómo te atreves hablarme así?	你怎么敢这样和我说话？
02150	Después de cenar siempre tengo ganas de dormir.	晚饭后，我总想睡觉。
02151	La amabilidad es el lenguaje que el sordo puede oír y el ciego puede ver.	善良是聋子能听盲人能看的语言。
02152	¿Estudias o trabajas?	你学习或工作？
02153	Le pregunté al señor Smith.	我请求了Smith先生。
02154	Tom es el más alto de su clase.	汤姆是班上最高的。
02155	Por cierto, mi inglés no tiene remedio en absoluto.	顺道一提，我的英语是绝对没有希望了。
02156	Algunos niños están nadando en el río.	一些孩子在河里游泳。
02157	Él no es mi hijo sino mi sobrino.	他不是我儿子，是我侄子。
02158	Soy de Inglaterra.	我来自英国。
02159	Ella tiene mucho miedo de la oscuridad.	她很怕黑。
02160	¿Ya has cenado?	你吃过晚饭了吗？
02161	Puede que haya vida en las lunas de Júpiter.	木星的卫星上可能有生命存在。
02162	¿Cuántas hermanas tienes?	你有多少姐妹呢？
02163	¿De dónde son?	他们是哪里的?
02164	¿Cuál es la capital de Haití?	海地的首都是什么？
02165	Soy un fan de Tatoeba.	我是Tatoeba的粉丝。
02166	Su orgullo no le permitió pedir ayuda.	他的骄傲不允许他向人求助。
02167	Ella no tiene muchos amigos en Kioto.	她在京都没有很多朋友。
02168	Estoy comiendo arroz.	我在吃米饭。
02169	Hoy vuelve de Sídney.	他今天从雪梨回来。
02170	¿Sabes quién inventó el microscopio?	你知道显微镜是谁发明的吗？
02171	Ella obtuvo buenas notas en inglés.	她在英文上取得了很好的成绩。
02172	Pero no tengo dinero.	但是，我没有钱。
02173	Bill, abre la puerta.	Bill，开门。
02174	Le llaman Jim.	他们叫他吉姆。
02175	¿Dónde están los satélites?	那些卫星在哪里？
02176	Me encanta la comida china.	我非常喜欢中国菜。
02177	¿Qué más?	还有什么？
02178	Hay mucho dinero.	有很多钱。
02179	Ésta es una reunión muy importante.	这是个很重要的会议。
02180	Al final alcanzamos un compromiso.	最后我们达成了协议。
02181	Hay muchos animales en el parque.	公园里有好多动物。
02182	Se fueron a Estados Unidos el mes pasado.	他们上个月去美国。
02183	Ayer fue mi cumpleaños.	昨天是我的生日。
02184	¿Cómo se llama este insecto en inglés?	这种昆虫在英语中叫什么？
02185	Ayer volvió tarde.	昨天他回来晚了。
02186	Estoy aprendiendo euskera.	我正在学习巴斯克语。
02187	¿De dónde sois?	你们哪里的？
02188	Tienes que ir, incluso si no quieres.	就算你不想，你也得走。
02189	Yo no estoy de acuerdo con él.	我不同意他。
02190	Tuvieron un bebé la semana pasada.	上周他们生了一个孩子。
02191	Éste es tu sombrero, ¿no?	这是你的帽子吗？ / 这是不是你的帽子？
02192	¿Qué estás pensando?	你在想什么？ / 你正在想什么？
02193	París es una de las ciudades que visité el año pasado.	巴黎是我去年造访的城市之一。
02194	Él es un viejo amigo mío.	他是我的一位老朋友。 / 他是我的老朋友。
02195	Acabo de terminar de almorzar.	我刚吃完了午饭。
02196	Ella tiene una rosa en la mano.	她手里拿着一朵玫瑰。
02197	Ayer fue el cumpleaños de Tom.	汤姆的生日是昨天。
02198	Los padres enseñan a sus hijos que está mal mentir.	父母教育他们的孩子说谎是不好的。
02199	Escribí la dirección equivocada en el sobre.	我在信封上写错了地址。
02200	Un monociclo tiene una rueda.	一辆独轮车有一个轮子。
02201	Ella se fue a París.	她去了巴黎。
02202	Este año ha nevado más que el año pasado.	今年的雪下得比去年多。 / 今年雪比去年下得多。
02203	¡Por favor!	请！
02204	¿Sabe que le quieres?	他知道你爱他吗?
02205	¿Te gusta este jardín?	你喜欢这个花园吗？
02206	¿Estás lista?	你准备好了吗？
02207	¿Tienes dinero?	你有钱吗？
02208	Pregúntale cuando vuelva.	等她回来的时候问问她。
02209	El inglés es muy difícil, ¿verdad?	英语真难，不是吗？
02210	El brócoli es una de las verduras más saludables.	西蓝花是最健康的蔬菜之一。 / 西兰花是最健康的蔬菜之一。
02211	¿De quién es esta habitación?	这间房间是谁的？
02212	Él habla rápido.	他说话很快。 / 他说得很快。
02213	¿Qué tiempo hace hoy?	今天天气怎样？
02214	¿Qué hay en tu dormitorio?	你的卧室里有什么？
02215	¿Cómo se llama usted?	您叫什么名字？
02216	¿Qué opinas?	你认为如何?
02217	¿Cuál es su número de matrícula?	他的照牌号是多少？
02218	¿Qué tipo de vino tiene?	您有什么样的葡萄酒？
02219	¿Qué calle es ésta?	请问这条路是什么路？
02220	¿A qué hora es la cena?	晚餐是几点？
02221	¿Qué camiseta es roja?	哪一件T恤是红色的?
02222	¿Cómo está el tiempo hoy?	今天天气怎么样？
02223	¿Usted cuándo bebe café?	您什么时候要喝咖啡？
02224	¿Cuándo nació?	她是什么时候出生的？
02225	¿Dónde puedo tomar un taxi?	哪儿有出租车?
02226	¿Dónde está la estación de metro más cercana?	最近的地铁站在哪里？
02227	¿Dónde está la taquilla?	售票窗口在哪里？
02228	¿Diga?	喂。
02229	¿Quién es ella?	她是谁？
02230	¿Por qué necesita un paraguas nuevo?	为什么你需要一把新的雨伞？
02231	Escribe español.	写西班牙文。
02232	El autor es brasileño.	作者是巴西人。
02233	Es una silla cómoda.	这是张舒服的椅子。
02234	Los guisantes y las zanahorias son ingredientes comunes en las sopas.	豌豆和胡萝卜是做汤的常见配料。
02235	Le gusta andar sola.	他喜欢自己走路。
02236	¿Cuándo naciste?	你什么时候出生的?
02237	Su boda se celebrará mañana.	他们的婚礼将在明天举行。
02238	Todos sus esfuerzos fueron en vano.	他们的努力都白费了。
02239	Lo había comprado la semana anterior.	我一周前已经买了。
02240	Lo metí en el cajón.	我把它放在了抽屉里。
02241	Ella era muy guapa cuando era joven.	她年轻时很美丽。
02242	Ella se está comiendo una manzana.	她正吃著一个苹果。
02243	Estamos comiendo manzanas.	我们正在吃苹果。 / 我们在吃苹果。
02244	El perro cruzó la calle.	那条狗过街了。
02245	Italia es una península.	意大利是一个半岛。
02246	Ahora estoy muy feliz.	我现在很高兴。
02247	El amor es el milagro de la civilización.	爱是文明的奇迹。
02248	¡Cómo se atreve a abrir mis cartas!	他怎么敢拆我的信！
02249	La yema es amarilla.	蛋黄是黄色的。
02250	Sé quién es mi enemigo.	我知道谁是我的敌人。
02251	¿A qué hora vas a la escuela?	你几点钟去学校？
02252	¡Pero te gusta!	但你喜欢！
02253	Él es Li Ying.	他是李樱。
02254	Ella es Li Ying.	她是李樱。
02255	¡Estudia!	学吧！
02256	¡Estudiad!	学吧！
02257	Le encanta pescar.	他酷爱钓鱼。 / 她酷爱钓鱼。
02258	Nuestro restaurante es el mejor.	我们的饭店是最好的。
02259	¿Te gusta esta flor?	你喜欢这朵花吗？
02260	Jean y Kate son gemelas.	Jean和Kate是双胞胎。
02261	¿Está casada?	他结婚了吗？
02262	Yo tengo una bicicleta nueva.	我有新的自行车。
02263	Él la ama.	他爱她。
02264	Él tiene miedo de los perros.	他怕狗。
02265	Este medicamento tiene un sabor amargo.	这个药有个苦味。
02266	¿A qué hora llegó ella al Aeropuerto de Narita?	她什么时候到达成田机场的?
02267	Nuestro mundo es sólo una parte pequeña del universo.	我们的世界只不过是宇宙的一小部分。
02268	Él es mi hermano mayor.	他是我的哥哥。
02269	Él era valiente.	他很勇敢。
02270	Quiero viajar contigo.	我想和你去旅行。
02271	¿Dónde estabas ayer por la noche?	昨天晚上你在哪里？
02272	¿Qué haces esta noche?	你今晚在做什么？
02273	Bajo la cabeza y echo de menos mi pueblo natal.	低头思故乡。
02274	Por favor, compra un tubo de pasta de dientes.	请买一支牙膏。
02275	¿Cuántos quiere él?	他要多少?
02276	¿Esta es tu bicicleta?	这是你的自行车吗？
02277	Me gusta comer manzanas.	我喜欢吃苹果。
02278	No hay sillas en esta habitación.	这个房间里没有椅子。
02279	La cena está lista.	晚饭准备好了。
02280	¿A qué hora acostumbra usted a levantarse?	您一般几点起床？
02281	Todos se rieron.	大家笑了。
02282	¡Idiota!	笨蛋！
02283	Mary ya ha comenzado.	玛丽已经开始了。
02284	Mary ya ha empezado.	玛丽已经开始了。
02285	Todo el mundo habla un idioma.	每个人都会说一种语言。
02286	Todo el mundo habla una lengua.	每个人都会说一种语言。
02287	Te di un libro.	我给了你一本书。
02288	Este suéter azul es muy bonito.	这件蓝色毛衣很漂亮。
02289	Mis ojos son azules.	我的眼睛是蓝色的。
02290	Fuimos a jugar al parque.	我们去公园玩了。
02291	Estoy esperando el autobús.	我在等公交。 / 我在等公交车。 / 我在等公共汽车。
02292	¡Ese avión es enorme!	那飞机真大！
02293	Trabajo en Milán.	我在米兰工作。
02294	Él nunca miente.	他从不会说谎。
02295	Empezaste a aprender esperanto.	你开始学世界语了。
02296	¿Has comido?	你吃饭了吗？ / 吃过饭了没有？
02297	¡Lo siento muchísimo!	我真是不好意思！
02298	Ésa es la computadora que usó para escribir el artículo.	那就是那台他用来写文章的电脑。
02299	¿Estás ocupado?	你忙吗？ / 你忙不忙？
02300	¿Estás ocupada?	你忙吗？ / 你忙不忙？
02301	Ése es el ordenador que usó para escribir el artículo.	那就是那台他用来写文章的电脑。
02302	La luna brilla.	月光好亮。
02303	Te esperaré en mi habitación.	我会在我的房间里等你。
02304	Hoy deberías quedarte en casa.	你今天应该待在家里。
02305	Tom besa a su hijo cien veces al día.	Tom一天要亲吻他的儿子一千次。
02306	Duerme como un bebé.	他正睡着，像个婴儿一样。
02307	Llovió ayer.	昨天下雨了。
02308	Sé que ella es española.	我知道她是西班牙人。
02309	Tienes que aprender de los errores.	你必须从失败中吸取教训。
02310	Bob vino a casa muy tarde.	鲍勃很晚回家。
02311	Dadme un trozo de tiza.	给我一段粉笔。
02312	Hoy estoy mucho mejor que ayer.	我今天觉得比昨天好多了。
02313	Él y yo caminamos juntos.	我和他一起走。
02314	¿Tiene usted un coche?	您有车吗？
02315	Yo tengo un amigo en Inglaterra.	我有个朋友在英国。
02316	No es un reloj.	这不是手表。
02317	Su casa no está lejos de aquí.	他家离这儿不远。
02318	¿Te gustan las naranjas?	你喜欢橙子吗？
02319	No es estadounidense, sino inglés.	他不是美国人，而是英国人。
02320	Responda en inglés.	用英文回答。
02321	Él es un pintor famoso.	他是一位有名的画家。
02322	He olvidado tu número.	我忘了你的电话号码。
02323	Mi padre no está en casa en este momento.	我的爸爸现在不在家。
02324	Ése es mi abrigo.	那是我的大衣。
02325	Creo que tu respuesta es correcta.	我想你的答案是对的。 / 我想，你的答案对。
02326	Miramos por la ventana pero no vimos nada.	我们看了窗外，但什么都没看见。
02327	No os preocupéis.	别担心。
02328	¿Qué estás estudiando?	你学什么？
02329	Soy italiano.	我是义大利人。
02330	Este es el quinto concierto de esta orquesta.	这是管弦乐团的第五场音乐会。
02331	A mi abuela le gusta viajar en tren.	我奶奶喜欢坐火车旅行。
02332	No sé por qué no te gusta.	我不知道为什么你不喜欢她。
02333	Ella se casó con él el año pasado.	她去年跟他结婚了。
02334	Ya sé escribir en chino.	我已经会写中文了。
02335	¿Quieres tomar un poco de té?	你想不想喝点儿茶？
02336	Soy Tom Hunter.	我是Tom Hunter。
02337	Vuelve cuando quieras.	随时再来。
02338	Mi amiga estudia coreano.	我的朋友在学韩语。 / 我的朋友在学朝鲜语。
02339	Él me escribió una carta de amor.	他给我写了情书。
02340	Se niega a aceptar su avanzada edad.	他不服老。
02341	No puedo imaginar vivir sin él.	我无法想像生命中没有他。
02342	Es gratis.	它是免费的。 / 免费的。
02343	Te amo, corazón.	我爱你，甜心。
02344	¿Por qué yo?	为什么是我？
02345	Nunca he volado en avión.	我从来没有坐过飞机。
02346	No he visto nunca una ballena viva.	我从来没有见过一条活生生的鲸鱼。
02347	Vamos a la escuela en autobús.	我们乘公共汽车去上学。
02348	Él abrió el sobre.	他打开了信封。
02349	Me gustan el tenis y el golf.	我喜欢网球和高尔夫。
02350	Su padre es japonés.	她爸是日本人。 / 他父亲是日本人。 / 她父亲是日本人。 / 你的父亲是日本人。 / 她爹是日本人。 / 她老爹是日本人。 / 你们父亲是日本人。 / 她老爸是日本人。
02351	Su papá es japonés.	他父亲是日本人。 / 她爸是日本人。
02352	Mira aquel gran edificio.	看那边那幢高楼。
02353	Abre la puerta un poco.	把门开开！
02354	¿Hay un campo de golf cerca de aquí?	这里附近有没有高尔夫球场？
02355	Mi hermano se compró una guitarra eléctrica.	我的兄弟买了电子吉他。
02356	Ayer estuve ocupado.	我昨天很忙。
02357	¿Cuánto tiempo te llevó traducir ese libro?	你翻译这本书用了多少时间？
02358	Él quiere ir a los Estados Unidos.	他想去美国。
02359	Él quiere ir a América.	他想去美国。
02360	Lamento interrumpiros, pero ya es muy tarde.	抱歉打断你，不过已经很晚了。
02361	Los jabones aromáticos solían provocarle picor en la piel.	香皂通常容易让皮肤发痒。
02362	No quiero ir solo.	我不想独自前往。
02363	No quiero ir sola.	我不想独自前往。
02364	Es importante para mí.	这对我来说很重要。
02365	Odiaban a Tom.	他们恨汤姆。
02366	Me gustan las matemáticas.	我喜欢数学。
02367	Ella está aprendiendo a nadar.	她在学游泳。
02368	No la conozco, ni quiero conocerla.	我不认识她，也不想认识。
02369	Túmbate y ponte cómodo.	躺下来让自己舒服一点。
02370	Vender coches es mi trabajo.	卖车是我的工作。
02371	Cuando ella estaba en la escuela primaria, el maestro la regañaba a menudo.	在小学的时候，她常常被老师骂。
02372	No pases tanto tiempo delante de la televisión.	不要花那么多时间在电视上。
02373	Él volverá en seguida.	他很快就会回来的。
02374	Planeo ir a Europa la semana que viene.	我打算下个星期去欧洲。
02375	Planeo ir a Hokkaido con un amigo el mes que viene.	我想下个月和一个朋友去北海道。
02376	Ayer jugamos al fútbol.	我们昨天踢了足球。
02377	Si ella se hubiera casado contigo, ahora sería muy feliz.	如果她和你结婚了，她现在会很幸福。
02378	Quiero estudiar las matemáticas.	我想学数学。
02379	Mi tío vino a verme.	我叔叔来看我了。
02380	Él también estudia chino.	他也学习汉语。
02381	Mike y Ken son amigos.	麦克和肯是朋友。
02382	Enséñame dónde te duele.	给我看看你哪里痛。
02383	Eso no es un gato, eso es un perro.	那不是猫。那是狗。
02384	Tom es un buen trabajador.	汤姆是个好工人。
02385	Sólo le he visto una vez.	我只见过他一次。
02386	No tengo dinero.	我没有钱。 / 我没钱。
02387	Agua fría, por favor.	冰水，麻烦你。
02388	¿Qué edad tiene tu padre?	你的父亲几岁了？
02389	¿Has estado alguna vez en África?	您去过非洲吗？
02390	En su familia todos son altos.	他家的每个人都很高。
02391	¿Te gusta la comida japonesa?	你喜欢日本菜吗？ / 你喜欢日本料理吗? / 你喜不喜欢日本菜？
02392	¿Sabes hablar francés?	你会说法语吗？
02393	Quiero algo de dinero.	我想要点钱。
02394	Lo hice yo mismo.	我自己做的。
02395	¿Este es tu automóvil?	这是你的车吗?
02396	No fumas, ¿verdad?	你不抽烟，不是吗？
02397	Ustedes son estudiantes nuevos.	你们是新生。
02398	Me gusta tu automóvil.	我喜欢你的车。
02399	A mí tampoco me gusta.	我也不喜欢。
02400	A mi padre le gusta el tenis.	我爸爸喜欢网球。
02401	Bangkok es la capital de Tailandia.	曼谷是泰国的首都。
02402	El jabón ayuda a remover lo sucio.	肥皂可以清除脏污。
02403	¿Quién es aquella persona?	那人是谁？
02404	Apaga la luz antes de acostarte.	上床之前关灯。
02405	Ella dice que se lava los dientes todas las mañanas.	她说她每天早上都会刷牙。
02406	El ministro planea visitar México la semana que viene.	部长计划下周访问墨西哥。
02407	Por favor, lávame la espalda.	请帮我洗背。 / 请，洗我的背部。
02408	Puedes venir conmigo.	你可以跟我来。
02409	Mi brazo duele mucho.	我的手臂很痛。
02410	Le gusta mucho la música.	他很喜欢音乐。
02411	Él estaba dispuesto a trabajar para otros.	他愿意为别人工作。
02412	¿De verdad me amas?	你真的爱我吗？
02413	¡Te arrepentirás!	你会后悔的！
02414	Todos estaban escuchando atentamente.	大家都在聚精会神地听著。
02415	Él es un poco más alto que tú.	他比你高一点点。
02416	Mi sueño es ir a Japón.	我的梦想是去日本。
02417	Volveré en diez minutos.	我10分钟后回来。
02418	No había más de cinco pasajeros en el autobús.	公交车上不过五个乘客。
02419	Él puso su mano sobre mi hombro.	他把他的手放在了我的肩上。
02420	¡Cálmate!	冲动是魔鬼！
02421	El matrimonio no es algo que les interese a los jóvenes.	结婚不是什么使年轻人感兴趣的东西。
02422	El invierno es mi estación favorita.	冬天是我最喜欢的季节。
02423	Son las ocho de la mañana.	现在是早上八时。
02424	El Sr. Brown hizo que su hijo aprendiera chino.	布朗先生让他儿子学了中文。
02425	Tuve la oportunidad de viajar al extranjero.	我有个到国外旅游的机会。
02426	Le gusta nadar.	他喜欢游泳。
02427	Él es mi hermano, no mi padre.	他是我哥哥，不是我爸爸。
02428	¿Dónde está la estación?	火车站在哪里?
02429	¡Exactamente!	就是！
02430	Mañana es su cumpleaños.	明天是她的生日。
02431	Él aprendió a nadar.	他学会了游泳。
02432	Quiero comer.	我想吃
02433	Yo también.	我也是。
02434	Él es mi mejor amigo.	他是我最好的朋友。
02435	Él aceptó su regalo.	他接受了她的礼物。
02436	¿Conoces a su hermano?	你认识他的兄弟吗？
02437	Traedme un vaso de agua, por favor.	请给我一杯水。
02438	Corrimos 10 kilómetros.	我们跑了十公里。
02439	Sus zapatos son de color café.	他的鞋子是咖啡色的。
02440	Hay un hombre junto a la puerta que quiere verte.	门口有个男人想见你。
02441	Pocas personas tienen dos coches.	有两辆车的人不多。
02442	Ni yo tampoco.	我也不。 / 我也没。 / 我也不要。
02443	Los gatos fueron domesticados por los egipcios.	猫是被埃及人驯化的。
02444	La puerta se cierra con llave a las nueve.	这个门在九点钟的时候是锁著的。。
02445	Ayer hizo frío.	昨天很冷。
02446	El verano ya se acabó.	夏天已经结束。
02447	Prefiero el café.	我更喜欢咖啡。 / 更喜欢咖啡。
02448	Por favor, escríbeme una carta.	请给我写封信。
02449	Él es más fuerte que tú.	他比你强壮。
02450	Mañana, Judy hablará sobre Japón.	Judy明天会谈谈日本。
02451	Un equipo de fútbol consta de once jugadores.	一个足球队由十一个球员组成。
02452	Hemos llegado a la conclusión de que esta es una historia verdadera.	我们的结论就是，那个传言是真的。
02453	Ella se apellidaba Bennett antes de casarse.	她婚前姓贝内特。
02454	Ella cantó mejor que él.	她唱得比他好。
02455	No hables así.	不要这样说。
02456	¿Puedo hacer algunas preguntas?	我能问几个问题吗 ? / 我可以问一些问题吗?
02457	Rubén tiene tres hijos.	Rubén 有三个孩子。
02458	Él no lo sabe.	他不知道。
02459	Él bebe demasiada cerveza.	他喝太多啤酒。
02460	¿Tienes tiempo el martes?	你周二有没有空？
02461	Quiero ver esta película.	我想看这部电影。
02462	Le dio un juguete al niño.	他给了孩子一个玩具。
02463	No he leído ninguna de sus novelas.	他的小说我一本也没读过。
02464	Entonces, ¿quién se va a ocupar de cuidar a tu gato?	那谁来照顾你的猫呢 ?
02465	¿Es tuyo este DVD?	这是你的DVD？
02466	Llegó la primavera.	春天来了。
02467	Quiero este teléfono.	我想要这部电话。
02468	Soy demasiado bajo.	我太矮了。
02469	¡Todo el mundo a trabajar!	大家去工作吧。
02470	Llama a una ambulancia.	叫救护车。
02471	No puedo tomarme un café con tanto azúcar.	我喝不下这么甜的咖啡。
02472	Puede hacerlo.	他可以做。
02473	¿Quién ha hecho esta tarta?	谁做的这个蛋糕？
02474	Conozco esa sensación.	我知道那种感觉。
02475	¿Me das tu número de móvil?	你能告诉我你的手机号吗？
02476	¿Quién es tu profesor de chino?	谁是你的汉语老师? / 你的中文老师是谁？
02477	Me gusta mucho leer.	我很喜欢看书。
02478	Lleva un libro en la mano.	他手里拿着一本书。
02479	Cuando era pequeño, los domingos iba a pescar.	他小时候，星期天会去钓鱼。
02480	¿Cómo me pongo en contacto contigo?	我怎么联系你？
02481	Vuelve enseguida.	他很快就会回来。
02482	¿Cuánto cuesta medio kilo?	多少钱一斤？
02483	Lo he hecho yo.	我自己做的。
02484	¿Tienes sellos extranjeros?	你有外国邮票吗？
02485	¿Qué se come en vuestro país?	在你们国家吃什么？
02486	No la molestes.	不要打扰她。
02487	Temo tener problemas.	我怕有问题。
02488	Estamos seguros de su triunfo.	我们肯定他会成功。
02489	He empezado a leer este libro.	我开始读这本书。
02490	Este juguete es de madera.	这个玩具是木制的。
02491	Muchos países participaron en los Juegos Olímpicos.	许多国家参加了奥林匹克运动会。
02492	¿Puedes hablar más alto? No te entiendo.	你可以大声说吗？我听不见。
02493	Juega bien al tenis.	他打网球打得很好。
02494	Me robaron mi máquina de fotos en el tren.	我的照相机在火车上被偷了。
02495	¿Qué tal tu viaje?	你的旅行怎么样?
02496	Son las 10 menos 5.	还有五分钟就到十点了。
02497	Picasso es un artista famoso.	毕加索是个有名的艺术家。 / 毕加索是一个有名的画家。 / 毕卡索是一位有名的艺术家
02498	¿Qué piensas hacer esta noche?	今晚你打算做什么？
02499	Se murió de repente.	他突然死了。
02500	Todavía tengo que comprar tu libro.	我还是应该买你的书。
02501	¿Habla alguien japonés aquí?	这里有人会说日语吗？
02502	Dame algo de beber.	给我点喝的。
02503	Sus notas en inglés son muy buenas.	她英语成绩很好。
02504	Salió de la habitación.	她走出了房间。
02505	Nadie corrió delante de él.	没有人跑在他前面。
02506	El árabe es un idioma muy importante.	阿拉伯语是一种很重要的语言。
02507	El año pasado se fue de Japón.	去年她离开了日本。
02508	Nunca he estado en Estados Unidos.	我从来没去过美国。
02509	Se casó con Ann.	他和 Ann 结了婚。
02510	¿Corres todos los días?	你每天都跑步吗？ / 你每天跑步吗？
02511	Es inteligente.	他很聪明。
02512	No ceno, porque quiero adelgazar.	我不吃晚饭因为我想减肥。
02513	¿Qué hiciste?	你做了什么？
02514	¿Quién descubrió América?	谁发现了美洲？
02515	¿Puedes ayudarme a llevar esta maleta?	你能帮我拿这个行李箱吗？
02516	Habla un poco de inglés.	他说一点英语。
02517	¿Te puedo ayudar?	我能帮你吗？
02518	No come pescado crudo.	他不吃生鱼。
02519	El pez grande se come al chico.	大鱼吃小鱼。
02520	En ese momento era estudiante.	我当时是学生。
02521	Cuando sonó el teléfono, estaba viendo la televisión.	电话响的时候，我在看电视。
02522	Este cine tiene 2 pisos.	这个电影院有两层。
02523	Se parece mucho a su madre.	她非常像她的母亲。
02524	¿Se ha perdido?	您迷路了吗？
02525	¿Os habéis perdido?	你们迷路了吗？
02526	¿Qué ha hecho hoy?	您今天做了什么？
02527	Necesito estudiar.	我必须学习。
02528	No es ninguna broma.	不是说笑的。
02529	Hay una biblioteca en nuestra ciudad.	我们的城里有一座图书馆。
02530	Estaré en casa en la mañana.	我早上会在家。
02531	Si llueve mañana, no vamos a ir allá.	如果明天下雨，我们就不会去那里。
02532	Estoy aprendiendo dos lenguas extranjeras.	我学两种外语。 / 我在学两门外语。
02533	¿Vas a salir mañana?	你明天出去吗？
02534	¿Crees en Dios?	你相信上帝吗？
02535	¿Es comida japonesa?	是日本菜吗？
02536	Me apellido Wang.	我姓王。
02537	He olvidado su nombre.	我忘记了他的名字。 / 我已经忘了他的名字。
02538	Nadamos en el lago.	我们在湖里游了泳。
02539	Fabien tiene muchas ideas buenas.	法比安有很多好的想法。
02540	No hablo francés lo suficientemente bien.	我的法语说得不够好。
02541	Tengo tres años menos que tú.	我比你小三岁。
02542	Todos los días me paseo por el bosque.	我每天都去森林散步。
02543	Sería mejor que fueses al médico.	你还是去看医生比较好。
02544	No tengo dinero para comprarme un coche nuevo.	我没钱买新车。
02545	Estamos muy preocupados por ti.	我们很担心你。
02546	El padre de Bob da clase en un colegio de niñas.	鲍勃的父亲在女校教书。
02547	Tiene mucho dinero.	她有很多钱。
02548	Me alojo en este hotel.	我住在这间酒店。
02549	Tengo miedo de los perros.	我害怕狗。 / 我怕狗。
02550	¿Va al colegio andando o en bicicleta?	他走路去学校还是骑车去学校？
02551	Le gusta Disney.	他喜欢迪士尼。
02552	La nevera está sucia.	小冰箱很脏。
02553	¿Sabe conducir?	您会开车吗？ / 他会开车吗？
02554	¿Hay alguien en casa?	家里有没有人？
02555	Nos enseña francés.	她教我们法语。
02556	Su amigo es cantante.	她的朋友是歌手。
02557	Este problema parece difícil.	这个问题看起来很难。
02558	Esta es mi madre.	这是我的妈妈。
02559	Mi teléfono se estropeó.	我的电话坏了。
02560	Quisiera pediros un favor.	我想请你们帮个忙。
02561	Necesito más cobijas.	我需要更多的毛毯。 / 我需要更多的毯子。
02562	Me gusta correr bajo la lluvia.	我喜欢在雨中跑步。
02563	Mi hermano es idiota.	我的兄弟是个笨蛋。
02564	Respondió a sus padres.	他回答了他的父母。
02565	Me acuerdo de haberle escrito.	我记得给她写过信。
02566	No tienen ningún interés.	他们完全没有兴趣。
02567	Ese vestido la queda verdaderamente bien.	那条连衣裙真的很适合她。
02568	Mary pagó 5 dólares por la comida.	玛丽用5美元买了午饭。
02569	No volvió hasta las nueve.	他到了九点才回来。
02570	Sam tiene dos años menos que Tom.	Sam比Tom小两岁。
02571	¿Por qué no vino ayer?	她昨天为甚么不来？
02572	Kansas está justo en el centro de los EE.UU.	堪萨斯州刚好位于美国的中央。
02573	Este libro parece interesante.	这本书看起来很有趣。
02574	Canta una canción conmigo.	和我唱首歌。
02575	¿Tienes diez años?	你十岁了吗？
02576	Es imposible predecir los terremotos.	预测地震是不可能的。
02577	Él juega en su habitación.	他在自己房里玩。
02578	¿De quién es este libro?	这是谁的书？
02579	Actualmente, trabaja en Inglaterra.	他现在在英国工作.
02580	Es el gato más grande que he visto.	这是我见过最大的猫。
02581	Los dos están solteros.	他们两个都是单身。
02582	No conozco a nadie en esta ciudad.	我在这个城市里没有人认识。
02583	Se murió ayer.	他昨天死了。
02584	Me dio un golpe en la cabeza.	他打了我的头。
02585	Su hijo se murió el año pasado.	他儿子去年死了。
02586	Puede nadar muy rápido.	他能游得很快。
02587	Está en un lugar seguro.	您在一个安全的地方。
02588	¿Quiere más té?	您想再来点茶吗？
02589	¿Dónde hay un teléfono?	哪里有电话机？
02590	Volveré dentro de dos semanas.	我两个礼拜就会回来。
02591	Muchas veces me gasta bromas.	她常常开我的玩笑。
02592	¿Te gusta la nieve?	你喜欢雪吗？
02593	¿Me dejas tu cuchillo?	我能借你的刀吗？ / 能借给我你的刀吗？
02594	Es mi hermana mayor.	她是我的姐姐。
02595	¿Puedo aparcar aquí mi coche?	我能把我的车停在这儿吗？
02596	¡Qué foto más bonita!	这张照片真漂亮！
02597	Tu perro está ahí.	你的狗在那儿。
02598	No quiero comer ahora.	我现在不想吃午饭。
02599	He ido una vez a Kioto.	我去过一次京都。
02600	Me llamo Hopkins.	我的名字叫霍普金斯。
02601	Cinco y dos son siete.	五加二等于七。
02602	Lo siento, he llegado tarde.	对不起，我迟到了。
02603	¿Me puedes dar una taza de té?	可以给我一杯茶吗？
02604	¿De quién es este diccionario?	这本字典是谁的？
02605	Es fácil responder a esa pregunta.	这个问题很容易回答。
02606	Tiene dos hijos muy guapos.	他有两个漂亮的儿子。
02607	Entra, por favor.	请进。
02608	Este libro parece muy interesante.	这本书看起来很有趣。
02609	Me acuerdo de lo que dijo.	我记得他说的话。
02610	¿Qué busca?	您在找什么？
02611	Es para ti.	这是给你的。
02612	¿Qué dijiste?	你说了甚么？
02613	Tres y tres son seis.	三加三等于六。
02614	Mido uno noventa.	我有一米九高。
02615	¿Tienes tos?	你咳嗽吗？
02616	El niño que toca la guitarra es mi hermano pequeño.	弹吉他的那个男孩是我弟弟。
02617	Juega muy bien al tenis.	他网球打得很好。
02618	¿Quieres café?	喝点咖啡吗？ / 你想咖啡吗？
02619	Me olvidé de llamarle por teléfono.	我忘了打电话给他。
02620	¿Se te dan bien las matemáticas?	你数学好吗？
02621	Le compré una corbata.	我买了他一条领带。
02622	Ahora mismo, estoy haciendo el doctorado en Boston.	我正在在波士顿读博士。
02623	No me gusta la comida picante.	我不吃辣。
02624	No puedo comer más.	我不能再吃了。
02625	Ayer hacía frío.	昨天很冷。
02626	¿Me dejas las tijeras?	我能借用你的剪刀吗？
02627	Los dos están en la habitación.	他们俩都在房间里。
02628	¿Qué tal es la comida tailandesa?	泰国菜怎么样？
02629	¿Es verdad?	这是真的吗？
02630	¿Quiere café o té?	您想要茶还是咖啡？
02631	¿Cuándo abren?	什么时候开门？
02632	Son nuestros libros.	这些是我们的书。
02633	Son mis hermanos.	他们是我的兄弟。
02634	He ido a Roma.	我去过罗马。
02635	Las llaves están encima de la mesa.	钥匙在桌子上。
02636	Betty le mató.	Betty杀了他。 / 贝蒂杀了他。 / 贝蒂杀了她。
02637	Se levanta a las siete.	她早上7点起床。 / 她七点起床。 / 他七点起床。
02638	Le llamé ayer.	我昨天打电话给他。
02639	Se levantó a las 7 de la mañana.	她早上七点起床的。
02640	¿Dónde vamos esta noche?	我们今晚去哪儿？
02641	A las 9, esta tienda está cerrada.	这间店九时关门。
02642	¿Algo va mal?	有什么不对吗？
02643	Soy igual de alto que Tom.	我和Tom一样高。
02644	Esta tarde tengo la intención de estudiar inglés.	我今天下午打算学英语。
02645	Mi reloj va cinco minutos retrasado.	我的表慢了五分钟。
02646	Terminó sus deberes en una hora.	她在一小时内完成了功课。
02647	Ponme un ejemplo.	给我个例子。
02648	Hoy tengo tiempo.	我今天有空。
02649	Ese es mi colegio.	那是我的学校。
02650	A algunas personas les gusta más el mar, a otras les gusta más la montaña.	有些人喜欢海，还有些人更喜欢山。
02651	¡Con qué fluidez habla inglés!	他的英语多流利啊！
02652	La población de Japón es mayor que la de Inglaterra.	日本的人口比英国多。
02653	Perdió las llaves de su coche.	她把车钥匙弄丢了。
02654	Tokio está lejos de aquí.	这里离东京很远。
02655	Esta noticia la hizo feliz.	这消息让她很高兴。
02656	Lleva gafas.	他戴眼镜。
02657	Estoy de acuerdo con él.	我同意他。
02658	¿Qué distancia hay entre Nueva York y Londres?	纽约和伦敦距离多远？
02659	Sabe conducir.	她会开车。
02660	No tengo ordenador en mi casa.	我家没有电脑。
02661	Se resfrió.	他感冒了。
02662	Todavía quedan 50 kilómetros hasta París.	还有五十公里就到巴黎了。
02663	Tú eras el que estaba equivocado.	错的是你。
02664	Tenemos tiempo suficiente.	我们来得及。
02665	A Mary le interesa la política.	玛丽对政治感兴趣。
02666	Está a su lado.	他在她的旁边。
02667	Nunca había visto un cuadro tan bonito.	我从来没有看过这么漂亮的画。
02668	Es hora de comer.	吃饭时间到了。 / 吃饭了。
02669	Tom vio la televisión ayer.	Tom昨天看了电视。
02670	No sabía que fuera japonés.	我不知道他是日本人。
02671	Tiene dos años más que yo.	他比我大两岁。
02672	No se si vendrá.	我不知道他会不会来。
02673	No tiene una casa donde vivir.	他没有房子住。
02674	He encontrado un restaurante mejicano muy bueno.	我发现一家很好的墨西哥餐厅。
02675	¿Dónde está la farmacia más cercana?	最近的药店在哪里？
02676	¿De qué quiere hablar?	你想要说什么？
02677	David está en casa.	大卫在家。
02678	¿Qué fruta es la que más te gusta?	你最喜欢什么水果？
02679	Le pregunté si podía leer su libro.	我问他我可不可以看他的书。
02680	La Tierra es más pequeña que el Sol.	地球比太阳小。
02681	¿Reparten los domingos?	你们周日送货吗？
02682	Mi padre acaba de salir.	我爸爸刚出去。
02683	Será un buen médico.	他会成为一个好的医生的。
02684	A Mike le gustan mucho los animales.	Mike非常喜欢动物。
02685	Habla fatal inglés.	他英语说得很差。
02686	Hablé con ella una hora.	我跟她谈了一小时。
02687	Puede que esté equivocado.	我可能错了。
02688	Mañana va a nevar.	明天要下雪。
02689	Estaré libre en 10 minutos.	我十分钟后有空。
02690	Será un buen marido.	他会是一个好丈夫。
02691	Si no viene, ¿qué vas a hacer?	如果他不来，你要做什么？
02692	No entiendo la música.	我不懂音乐。
02693	Siento mucho no poder venir hoy.	我很抱歉今天不能过来。
02694	Hoy hace bueno.	今天天气很好。 / 今天好天气。
02695	¿No tienes sed?	你不渴吗？
02696	A menudo llega tarde al colegio.	他经常上学迟到。
02697	Me gusta.	我喜欢他。
02698	Es un diccionario.	那是一本词典。
02699	Normalmente, voy al colegio andando.	我通常走去学校。
02700	No sabía que se había puesto malo.	我不知道她病了。
02701	Es guapa.	她很漂亮。
02702	Le gusta pasear por el parque.	他喜欢在公园里走走。
02703	Llevo esperando más de media hora.	已经等了半个小时了。
02704	¿Son estas las gafas que estás buscando?	这是你在找的眼镜吗？
02705	¿Has empezado a estudiar inglés?	你开始学习英语了吗？
02706	Mi hermano pequeño es igual de alto que yo.	我弟弟和我一样高。
02707	No puedes salir.	你不可以出去。
02708	Todos le echamos mucho de menos.	我们都非常想你。
02709	Está lavando su coche.	他正在洗他的车。
02710	¿Me estás hablando?	你在跟我说话吗？
02711	Alguien me lo dijo.	有人跟我说这件事。
02712	¡Bienvenido a nuestro hogar!	欢迎来到我们家！
02713	¡Bienvenida a nuestra casa!	欢迎来到我们家！
02714	En esa época un café costaba 200 yenes.	那时候一杯咖啡要200日元。
02715	¿Puedo comerme ese pastel?	我可以吃那个蛋糕吗？
02716	Ella tenía frío, así que puso la calefacción.	她冷了，所以她开了暖气。
02717	Ella me dijo que su madre se lo había comprado.	她告诉我她妈妈买给她了。
02718	Ella me dijo que su madre lo había comprado para ella.	她告诉我她妈妈买给她了。
02719	Ella necesita ayuda.	她需要帮助。
02720	Me encanta el sol.	我很喜欢太阳。
02721	¿Has estado en Estados Unidos?	你去过美国吗？
02722	Tengo una hija.	我有一个女儿。
02723	Sé dónde está ella.	我知道她在哪里。
02724	No tengan miedo de hacer preguntas.	不要害怕发问。
02725	Me levanté más o menos a las seis.	我六点左右起床。
02726	¡Se ha vendido todo!	卖完了！ / 售罄了！
02727	¿Quieres jugar con nosotros al fútbol?	你愿意跟我们一起踢足球吗？
02728	Estudió en el extranjero.	他出国留学了。
02729	Siempre estoy en casa los domingos.	我星期日总是在家。 / 我每周日都在家。
02730	No importa de dónde él venga.	他来自哪里不重要。
02731	Estudia la historia de los Estados Unidos.	他学美国的历史。
02732	¿Estaba equivocado?	我错了吗？
02733	Mi hermana pequeña canta muy bien.	我妹妹唱歌很好听。
02734	A algunas personas les gusta el deporte, a otras no.	有些人喜欢运动，有些人不喜欢。
02735	¿Fue buena la película?	电影好看吗？
02736	Él me llamó a medianoche.	他半夜打了个电话给我。
02737	Siempre estoy ocupado.	我总是忙碌。
02738	Siempre estoy ocupada.	我总是忙碌。
02739	El bebé está durmiendo.	婴儿在睡觉。 / 宝宝正在睡觉。
02740	Este animal es más grande que aquél.	这只动物比那只大。
02741	¿Deja que sus hijos beban café?	您让您的孩子喝咖啡吗？
02742	Estoy estudiando dos idiomas extranjeros.	我学两种外语。
02743	Me adelantó un coche.	我被一辆车超了。
02744	Lo siento, me tengo que ir.	不好意思，我要走了。
02745	Tiene un perro y seis gatos.	他有一条狗和六只猫。
02746	He perdido el reloj.	我丢了手表 。
02747	Soy una mujer.	我是女人。
02748	Este verano vamos a viajar al extranjero.	今年夏天我们要出国旅行。
02749	El monte Fuji es la montaña más alta de Japón.	富士山是日本最高的山。
02750	¿Me puedes decir dónde me he equivocado?	你可以告诉我我错在哪儿吗？
02751	Estoy libre esta tarde.	我今天下午有空。
02752	Todavía no lo sé.	我还不知道。
02753	En la casa hay demasiados muebles.	房子里家具太多了。
02754	Después de comer, todavía tenemos dos clases.	午饭后我们还有两节课。
02755	La he visto tocando el piano.	我看见她弹钢琴。
02756	Ve al médico.	去看医生吧。
02757	Yo puedo conducir, pero Tom no.	我会开车，Tom不行。
02758	A Nancy le gusta la música.	南希喜欢音乐。
02759	Esta manzana está muy roja.	这只苹果非常红。
02760	¿Quién te contó la historia?	谁告诉你这个故事？
02761	Ya he desayunado.	我已经吃过早饭了。
02762	¿Dónde ha aparecido el error?	问题是怎么出现的？
02763	¿Cómo era la estructura del ensayo? ¿Qué estaba conectado y cómo?	实验构造是怎样的？它们是如何相连接的？
02764	¿Cómo se manifestó el error?	错误是如何显示出来的？
02765	¿El error aparece de forma regular o esporádica? ¿El error es reproducible?	错误是经常出现还是偶尔出现？错误是否能够模仿？
02766	Tienes dos pelotas.	你有两颗球。
02767	Él me dio algo de dinero.	他给了我一些钱。
02768	¿Muerto?	死了?
02769	Todos los días, sale de su casa a las siete.	他总是7点从他家出门。
02770	Escribe con la mano izquierda.	她用左手写字。
02771	Es muy inteligente, y, además, muy guapo.	他很聪明，而且他很帅。
02772	Dicen que nació en Alemania.	他们说她是在德国出生的。
02773	¿Qué piensas de este sombrero rojo?	这顶红帽怎么样？
02774	Voy al hospital número cuatro.	我正在去第四医院的路上。
02775	¿Ponen películas en el avión?	飞机上有电影吗？
02776	Salvo yo, nadie tenía hambre.	除了我，没有人觉得饿了。
02777	Mañana hablaré contigo.	我明天要和你谈谈。
02778	Todas las mañanas se bebe una botella de leche.	她每天早上都会喝一瓶牛奶。
02779	No le gustamos.	他不喜欢我们。
02780	No hay nadie en este asiento.	这个座位没人。
02781	Es profesor de inglés en Leeds.	他是利兹大学的英文系教授。
02782	El mes que viene hago la mudanza.	我下个月要搬家了。
02783	Nunca había visto tanto dinero.	我从没见过那么多钱。
02784	Tienen sus propios problemas.	他们有他们自己的问题。
02785	Normalmente, a los niños les gustan los caramelos.	小孩一般来说都喜欢吃糖果。
02786	Nací en 1960.	我出身在1960年。
02787	Me duele el pie.	我的脚痛。
02788	¿Éste es el libro de Takeo?	这是Takeo的书吗?
02789	El mundo está lleno de médicos incompetentes.	社会上满是不称职的医生。
02790	Se dice que no hay vida en Marte.	据说火星上是没有生物的。
02791	Normalmente, ella se levanta temprano.	她通常很早起床。
02792	¿Le llamaste ayer?	你昨天有没有打电话给他？
02793	La cena está preparada.	晚饭准备好了。
02794	Hay unos libros encima de la mesa.	书桌上有几本书。
02795	Se niega a darme la mano.	他拒绝跟我握手。
02796	Le hice una pregunta a Tony.	我问了 Tony 一条问题。
02797	Por favor, rellene este impreso.	请填好这张表格。
02798	Conozco a varios estudiantes de este colegio.	我认识这个学校的几个学生。
02799	Quiero comer pescado fresco.	我想吃点新鲜的鱼。
02800	Todavía no he aprendido a conducir.	我还没学会开车。
02801	Ella tiene cinco años menos que yo.	她比我小五岁。
02802	Tengo muchas cosas que hacer.	我有很多东西要做。
02803	¿Cuántos gatos hay en esta casa?	这房子里面有多少只猫？
02804	Tiene tres años menos que papá.	他比爸爸年轻三岁。
02805	Hay un camión en medio de la carretera.	路中间有一辆卡车。
02806	Nunca había probado la comida china.	我以前从来没有尝过中餐。
02807	Casi nunca llega tarde al colegio.	她上学很少迟到。
02808	Me gustaría jugar al tenis.	我想要打网球。
02809	Me siento a tu lado.	我坐在他旁边。
02810	Esta tienda abre a las 8.	这家店8点开门。
02811	¿Te acordaste del cumpleaños de tu padre?	你记得了你父亲的生日吗？
02812	¿Dejasteis propina?	你们给了小费吗？
02813	¿Te gusta ir al cine?	你想去看电影吗？ / 你喜欢去电影院吗？
02814	Para aprender inglés hay que tener paciencia.	学英语需要耐心。
02815	Ayer, me resfrié.	我昨天感冒了
02816	Es de mi padre.	这是我父亲的。
02817	Pedí dos tés y tres cafés.	我要了两杯茶和三杯咖啡。
02818	Puede nadar una milla.	他可以游1英里。
02819	¿Me puedes enseñar?	可以教我吗？
02820	¿Ha escrito Mary esta carta?	这封信是玛丽写的吗？
02821	Siempre se está riendo.	他总是在笑。
02822	¡Qué idea más buena!	多好的主意啊！
02823	Dije que podría llover.	我说了可能要下雨。
02824	Me robaron la cartera.	我的钱包被偷了。
02825	Vuelve a hacerlo.	再做一遍。
02826	Tengo muchos amigos extranjeros.	我有很多外国朋友。
02827	Nuestro colegio tiene diez clases.	我们学校有十班。
02828	Esta noche no tengo ganas de beber alcohol.	我今晚不想喝酒。
02829	No sabía que ella estaba mala.	我不知道她病了。
02830	¿Tiene móvil?	您有手机吗？
02831	Bob tiene muchos libros en su cuarto.	Bob的房里有很多书。
02832	Gracias por el regalo.	谢谢你的礼物。
02833	No fuma.	他不吸烟。
02834	¡Cielo santo! ¡Está delicioso!	天呐，真好吃!
02835	Salió del coche.	她从车里出来了。
02836	Excepto yo, todo el mundo está ocupado.	除了我以外，大家都很忙。
02837	¿Cuánto tiempo piensas quedarte aquí?	你打算在这儿待多久？
02838	¿Cuánto tiempo vas a quedarte?	你要待多久？
02839	Le preguntó a su mujer si venía con él.	他问了他妻子是不是跟他一起来。
02840	Me robaron el bolso.	我的包被偷了。
02841	Es alto y guapo.	他既高又帅。
02842	Estaba solo en la casa.	他当时一个人在家。
02843	Dice que le encantan las flores.	她说她很喜欢花。
02844	Esta caja no es tan grande como la otra.	这个盒子没那个盒子大。
02845	Lloró al leer la carta.	她流泪看着信。
02846	Esta mañana, he comido pan con mantequilla.	今天早上，我吃了面包夹黄油。
02847	Unos minutos más tarde, sonó el teléfono.	几分钟后，电话响了。
02848	Tu coche es rápido, pero el mío todavía más.	你的车很快，但是我的更快。
02849	¿Estás listo para empezar?	你准备好开始了吗?
02850	El desarrollo de China es demasiado rápido.	中国发展得太快了。
02851	Conoce a mucha gente.	他认识很多人。
02852	Quiero aprender francés.	我想学习法语。
02853	¿Dónde estarás?	你会在哪里？ / 你将在哪里？
02854	¿Puedo verte mañana?	我明天能见你吗？
02855	¿Queréis ir al zoo esta tarde?	你们今天下午想不想去动物园？
02856	Hacía mucho tiempo que no le veía.	我很久没见过他了。
02857	Mamá está jugando al tenis.	妈妈现在打网球。
02858	Él estudia la historia de los Estados Unidos.	他学美国的历史。
02859	¿Puedo comerme esta naranja?	我能吃这只橙子吗？
02860	Mi tío me dio un par de zapatos.	我叔叔给了我一双鞋。
02861	Todavía no se ha acostumbrado a la vida en la ciudad.	他还没有习惯城市生活。
02862	No entres.	不要进来。
02863	Los domingos no voy al colegio.	我周日不去学校。
02864	Ella es médico.	她是医生。
02865	Ahora, estamos en la estación de Tokio.	我们现在在东京站。
02866	¿Sabes si ella habla inglés?	你知道她会说英语吗？
02867	Últimamente, siempre estoy muy ocupado.	最近我一直都很忙。
02868	Es un jugador de béisbol.	他是个棒球手。
02869	¿Puedo hacerte unas preguntas?	我能问一些问题吗？
02870	Tengo tres maletas.	我有三个行李。
02871	Lo que dijo no era verdad.	她所说的话是不真实的。
02872	Mi tío trabaja en esta oficina.	我的叔叔在这个办公室里工作。
02873	No fue a clase.	他没去学校。
02874	Este examen me ha parecido difícil.	我觉得这个测试很难。
02875	Vale.	行。 / 好。
02876	Hay un vuelo entre Tokio y Moscú.	在东京和莫斯科有一个航班。
02877	Lo único que puedes hacer es esperar.	所有你能做的就是等待。
02878	Mi hermano pequeño está viendo la tele.	我弟弟在看电视。
02879	¿Come usted carne?	您吃不吃肉？
02880	Viven cerca del colegio.	他们住在学校附近。
02881	¿No quiere comer?	您不想吃饭吗？
02882	Nunca he estado en Europa.	我从没去过欧洲。
02883	Toco el piano después de cenar.	我晚饭后弹钢琴。
02884	Lleva el pelo muy corto.	她的头发很短。
02885	Un estudiante quiere verte.	有个学生想见你。
02886	Me encanta bailar.	我很喜欢跳舞。
02887	Hace dos años que le conozco.	我认识她两年了。
02888	Roma es la capital del mundo.	罗马是世界的首都。
02889	Todos los estudiantes están estudiando inglés.	学生们都在学英语。
02890	Si yo fuera tú.	如果我是你的话。
02891	Todo el mundo está de acuerdo contigo.	大家都同意你。
02892	¿Qué hace?	他要做什么？
02893	Vino a verme ayer por la tarde.	他昨天下午来看我。
02894	¿Hoy estás ocupado?	你今天忙吗？
02895	Esta medicina hay que tomarla tres veces al día.	这点药一天吃三次。
02896	Nadie sabe dónde vive.	没人知道他住在哪儿。
02897	Nací el 10 de octubre de 1972.	我在一九七二年十月十日出生。
02898	¿Estás?	你在吗？
02899	¿A qué hora te vas a ir a casa?	你今天几点回家？
02900	Últimamente, tengo poco tiempo para leer.	我最近没甚么时间看书。
02901	¿Están todos los que hablan chino?	说汉语的人都在吗?
02902	Dime cuándo empezar.	告诉我什么时候开始。
02903	Acaba de volver de Francia.	他最近从法国回来了。
02904	Ese escritor está escribiendo un nuevo libro.	那个作家正在写新书。
02905	Tienes que levantarte antes.	你该早一点起床。
02906	Vamos a descansar ahora un rato.	现在休息一下。
02907	¡Él está aquí!	他在这儿!
02908	Hoy me he levantado a las siete.	我今天早上七点起床。
02909	Planeo escribirle una carta a Judy.	我打算写封信给Judy。
02910	El padre es bueno.	父亲是好的。
02911	Esta tarde el tiempo va a empeorar.	今天下午天气会变差。
02912	¿Me puedes ayudar a lavar estos trastes?	你能帮我洗这些碗盘吗？
02913	No llegues tarde a la escuela mañana.	明天上学不要迟到。
02914	A Ann le encanta comer chocolate.	Ann爱吃巧克力。
02915	Él vendrá.	他会来的。
02916	Tengo un perro.	我有一条狗。
02917	El café no es bueno.	咖啡不好。
02918	Mi hermana mayor toca bien la guitarra.	我的姐姐弹吉他弹得很好。
02919	En verano, estamos acostumbrados a ir al río a nadar.	夏天我们习惯去河里游泳。
02920	No entiendo su broma.	我听不懂他的笑话。 / 我不懂他的玩笑话。
02921	¡Aah! ¡Se me ha estropeado el ordenador!	啊！我的电脑坏了！
02922	¿Puedo utilizar tu diccionario?	我能用一下你的字典吗？
02923	Busco mi llave.	我在找我的钥匙。
02924	Estudio inglés.	我学英语。 / 我学英文。
02925	Si puedes ver tu aliento cuando exhalas, sabes que hace frío.	如果呼气的时候能看到自己的气，你就知道天气很冷。
02926	Yo sigo diciendo que soy inocente, pero nadie me escucha.	我再三申明无罪，但是没人听我讲。
02927	Los objetos que no se reclamaron se vendieron en la subasta.	无人领取的物品被拍卖了。
02928	Él se llevó el vaso a los labios y lo vació de un trago.	他把杯子举到嘴边，一饮而尽。
02929	Yo no me como el corazón de la manzana.	我不吃苹果核。
02930	¿Cómo puedes acusarme de algo así? Yo nunca le levantaría la mano a mi hijo.	你怎么敢指责我做这种事？我决不会动手打我的儿子。
02931	Lee la lista que te enviamos y comprueba que todas las frases te suenan bien.	请把发给你的那张单子看一下，再确认一下所有的句子都很通顺。
02932	El equipo local siempre tiene ventaja sobre su rival.	主场队总是比对手有优势。
02933	¿Te gusta el inglés?	你喜欢英语吗？
02934	Ellos vivían felices.	他们生活得很幸福。
02935	¿Estás enfadado?	你生气了吗？
02936	Quiero alquilar una casa.	我想租房。
02937	Soy Paulo, tu compañero de habitación.	我是保罗，你的室友。
02938	No es más guapa que su madre.	她没有比她妈妈更漂亮。
02939	¿Es correcta mi respuesta?	我的答案对不对？
02940	Quiero que te quedes conmigo.	我想你和我待在一起。
02941	La tienda ha cerrado a las 5.	商店5点关门了。
02942	Ken todos los días juega al fútbol.	Ken每天都踢足球。
02943	¿Cuántas personas hay en tu familia?	你家有多少人？
02944	Lo que digo es la verdad.	我说的是真的。
02945	Somos humanos.	我们是人。
02946	Por favor, dame una hoja.	请给我张纸。
02947	¿Tienes un plan?	你有计划吗？
02948	¿A qué instituto vas?	你要去哪个高中读书？
02949	¿Sigue lloviendo?	还在下雨吗？
02950	Vive en Yokohama.	她住在横滨。
02951	He estado en París.	我去过巴黎。
02952	Nadie sabía dónde estaba.	没人知道她在哪里。
02953	Intento aprender inglés.	我正在试着学英语。
02954	Tienes que estudiar más.	你该学得更多。
02955	Él está enfermo.	他生病了。
02956	No me gusta que me traten como a un niño.	我不喜欢被当作孩子。
02957	Espera aquí un poco.	在这儿等一会儿。
02958	Mi padre está ahora en el hospital.	我父亲现在在医院。
02959	Vino a Tokio con tres años.	他三岁就到东京了。
02960	Me gustan las flores como, por ejemplo, las rosas.	我喜欢花，比如说，玫瑰。
02961	No tengo dinero para comprar ese diccionario.	我没有钱买那本字典。
02962	Odia viajar en avión.	他讨厌坐飞机旅行。
02963	¿Cuántos son?	你们是几位？
02964	Cuéntale una bella historia a mi joven amigo.	给我年轻的朋友讲个美丽的故事。
02965	¿Puedo hablar con Bill?	我可以跟Bill说话吗?
02966	Le gusta viajar al extranjero.	他喜欢到国外旅行
02967	Quiero ir a la fiesta del uno de noviembre.	我想要参加十一月一日的派对。
02968	Él tiene un hermano y dos hermanas.	他有一个兄弟和两个姐妹。
02969	¿Cuánto cuesta el coche más caro?	最贵的车多少钱？
02970	Volvió a las seis.	他六点回来了。
02971	Tenéis que hacerlo enseguida.	你们应该马上做。
02972	Estos zapatos son demasiado pequeños.	这双鞋子太小了。
02973	Ella no tiene que ir a la escuela el sábado.	她星期六不用上学。
02974	Tiene dos gatos: uno negro y otro blanco.	他有两只猫:一只黑的一只白的。
02975	Necesita ayuda.	她需要帮助。
02976	Iré andando.	我走路去。
02977	¿Vienes aquí todas las noches?	你每天晚上来这里吗?
02978	¡Ah!, ¡Fantástico!	啊，真棒！
02979	Empecé a vivir solo.	我开始了一个人的生活。
02980	Su casa está muy lejos de la estación.	他们的房子离火车站很远。
02981	Se enfadó mucho con sus hijos.	她对她的孩子非常生气。
02982	Vestía como una actriz.	她穿得像个演员。
02983	Ningún problema.	没事儿。
02984	¿Puedo descansar un poco?	我能休息一会儿吗？ / 我休息一会没问题吧？
02985	Quiero ir a Seattle.	我想去西雅图。
02986	¿De quién es ese cuaderno?	那本笔记本是谁的？
02987	¿A qué hora salimos mañana?	我们明天几点出发？
02988	¿Tiene un lápiz?	您有铅笔吗？
02989	Puedes leer el libro que quieras.	你可以读你喜欢的书。
02990	Llama a Tom inmediatamente.	马上给Tom打电话。
02991	Dejé tu libro en el coche.	我把你的书落在车上了。
02992	Nuestro maestro le advirtió que no volviera a llegar tarde.	我们的老师警告他不要再迟到。
02993	Para empezar, quiero agradecerles a todos ustedes.	首先，我要感谢你们所有人。
02994	Mi amigo tiene diecisiete años.	我的朋友十七岁了。
02995	Mi amiga tiene diecisiete años.	我的朋友十七岁了。
02996	El chico dijo que vendría un lobo.	这个男孩说会来一条狼。
02997	Tengo un perro y dos gatos.	我有一只狗和两只猫。
02998	¿Sabes qué hora es?	你知道现在几点吗？
02999	Hay miles de millones de estrellas en el cielo.	天空中有数十亿的星星。
03000	Me pregunto si alguien podrá ayudarme a hacer esto.	我在想有没有人能帮我做这个。
03001	Le dio un nuevo nombre.	他给了他一个新名字。 / 他给了它一个新名字。
03002	Nos bañamos todos los días.	我们每天洗澡。
03003	Ella me enseñó su habitación.	她让我看到了她的房间。
03004	Estoy acatarrado.	我感冒了。
03005	Akiko tiene algunos amigos en Francia.	明子在法国有一些朋友。
03006	Me gusta su coche.	我喜欢您的车。
03007	Me he resfriado.	我感冒了。
03008	Todos dicen que me parezco a mi padre.	每个人都说我看起来像我爸爸。 / 人人都说我长得像我爸。
03009	Soy de Singapur.	我是从新加坡来的。
03010	Éstos son mis amigos.	这些是我的朋友。
03011	¿Qué significa "Tatoeba"?	Tatoeba是什么意思？
03012	No me gusta el inglés.	我不喜欢英语。
03013	No te gustan las historias de amor.	你不喜欢爱情故事。
03014	No le gustan las historias de amor.	您不喜欢爱情故事。
03015	Mi hermana juega con muñecas.	我妹妹正在玩娃娃。
03016	Este libro no es mío.	这本书不是我的。
03017	Algunas personas están leyendo revistas en el tren.	某些在列车上的人在看杂志
03018	Soñé con él.	我梦到了他。
03019	Él estaba muy cansado.	他很累了。
03020	Él es el hijo de una familia adinerada.	他是有钱人家的儿子。
03021	Yumiko es miembro del club de tenis.	由美子是网球俱乐部的成员。
03022	Vuelve pronto a casa.	请早点回家。
03023	Es casi tan alta como tú.	她差不多和你一样高。
03024	El inglés no es mi lengua nativa.	英语不是我的母语。
03025	El sol es más grande que la luna.	太阳比月亮大。
03026	No puedo dejar de fumar.	我无法戒烟。
03027	¿A dónde vas?	你去哪儿？
03028	Dame tu número de teléfono por favor.	请告诉我你的电话号码。
03029	Hay muchos huevos en la caja.	这个盒子里有很多蛋。
03030	Démelo.	给我！
03031	No me odies.	不要恨我。 / 不要讨厌我。
03032	¡Qué caro!	太贵了！
03033	No tengo miedo.	我不怕。
03034	¿A qué hora empezará el partido?	比赛几点开始？
03035	¿Sabes guardar un secreto?	你能保密吗？
03036	¿Puedes abrir la ventana?	你能开窗吗？
03037	¿Puede abrir la ventana?	你能开窗吗？
03038	¿Sabes resolver este acertijo?	你猜得出这个迷语吗？
03039	Pocas personas piensan así.	很少人这么认为。
03040	¿Tú no piensas así?	你不这么认为吗？
03041	Él se enamoró de ella.	他爱上了她。
03042	¿Los japoneses comen mucho pescado?	日本人吃很多鱼吗 ?
03043	Por favor, llámame Taro.	请叫我 Taro。
03044	Estudiar la cultura de otros países es interesante.	学习其他国家的文化很有趣。
03045	¡Estas flores son preciosas!	这些花多美啊！
03046	Me gustaría tomarme un café.	我想喝杯咖啡。
03047	Como ella es nueva, no conoce a nadie.	因为她是新来的，所以她谁都不认识。
03048	Como he trabajado todo el día, estoy cansado.	我工作了一整天，很累。
03049	Salgo un momento.	我出去一会儿。
03050	No sabe quién soy.	您不知道我是谁。 / 他不知道我是谁。
03051	A menudo te oímos cantar.	我们经常听到你唱歌。
03052	Nadie sabe la verdad.	没有人知道真相。
03053	¿Podemos vernos el veintiocho de febrero, hacia las tres?	我们可以在二月二十八日三时左右见面吗？
03054	Hay un gato.	有一只猫。
03055	Todo el mundo te está esperando.	所有人都在等你。
03056	De verdad que sé lo que dijo.	我真的知道他说了什么。
03057	¿Qué le dijiste a Paula?	你跟Paula说了什么?
03058	Él está solo.	他独自一人。
03059	Tom es una buena persona.	汤姆是个好人。 / 汤姆是好人。
03060	¿Por qué trabajas aquí?	你为什么在这儿工作？
03061	Ahora tengo treinta años.	我现在30岁了。
03062	Nunca había visto una ballena tan grande.	我从没见过一条那么大的鲸鱼。
03063	No estoy seguro.	我不确定。
03064	Estoy comiendo una manzana.	我在吃个苹果。
03065	Sabe tocar el piano.	他会弹钢琴。 / 他知道如何弹钢琴。
03066	¿Estás oyendo lo que digo?	你在听我说吗？
03067	Estoy usando Twitter.	我在用Twitter。
03068	Esta mesa es igual de grande que la nuestra.	这桌子和我们家的一样大。
03069	Antes de venir a Tokio, vivimos diez años en Osaka.	来东京之前, 我们在大阪住了十年。
03070	Ésta es la primera vez.	这是第一次。
03071	Edison inventó muchas cosas útiles.	爱迪生发明了许多有用的东西。
03072	Desayuno a las siete todas las mañanas.	我每朝七时吃早餐。
03073	Ella vino a Tokio en busca de un nuevo trabajo.	她为了找新工作而来了东京。
03074	Ella está muerta.	她死了。
03075	Ayer estuvo lloviendo todo el día.	昨天一整天都在下雨。
03076	Él puede recorrer mil metros en cuatro minutos.	他可以4分钟跑1000米。
03077	Voy a trabajar todos los días.	我每天去上班。
03078	Todo el mundo sabe su nombre.	大家都认识他的名字。
03079	¡Sé que vendrás!	我知道你会来的！
03080	Él corre más rápido que yo.	他跑得比我快。
03081	¿Quién conoce la fecha del cumpleaños de Hu Jintao?	谁知道胡锦涛的生日？
03082	Anoche asistí a la cumbre.	我昨晚出席了大会。
03083	No podemos ver el otro lado de la Luna.	我们看不到月亮的另一边。
03084	Amenaza lluvia.	天快要下雨了。
03085	¿Qué prefieres, la primavera o el otoño?	春天和秋天，你更喜欢哪个？ / 春天和秋天你更喜欢哪一个？
03086	Llegó justo tiempo al colegio.	他刚好准时到校。
03087	Acaba de volver a casa.	他刚回到家。
03088	Es un poco como su padre.	他有点像他的父亲。
03089	Se cansa con facilidad.	他很容易觉得累。
03090	Sabe jugar al tenis y al béisbol.	他既会打网球，又会打棒球。
03091	Jugó al tenis.	他打了网球。
03092	Dejó el libro en la mesa.	他把书放在了桌上。
03093	Ha salido ahora.	他现在出去了。
03094	¿Cuándo has ido a Londres?	你什么时候去伦敦的？
03095	En Londres hay muchos parques.	伦敦有很多公园。
03096	¿De verdad vas a ir a estudiar a Londres?	你要去伦敦读书是真的吗？
03097	Por favor, dos tés y un café.	请来两杯茶和一杯咖啡。
03098	Puedes elegir entré té, café y leche.	你可以选择红茶，咖啡或牛奶。
03099	Un té, por favor.	请给我一杯茶。
03100	En unas dos semanas.	大约两周内。
03101	Espero verte en navidades.	我期望能在圣诞节见到你。
03102	¿Habla alguien aquí japonés?	这儿有人说日语吗？
03103	Los estudiantes de este colegio son amables.	这个学校的学生很友好。
03104	No habla bien francés.	他讲不好法语。
03105	Siempre he querido verte.	我一直想见你。
03106	Esta isla está al sur de Japón.	这个岛在日本的南面。
03107	Soy estudiante de la universidad de Oxford.	我是牛津大学的学生。
03108	En Estados Unidos hay 50 estados.	美国有50个州。
03109	Este precio no es sensato.	这个价格不合理。
03110	Empezó a llover.	雨开始往下掉。
03111	¿Cómo es que no lo sabes?	你怎么会不知道？
03112	Este libro me pareció difícil de leer.	我发现读这本书很难。
03113	Trabajó demasiado y se puso malo.	他工作得太多，病倒了。
03114	Esta es la casa en la que vivía cuando era pequeño.	这是我年轻时候住的房子。
03115	¿Cuándo empieza la representación?	演出什么时候开始？
03116	Siento de veras haber vuelto tan tarde a casa.	我很抱歉那么晚回家。
03117	Uno es nuevo y el otro es viejo.	一个是新的，另一个是旧的。
03118	Ya ha comido.	他已经吃过午饭了。 / 您已经吃过饭了。 / 他已经吃过饭了。 / 她已经吃过饭了。
03119	No sólo es guapa, sino que también es inteligente.	她不但漂亮，而且聪明。 / 她既漂亮又聪明。
03120	¿Va a nevar esta noche?	今晚会下雪吗？
03121	¿Quién lo construyó?	这是谁建的？
03122	No debes fumar mientras estés trabajando.	工作的时候你不许吸烟。
03123	Debemos respetar las reglas.	我们必须遵守规则。
03124	Me gustaría saber cómo el cuerpo absorbe estas sustancias.	我想知道这些物质是怎么被人体吸收的。
03125	Es lunes.	今天是星期一。
03126	Ken colecciona monedas antiguas.	肯收集古钱币。
03127	Estás enfermo, tienes que descansar.	你病了，该休息了。
03128	¿Es cierto?	真的吗？
03129	Puedes quitar el NNC.	你可以删除「需要母语者确认」的标签。
03130	¡Date prisa! Si no, llegaremos tarde.	快点！不然我们要迟到了。
03131	Está nevando hoy.	今天下雪。
03132	Quiere a sus hijos por igual.	她的孩子她都一样爱。
03133	Quiero un poco de tarta.	我想要点蛋糕。
03134	Espero que este trabajo esté terminado mañana a las 2 de la tarde.	明天下午2点以前，我希望这工作完成了。
03135	Tom habla alemán igual de bien que inglés.	汤姆的德语说得和英语一样好。
03136	No puedes beber agua del mar porque es demasiado salada.	你不能喝海水，因为它太咸了。
03137	Probablemente, va a llegar tarde al colegio.	他上学很可能会迟到。
03138	Los hombres tienen que trabajar.	男人应该工作。
03139	Pregúntale si sabe hablar japonés.	问问他会不会说日语。
03140	Había mucha gente en el concierto.	音乐会上有很多人。
03141	Ayer recibí una carta escrita en inglés.	昨天，我收到一封用英语写的信。
03142	Tenemos que hacerlo lo mejor posible.	我们应该做到最好。
03143	Tiene algo de dinero en el banco.	他银行里有点钱。
03144	Pedí una pizza por teléfono.	我打电话订了个披萨。
03145	Cada uno de ellos cantó una canción.	他们中每个人都唱了一首歌。
03146	¿Qué querrá hacer tu hijo cuando sea mayor?	你儿子长大了想做什么？
03147	¿Le puedo pedir su nombre y dirección?	我能问一下您的姓名和住址吗？
03148	No puede ser Mary. Está ahora mismo en el hospital.	那不可能是玛丽，她现在在医院。
03149	¿Podrá venir mañana?	他明天能来吗？
03150	Hoy no me encuentro bien.	我今天感觉不太舒服。
03151	El chico que me gusta no me quiere.	我爱的那个男孩不爱我。
03152	¿Vas a visitar otros países?	你会去访问其他国家吗？
03153	¿Has estado alguna vez en Hawái?	你已经去过夏威夷了吗？
03154	La familia llama al perro "Spot".	这条狗被这家人叫做“Spot”。
03155	Me siento como si estuviera en un sueño.	我感觉就像做梦一样。
03156	Me sentía como si estuviese muerto.	我感觉好像死了一样。
03157	Nunca me había sentido así de bien.	我从来没感觉那么好过。
03158	Me siento muy feliz.	我觉得很幸福。
03159	Esta noticia la puso triste.	这个消息让她很伤心。
03160	Tenemos una buena noticia.	我们有个好消息。
03161	Le gustan las naranjas.	他喜欢橙子。
03162	Quiero un zumo de naranja.	我想要橙汁。
03163	Es un tipo de melón.	这是一种西瓜。
03164	Nunca había visto una sandía tan grande.	我从没见过那么大的西瓜！
03165	La amo.	我爱她。
03166	¿Lo chupaste?	也许你舔了它?
03167	¿Confías en ella?	你相信她吗?
03168	¿Qué más quieres?	想要点什么?.
03169	Si no te comiste el pastel que hice, entonces lo hizo tu hermana.	我做的蛋糕不是被你吃了，就是被你妹妹吃了。
03170	Todos se divirtieron mucho en la fiesta.	这场派对大家都玩得很开心。
03171	Dijo: "Confía en mí".	“相信我。”他说。
03172	Están locos estos madrileños.	从马德里来的人都很怪。
03173	No sé cuándo se casó.	我不知道她是什么时候结婚的。
03174	No leo mucho los periódicos.	我不太看报纸。
03175	Es el hombre más alto que he visto en mi vida.	这是我见过的最高的男人了。
03176	Necesito tu pasaporte y tres fotos.	我需要你的护照和三张照片。
03177	Me gusta hacer fotos.	我喜欢拍照。
03178	¿Puedo hacer fotos aquí?	我能在这里拍照吗？
03179	Estas fotos son realmente bonitas.	这些照片真美。
03180	¿Hay algo que tenga que hacer?	有什么事是我该做的吗？
03181	Ahora estudio economía en la universidad.	我正在大学里读经济。
03182	Tenemos que ir al colegio.	我们必须去学校了。
03183	Dijo que era feliz.	她说了她很幸福。
03184	Todavía no ha oído esta noticia.	她还没听到这个消息。
03185	¿Quiere usted otra taza de té?	您想再喝杯茶吗？
03186	Vimos cómo los niños se subían al autobús.	我们看见孩子上了车。
03187	¡Me lo ha comprado el abuelo!	爷爷买给我的！
03188	Este fin de semana, si es posible.	如果可能的话，这周末。
03189	Mi padre ha salido, pero mi madre está en casa.	爸爸出去了，但妈妈在家。
03190	Mi padre ni bebe ni fuma.	我爸爸既不喝酒也不抽烟。
03191	No es cantante, sino actor.	他不是歌手，但是个演员。
03192	¡Oh! ¿Qué es esto?	哦，这是什么？
03193	Tienen que trabajar 8 horas al día.	他们每天必须工作8小时。
03194	No hay nada tan importante como la paz.	没有什么和和平一样重要。
03195	¿Has alquilado un apartamento?	你租房子了吗？
03196	¿Me puedes dejar la bicicleta?	你能把你的自行车借给我吗？
03197	Su profesión es enseñar inglés.	教英语是他的职业。
03198	Me habló el hombre que estaba sentado a mi lado.	坐在我旁边的男人跟我说话了。
03199	Salía de mi casa cuando Tom me llamó por teléfono.	Tom打电话给我的时候，我正要离开家。
03200	Te regalaré una bicicleta por tu cumpleaños.	你生日的时候，我送你一辆自行车。
03201	Empezó a buscar trabajo.	他开始找工作了。
03202	Ponte los zapatos y vamos a cenar.	穿上你的鞋，我们出去吃晚饭。
03203	Por favor, ¿me puedes enseñar esta falda?	请你给我看一下这条裙子好吗？
03204	Mi hermana pequeña se parece a mi madre.	我妹妹很像我妈妈。
03205	Tardaré 20 minutos en ir en taxi a la estación.	乘出租车去火车站只要20分钟。
03206	¿Cuánto tiempo piensas quedarte en este país?	你打算在这个国家待多久？
03207	¿Me ha llamado alguien mientras estaba fuera?	我出去的时候有人打我电话吗？
03208	¿Puedes decirme qué es esto?	你能告诉我这是什么吗？
03209	Ogai es su autor favorito.	Ogai是他最喜欢的作者。
03210	Es alto y gordo, y siempre está ocupado.	他又高又胖，还总是很忙。
03211	¿Ken estaba en casa ayer?	Ken昨天在家吗？
03212	Estoy agotado por el trabajo.	我工作累死了。
03213	Tiene un hijo y dos hijas.	她有一个儿子和两个女儿。
03214	Aparcó el coche delante del edificio.	他把车停在大楼前。
03215	Parece que Jiro ha perdido el tren.	Jiro好像错过了火车。
03216	Me corté el pelo antes del viaje.	旅行前，我剪了头发。
03217	Cuando llamé, ella acababa de llegar a casa.	我打电话的时候，她刚回到家。
03218	El tren sale a las 6.	火车6点出发。
03219	¿Desde cuándo vives en Tokio?	你从什么时候开始住在东京?
03220	Ahora no tengo tiempo.	我现在没有时间
03221	¿Ese libro es interesante?	那本书有趣吗？
03222	Es difícil tocar el piano.	弹钢琴很困难。
03223	Tengo mucho qué hacer esta semana.	这周我又好多事情要做。
03224	Nació en el siglo XIX.	他生于19世纪。
03225	Mis padres todavía no son viejos.	我父母还不老。
03226	Sonó el teléfono cuando me estaba duchando.	我在洗澡的时候，电话响了。
03227	Más o menos lo entiendo.	我大概懂了。
03228	Mañana tenemos un examen.	我们明天有个测验。
03229	Es igual de alto que yo.	他和我一样高。
03230	Ayer, llegó tarde al colegio.	他昨天上学迟到了。
03231	Esta mañana, no me apetece darme un paseo.	我今天早上不想散步。
03232	¿Quién la ha enseñado a hablar inglés?	是谁教她怎么说英语的？
03233	Ninguno de mis compañeros de clase vive cerca de aquí.	我没有一个同学住在这儿附近。
03234	Mi tío me regaló un reloj muy bonito.	我叔叔给了我一块漂亮的手表。
03235	¿Puedes adivinar mi edad?	你能猜到我的年龄吗？
03236	Es el que más trabaja de su clase.	他在他班里学习最努力。
03237	Le encantan los animales.	她很喜欢动物。
03238	Esta sopa está salada.	这汤里盐放多了。
03239	Soy un hombre.	我是个男人。
03240	Tom habla más lento que Bill.	Tom说话比Bill慢。
03241	Bill corre más deprisa que Bob.	Bill跑得比Bob快。
03242	María gasta mucho dinero en ropa.	Maria花很多钱买衣服。
03243	Vale, pero vamos a cenar primero.	好的，但我们先吃晚饭吧。
03244	¿Qué harías si tuvieses un millón de dólares?	你有100万美元的话，你会做什么？
03245	Espero vivir cerca de tu casa.	我希望住在你家附近。
03246	Ella se parece a su padre.	她像她爸爸。
03247	El teléfono sonó mientras me duchaba.	我在洗澡的时候，电话响了。
03248	Eso no es sangre. Es betabel.	这不是血。这是甜菜。
03249	Muchísimas gracias por el regalo.	非常谢谢你的礼物。
03250	Estudio.	我学习。
03251	Una carta para ti.	这是你的信。
03252	Lo que necesitamos es ayuda.	我们需要的是帮助。
03253	Solíamos jugar en el parque.	我们过去常在公园玩。
03254	Si mañana llueve, me quedaré en casa.	如果明天下雨，我就待在家。
03255	No tengo boleto.	我没有票。
03256	¿Me vendrás a recoger a las 7 de la mañana?	你明早7点来接我吗？
03257	¿Puedo utilizar tu lápiz?	我能用一下你的铅笔吗？
03258	¿Volviste a jugar al tenis ayer por la mañana?	你昨天早上在打网球吗？
03259	¿Cuánto tiempo tienes pensado quedarte?	你准备待多久？
03260	Tengo muchos amigos que me pueden ayudar.	我有很多朋友帮我。
03261	Déjame entrar.	让我进去。
03262	Tienes que cambiar de tren en Shibuya.	你得在涉谷换乘火车。
03263	Se marchó a Estados Unidos a estudiar medicina.	他去美国学医了。
03264	La madre estaba preocupada por sus hijos.	母亲很担心孩子。
03265	Todo el mundo sabe que ella habla muy bien inglés.	大家都知道她的英语说得很好。
03266	¿Nos puedes hacer una foto con esta cámara?	你能用这台相机帮我们拍张照吗？
03267	Estoy seguro de que va a tener éxito.	我肯定他会成功的。
03268	Llevo 4 años estudiando inglés.	我学英语学了4年了。
03269	Cómete todas las galletas que quieras.	想吃多少饼干就吃多少。
03270	Fui al parque a darme un paseo.	我去公园散了步。
03271	Mi actitud hacia él cambió.	我对他的态度变了。
03272	Acaba de salir de su casa.	他刚离开家。
03273	Tienen su propia cultura.	他们有他们自己的文化。
03274	Te llamaré hacia las 5.	我会在5点左右打电话给你。
03275	Este vestido es muy barato.	这条连衣裙很便宜。
03276	Cerca de mi casa hay un parque muy bonito.	我家附近有个漂亮的公园。
03277	¿Puedes adivinar lo que tengo?	你能猜到我有什么吗？
03278	En agosto no hay clase.	8月份没课。
03279	¿Has encontrado ya al señor Smith?	你已经见过史密斯先生了吗？
03280	Sin tu ayuda no lo habría logrado.	没有你的帮忙，我无法达成。
03281	Debería haber llegado ya.	现在他应该已经到了。
03282	Devolví los libros que había sacado de la biblioteca y me llevé prestados otros nuevos.	我还了从图书馆借的书，又借了些新的。
03283	¿Sabes cuándo va a venir aquí el músico?	你知道音乐家什么时候来这儿吗？
03284	Esta tienda abre de 9 de la mañana a 6 de la tarde.	这家店从9点开到18点。
03285	La reunión terminó a las 9.	会议在9点结束了。
03286	Déjame probar.	让我试试。
03287	Mi trabajo es fregar los platos.	我的工作是洗碗。
03288	Paremos en la próxima gasolinera.	我们在下个加油站停一下。
03289	Ha estado en París.	她去过巴黎。
03290	Supongo que puedes tener razón.	我猜想你可能是对的。
03291	Se crio en Australia.	他在澳大利亚长大。
03292	¿Cuál es la población de Nueva York?	纽约市的人口有多少？
03293	El colegio empieza a las 8 y media.	学校8点半开始上课。
03294	Comemos pan con mantequilla.	我们吃面包夹黄油。
03295	Parte de su historia es cierta.	他的故事一部分是真的。
03296	Él es un amigo de mi hermano.	他是我弟弟的一个朋友。
03297	No tengo amigos que me ayuden.	我没朋友帮我。
03298	Vi la televisión después de fregar los platos.	我洗完碗后看了电视。
03299	¿Vas en avión o en tren?	你乘飞机还是乘火车去？
03300	No voy a volver a hablar en francés contigo.	我不会再跟你说法文了。
03301	Algunos compañeros de clase me vieron dándole chocolate.	一些同学看见我给了他巧克力。
03302	Tengo dos hijos: uno está en Tokio y el otro en Nagoya.	我有两个儿子，一个在东京，另一个在名古屋。
03303	Al abrir la puerta, rompí la cerradura.	我开门的时候弄坏了锁。
03304	Que tengas buen viaje.	祝你旅途愉快。
03305	¿Te dejó tu tío conducir el coche?	你叔叔让你开他的车了吗？
03306	Nunca he visto o escuchado algo así.	我没见过也没听过这样的事。
03307	Compré el libro por doscientos yenes.	我用两千日元买了这本书。
03308	¿Cuál es mi número de habitación?	我的房间号是多少？
03309	No hablo ni francés ni alemán.	我不会说法语，也不会说德语。
03310	Conozco al señor Smith desde hace muchos años.	我认识史密斯先生有好多年了。
03311	Ese estudiante corre muy rápido, ¿no?	那个学生跑得很快，不是吗？
03312	Este hombre y su mujer se ayudaron mutuamente.	这男人和他妻子互相帮助。
03313	Volverá a casa el domingo que viene, es decir, el día 10.	她下周日回家，也就是10号。
03314	¿Qué te parece este jersey?	你觉得这件毛衣怎么样？
03315	¿Puedes ponerme un poco más de té?	你能再给我点茶吗？
03316	Mi madre me preparó la comida.	妈妈为我准备了午饭。
03317	Va todos los días al colegio a estudiar.	他每天去学校学习。
03318	Normalmente, me ducho por la noche.	我通常在晚上洗澡。
03319	Voy en bicicleta a la oficina salvo los días de lluvia.	除了雨天，我都是骑车去上班的。
03320	Quiero verlo.	我想看看。
03321	Se puso el sombrero.	她戴上了她的帽子。
03322	El aparcamiento es gratuito.	停车场是免费的。
03323	A nuestros hijos les gustan los perros, pero yo prefiero los gatos.	我们的孩子喜欢狗，但我更喜欢猫。
03324	Vamos a bajarnos aquí.	我们在这里下车吧。
03325	Posiblemente se ha perdido.	他可能迷路了。
03326	Quiero otra cerveza.	我想再来一杯啤酒。
03327	Al final, no vino.	最后她没有来。
03328	Papá coge el metro a las 7:00 para ir a trabajar.	爸爸乘早上7点的地铁去上班。
03329	¿Ese edificio gris?	那栋灰色的大楼吗？
03330	¿Cuál prefieres? ¿Este o ese?	你更喜欢哪个，这个还是那个？
03331	Es peligroso que los niños se bañen en este río.	孩子在这条河里游泳太危险了。
03332	Empezaremos en cuanto llegue.	她一到，我们就开始。
03333	Tenemos que tener en cuenta que es muy joven.	我们必须考虑到他很年轻。
03334	Te enseñaré a conducir.	我会教你怎么开车。
03335	Se perdió en el bosque.	他在森林中迷了路。
03336	Ella tiene dos tíos, uno vive en Kioto y el otro en Osaka.	她有两个叔叔；一个住在京都，一个住在大阪。
03337	Su padre es alto.	她爸爸很高。
03338	Tuvieron muchos hijos.	他们有了很多孩子。
03339	No es difícil aprender holandés.	学荷兰语不难。
03340	Esta botella contiene un poco de güisqui.	这瓶内有一点威士忌。
03341	Esta botella contiene un poco de whisky.	这瓶内有一点威士忌。
03342	Si ahora tuviese un millón de yenes, me compraría un coche.	如果我现在有100万日元，我会买辆车。
03343	¿Os interesan las lenguas extranjeras?	你们对外语感兴趣吗？
03344	La situación empeora día a día.	情况一天比一天差。
03345	También fuimos al templo.	我们也去了庙里。
03346	Tienes que coger ese autobús para ir al museo.	要去博物馆，你就得乘那辆车。
03347	Los niños tienen que beber leche todos los días.	孩子们应该每天喝牛奶。
03348	Nos dimos un paseo por el bosque.	我们去了林中散步。
03349	La semana pasada no estuve ocupado.	我上周不忙。
03350	Aunque tengan una buena carta de vinos, yo tampoco quiero cenar aquí.	即使他们有很好的酒单，我也不想在这里用餐。
03351	Vendré a recogerte mañana a las ocho.	我明早八点来接你。
03352	No entiendo muy bien lo que dice.	我不太明白他说什么。
03353	Cuando sea mayor será médico.	他长大了会成为一名医生。
03354	Trabaja mucho.	他努力工作。
03355	Quiero adelgazar.	我想减肥。
03356	Me gustan las ciencias y las matemáticas.	科学和数学我都喜欢。
03357	La semana que viene voy a Vancouver a ver a mi hermana pequeña.	下周我去温哥华看我妹妹。
03358	La enfermera te puede decir cómo hacerlo.	护士会告诉你怎么做。
03359	Escríbeme, por favor, sobre la situación de tu colegio.	请写信告诉我你们学校的情况。
03360	Vive en el 56 de Rusell Square.	她住在罗素广场56号。
03361	En cuanto terminé de hacer los deberes, me puse a leer este libro.	我做完我的功课后，就读这本书。
03362	Me contó una historia interesante.	她给我讲了一个有趣的故事。
03363	Por favor, ayúdame a encontrar mi cartera.	请帮我找一下我的钱包。
03364	Hoy el viento es frío.	今天刮冷风。
03365	No quiero nada de beber.	我什么都不想喝。
03366	Probablemente gane el partido.	他有可能赢得比赛。
03367	Son melones.	它们是瓜。
03368	Si necesitas un lápiz, te lo dejo.	如果你需要笔的话，我借你一支。
03369	Vete cuando quieras.	你想走的时候就走吧。
03370	He visto a una chica con el pelo largo.	我看见一个长头发的女生。
03371	"¿Son tuyos estos coches?" "Sí, son míos".	“这些车是你的吗？”“是的，是我的。”
03372	Tres meses es poco tiempo para terminar el experimento.	要完成实验，三个月太短了。
03373	Hablaba muy alto.	他说得很大声。
03374	Fue ayer cuando Jake rompió la ventana.	是在昨天Jake打破了这扇窗。
03375	¿Puedo pagar con un cheque?	我可以用支票付吗？
03376	Ayer leyó una novela muy interesante.	他昨天看了一部最有趣的小说。
03377	Es prácticamente imposible terminar el informe antes de mañana.	在明天前完成报告几乎是不可能的。
03378	Pienso que lo que dices es verdad.	我觉得你说的是真的。
03379	Si no para de llover, no podemos ir.	雨不停，我们不会出去。
03380	He encontrado la llave que estaba buscando.	我找到那把我一直在找的钥匙了。
03381	Se va al extranjero dentro de 6 meses.	她半年后就要出国了。
03382	¿A qué hora llega el tren a Yokohama?	火车什么时候到横滨？
03383	Tiene la misma edad que yo.	他和我同岁。
03384	Siempre lleva gafas oscuras.	他总是带着黑色眼镜。 / 他总是戴著墨镜。
03385	¿Qué interés tiene hacer esto?	这么做有什么好处吗？
03386	Holanda es un país pequeño.	荷兰是个小国。
03387	No me sentía muy bien, pero fui a trabajar.	我觉得不太舒服，但我还是去上班了。
03388	Como yo, Lucy tiene muchos amigos.	露西和我一样有很多朋友。
03389	Dejó solo a su hijo para irse de compras.	她把她的小孩一个人留在那里去购物了。
03390	Da clases de piano una vez a la semana.	她每周上一次钢琴课。
03391	Dijo que temía que lloviera.	他说他怕天会下雨。
03392	Prefiero el té al café.	我喜欢茶胜过咖啡。
03393	¿No has oído ese grito?	你听不到悲鸣吗？
03394	Tengo que saberlo mañana.	我明天需要知道。
03395	He recibido su carta.	我收到了您的信。
03396	A mí también me gusta la voz de ese cantante.	我也喜欢那个歌手的声音。
03397	Quiero que me esperes hasta que salga de trabajar a las 7.	我想你等我等到7点下班。
03398	¿Has estado alguna vez en Kioto?	你去过京都吗？
03399	El niño estaba tumbado escuchando la radio.	男孩躺着听收音机。
03400	¿Qué dice en la carta?	他在信上说什么？
03401	Si hubiese sabido que estabas aquí, habría venido de inmediato.	如果我早知道你在这儿的话，我马上就来了。
03402	Lo mejor es que te vayas ahora.	你最好现在就走。
03403	Ahí había dos tartas.	那有两块蛋糕。
03404	¿Por qué motivo vino aquí?	他来这里的目的是什么？
03405	Tenía mucha hambre cuando volví a casa.	我回到家的时候，感觉非常饿。
03406	Fue en bicicleta.	他骑自行车去的。 / 他骑脚踏车去。 / 他是骑自行车去的。
03407	Esta bicicleta necesita un arreglo.	这辆自行车需要修理。
03408	Es mi bicicleta.	这是我的自行车。
03409	Anoche me robaron la bicicleta.	昨晚我的自行车被偷了。
03410	Tengo un examen en enero.	我一月份要参加考试。
03411	No sólo nos dio ropa, sino también un poco de dinero.	他不仅给了我们衣服，还有一点钱。
03412	Es mi diccionario.	这是我的字典。
03413	En verano, aquí hace mucho calor. El invierno es muy seco.	这里的夏天很热，另外，冬天很干燥。
03414	Vamos.	走吧。
03415	Aunque es rico, no es feliz.	虽然他很有钱，但他不幸福。
03416	Me quiero casar con una hija como ella.	我想和一个像她那样的女孩结婚。
03417	Hoy hace bueno, al igual que hará mañana.	今天天气很好，和明天一样。
03418	Haz todo lo que te diga.	他跟你说什么，你就做什么。
03419	Tardé más de 2 horas en traducir unas páginas en inglés.	翻译几页英文花了我2个多小时。
03420	Quiero saber a donde ha ido.	我想知道她去哪儿了。
03421	¿Quién es tu estrella de la televisión preferida?	谁是你最喜爱的电视明星？
03422	¿Cuánto se tarda en ir andando a la estación?	走着去火车站要多久？
03423	Me gusta escuchar música clásica cuando tengo algo de tiempo libre.	有空的时候，我总喜欢听古典音乐。
03424	Cerca hay una parada de autobús.	附近有个车站。
03425	No funciona el reloj.	钟不走了。
03426	¡Ha venido!	她来了！
03427	Veo una mujer vestida de negro.	我看见一个穿黑衣服的女人。
03428	Salvo las zanahorias, no hay nada que no coma.	除了胡萝卜，他没有什么是不吃的。
03429	No estoy de acuerdo con que vaya sola allí.	我不同意她一个人去那儿。
03430	Está aprendiendo a conducir.	他正在学怎么开车。
03431	No creo que se parezca a su madre.	我不觉得她像她妈妈。
03432	Por favor déjame ir.	请允许我去。
03433	Yo te haré feliz.	我会让你幸福的。
03434	Lo siento, todavía tengo otra reunión.	很抱歉，我还有另一个约会。
03435	Es bueno leer buenos libros cuando se es joven.	年轻的时候多看点好书是件好事。
03436	El presidente se negó a responder esa pregunta.	总统拒绝回答那个问题。
03437	Desayunamos a las 7.	我们7点吃了早饭。
03438	Esperaba haber tenido éxito.	他希望已经成功了。
03439	Para hacer una tarta, necesitas huevos, mantequilla y azúcar.	要做蛋糕，你要用到鸡蛋，黄油和糖。
03440	Mi padre se licenció en la Universidad de Harvard.	我爸爸是哈佛大学毕业的。
03441	Escuché, pero no entendí nada.	我听了，但什么也没听到。
03442	Por favor, no hagas fotos aquí.	请别在这里拍照。
03443	Con un poco más de esfuerzo, habría tenido éxito.	如果他当时再努力一点，他就成功了。
03444	Este es el señor Yasuda.	这位是安田先生。
03445	Me llamó por teléfono a medianoche.	他半夜打了个电话给我。
03446	No siempre es verdad lo que dice un diccionario.	字典上写的不总是对的。
03447	Es igual de listo que cualquier otro niño de la clase.	他和班上其他男生一样聪明。
03448	Le dejaron el pelo corto.	他把头发剪短了。
03449	Mi hermana pequeña tiene clases de piano dos veces a la semana.	我妹妹每周上两次钢琴课。
03450	Jane estaba a punto de irse de casa.	Jane正要离开家。
03451	Ann escribió algo en la pizarra.	Ann在黑板上写了些什么。
03452	Hay algunas manzanas en el árbol, ¿verdad?	树上有些苹果，不是吗？
03453	Lo único que tienes que hacer es escribir aquí tu nombre y dirección.	你只要在这里写下你的姓名和地址就行了。
03454	El mes pasado, nuestra hija de 20 años dio a luz una niña.	上个月，我们20岁的女儿生了个女孩。
03455	¿Tengo otras opciones?	我还有其他选择吗？
03456	Me habló un extraño en el autobús.	在公车上，一个陌生人和我说了话。
03457	Tiene muchas ganas de un vestido nuevo.	她很想要一条新的连衣裙。
03458	Porque quiero ser traductor.	因为我想成为翻译。
03459	¡Fuego! ¡Corred!	着火了！快跑啊！
03460	Muchas personas trabajan en ciudades industriales.	许多人在工业城市工作。
03461	En febrero, tuvimos unas vacaciones cortas.	2月我们有个短期休假。
03462	¿Qué te parece si vamos a esquiar?	我们去滑雪怎么样？
03463	¿Todavía necesitas té?	你还需要茶吗？
03464	Pero él no sonríe con frecuencia.	但是他不常微笑。
03465	¿Estudia?	您学习吗？
03466	Vimos muchos peces vivos en el estanque.	我们看见池里有很多活鱼。
03467	Es profesor de biología en Harvard.	他是哈佛大学的生物学教授。
03468	No entiendo por qué eres tan crítico con él.	我不明白为什么你这么批评他。
03469	Llegaste tarde a trabajar.	你上班迟到了。
03470	¡Qué rápido corre este perro!	这狗跑得多快啊！
03471	Todo lo demás está bien.	其他的一切都好。
03472	¡Vamos a jugar al fútbol!	去踢足球吧。 / 我们去踢足球吧！
03473	Lo he leído en el periódico.	我在报纸上看到了它。
03474	Perdí mi paraguas.	我丢了我的伞。
03475	Tengo un huevo.	我有一只蛋。
03476	Este no me gusta.	我不喜欢这个。
03477	Un día me olvidarás.	有一天你会忘了我。
03478	Soy chino.	我是中国人。
03479	¿Puede enseñarme a jugar al ajedrez?	您能教我下国际象棋吗？
03480	Se fue a pescar en vez de a jugar al tenis.	他去钓鱼了，而没去打网球。
03481	Me trajo un café, aunque había pedido un té.	我要的是茶，而他却给了我一杯咖啡。
03482	Este colegio se fundó en 1970.	这所学校是1970年建成的。
03483	No tengo a nadie que quiera viajar conmigo.	我没有一个愿意跟我一起旅行的人。
03484	Les dijo el secreto a sus amigos.	他把她的秘密告诉了他的朋友。
03485	¿Has estado en Kobe?	你去过神户吗？
03486	Está en el sofá.	它在沙发上。
03487	Está sobre el sofá.	它在沙发上。
03488	Su casa es pequeña y vieja.	他的房子又小又旧。
03489	Esto es una oficina de correos y eso es un banco.	这是邮局，那是银行。
03490	Quiero ir a esquiar con ella.	我想和她去滑雪。
03491	Sería mejor que te dieras prisa.	你最好快点。
03492	Puede que llueva.	可能会下雨。
03493	Tiene que tener más de 80 años.	她肯定超过80岁了。
03494	Le gusta cocinar para su familia.	她喜欢为她的家人做饭。
03495	¿Puedo hacerle una pregunta?	我可以问您一个问题吗？
03496	¿Qué día nació?	她几点出生?
03497	Tom no sabe jugar al tenis.	汤姆不会打网球。
03498	Haz tú solo los deberes.	自己做你的功课。
03499	¿No cerraste el coche?	你没有把你的车上锁吗？
03500	Este CD es mío.	这张CD是我的。
03501	No lo he dicho.	我没说。
03502	No olvides llamarme.	不要忘了给我打电话。
03503	No te olvides de llamarme.	不要忘了给我打电话。
03504	Esto es Japón.	这是日本。
03505	El colegio empieza mañana.	明天就开学了。
03506	Es nuestra estación de lluvia.	这是我们多雨的季节。
03507	También fui.	我也去了。
03508	Quiero ver la televisión.	我想要看电视。
03509	Me dijo que iría a París en agosto.	她对我说8月去巴黎。
03510	Mi padre ya había estado en Grecia.	我爸爸已经去过希腊了。
03511	Ese libro es muy viejo.	那本书很旧。
03512	Seguramente va a ganar el partido.	他很可能赢得比赛。
03513	No sabe conducir.	他不会开车。
03514	Según mi reloj, son las 4.	我表上是4点。
03515	¿Desde hace cuánto que la conoces?	你认识她多久了？
03516	Tu tío le corta el pelo a tu tía.	你叔叔给你阿姨剪头发。
03517	Con frecuencia, estudio mientras escucho música.	我经常边学习边听音乐。
03518	¿Ha estado alguna vez en Estados Unidos?	您已经去过美国了吗？
03519	¡Ven conmigo!	跟我来！
03520	¡Si te gusta comer marisco, has venido al sitio adecuado!	如果你喜欢吃海鲜的话，你就来对地方了！
03521	Todavía no he terminado de desayunar.	我还没吃完早饭。
03522	Lynn corre muy rápido.	Lynn 跑得很快。
03523	Ellos cantaban una canción mientras caminaban por la calle.	他们一边唱歌一边走路。
03524	Espero verla.	我希望会看见她。
03525	¿Qué tengo que hacer?	我该做什么？
03526	Ella es guapa.	她很漂亮。
03527	Ayer fui al parque.	我昨天去了公园。
03528	¿Por qué estás enfadado?	你为什么生气？
03529	¿Cuándo empezó a llover?	什么时候开始下雨的?
03530	Me encontré con uno de mis amigos en el aeropuerto.	我在机场遇到我的一个朋友。
03531	No digas eso.	别说这个。
03532	Me sorprendió su perseverancia.	我对他的坚持感到很惊讶。
03533	Podía contestar a todas las preguntas.	我可以回答所有问题。
03534	Di por sentado que él cumpliría su palabra.	我理所当然地认为他会履行诺言。
03535	Empezó a sentir miedo.	他开始害怕了。
03536	Tengo pocos libros.	我有一些书。
03537	Él le dio un libro.	他给了他一本书。
03538	Él le ha dado un libro.	他给了他一本书。
03539	De repente, el cielo se oscureció.	天空突然变暗了。
03540	¿Puedo hablar con el profesor?	我能和老师说话吗？
03541	Trabajas demasiado, por eso siempre estás cansado.	因为你工作得太多，所以你总是很累。
03542	Está estudiando derecho en Harvard.	他在哈佛大学学习法律。
03543	¿Hablas klingon?	你会说克林贡语吗？
03544	Los romanos no habrían tenido tiempo suficiente para conquistar el mundo si primero hubieran tenido que estudiar latín.	如果他们必须先学拉丁文的话，是没有时间让罗马人征服世界的对吧。
03545	Buenas noches, ¿cómo estás?	晚上好，你好吗？
03546	No soy ateniense, ni griego.	我既不是雅典人也不是希腊人。
03547	¿Te gusta estar solo?	你喜欢一个人吗？
03548	¿Te gusta estar sola?	你喜欢一个人吗？
03549	¿Le gusta estar solo?	你喜欢一个人吗？
03550	¿Le gusta estar sola?	你喜欢一个人吗？
03551	Tom estaba solo el viernes por la noche.	周五晚上，汤姆一个人。
03552	¿Qué te gusta comer?	你喜欢吃什么？
03553	¿Julián se equivocó?	Julián错了吗？
03554	Nuestro país produce mucha azúcar.	我们国家生产大量的糖。
03555	¿Tiene una habitación doble?	您有双人房吗？
03556	Hay gatos que no tienen cola.	有没有尾巴的猫。
03557	No es nada grave.	这没什么要紧的。
03558	Vino a Tokio hace cinco años, o sea, cuando tenía doce años de edad.	他在五年前，也就是十二岁的时候来了东京。
03559	Los franceses creen que nada es imposible.	法国人觉得世界上没有不可能的事。
03560	Pienso que es demasiado grande.	我想它太大了。
03561	Tengo un diccionario.	我有词典。
03562	Corrimos en el parque.	我们在公园里跑了步。
03563	¿Le importa si apago la luz?	您介不介意我把灯关了？
03564	Responde a la pregunta.	回答问题。
03565	Yo creo en él.	我相信他。
03566	No me gusta el té verde.	我不喜欢绿茶。
03567	No arrojes perlas a los cerdos.	别把鲜花插在牛粪上。
03568	Estas flores que ves son rosas.	你看到的这些花是玫瑰。
03569	Nuestro tema de la semana es: ______.	我们这周的主题是：_____。
03570	Encontremos oraciones con nuevo vocabulario sobre este tema, añadámoslas a la siguiente lista: _______, y traduzcámoslas.	让我们找关于这一主题有新单字的句子，将其添加到下面的列表：_____;并翻译它们。
03571	Toco el saxofón tenor.	我吹次中音萨克斯风。
03572	Cuentos como la Cenicienta son muy extendidos en China, Japón y otros países del mundo.	像灰姑娘这样的童话在中国、日本及世界其他国家广为流传。
03573	Andando por la calle me encontré con un viejo amigo.	我在街上踫见了一个老朋友。
03574	Los animales murieron uno por uno.	动物一个接一个的死亡。
03575	Vivir sin aire es imposible.	没有空气生活是不可能的。
03576	Un avión está volando sobre la ciudad.	一架飞机在这个城市上空飞行。
03577	Deja el cuarto como está.	让房间保持原样。
03578	Espera un momento fuera de la sala.	在房间外面等待片刻。
03579	Las pinturas de Picasso me parecen extrañas.	毕加索的画对我来说似乎很奇怪。
03580	Es difícil hablar bien chino.	很难把中文说得好。
03581	Es difícil hablar tres idiomas.	说三种语言是很困难的。
03582	Una mosca puede andar por el techo.	苍蝇能在天花板上走。
03583	No es difícil hablar inglés.	说英语不难。
03584	Es imposible vivir sin aire.	没有空气生活是不可能的。
03585	Cierra todas las puertas y ventanas.	关闭所有的门和窗户。
03586	¿De quién es ese libro?	这是谁的书？
03587	Siguió hablando como si nada hubiera pasado.	他装作没事发生，继续说他的话。
03588	Ella ama a sus niños.	她爱她的孩子。
03589	Trabaja actualmente en Francia.	他现在在法国工作.
03590	Hace calor hoy, ¿no?	今天很热，不是吗?
03591	El comerciante ha aparecido en la tele esta mañana.	那个商人今天早上出现在电视里。
03592	Él gusta a la gente porque es tan amable.	人们喜欢他，因为他很友善。
03593	Por favor ven más tarde la próxima vez.	下次请晚一点到。
03594	Él se fue de la casa a las ocho.	他八点离开家。
03595	Me gustaría ir a Estados Unidos.	我想去美国。
03596	Quisiera trabajar en la cafetería.	我想在餐厅工作。
03597	No había agua en el río.	河里没有水了。
03598	¡Estamos aquí!	我们到了。
03599	Él es un pescadero.	他是卖鱼的。
03600	Aquí y ahora.	这里，现在。
03601	Subieron al tren.	她们上了火车。
03602	Mi hermano no tiene dinero.	我弟弟没钱。
03603	Su hija mayor está casada.	她的大女儿结婚了。
03604	Nunca miento.	我从不说谎。
03605	Creo que es médico.	我觉得他是医生。
03606	Él le contó a su hijo una historia interesante.	他给他儿子讲了一个有趣的故事。
03607	Él es nuestro profesor de inglés.	他是我们的英文老师。
03608	Se rompió el brazo izquierdo.	他的左手臂断了。
03609	Los gatos modernos no comen ratas.	现代的猫不吃老鼠。
03610	Quiero ir ahí una vez más.	我想再去那里一次。
03611	Tengo mucha hambre.	我好饿。
03612	Facebook está bloqueado en China.	Facebook在中国是被封锁的。
03613	Trabajo aquí.	我在这里工作。
03614	Escribid español.	写西班牙文。
03615	Escriba español.	写西班牙文
03616	Soy húngaro.	我是匈牙利人。
03617	Tú lo sabes todo, ¿verdad?	你全都知道，对吗？
03618	Tengo que retirar dinero del banco.	我需要把钱从银行提出来。
03619	Tux es la mascota de Linux.	Tux 是 Linux 的吉祥物。
03620	Esperaré hasta que acabes los deberes.	我等你把作业做完。
03621	¿Quién se ha comido todas las galletas?	谁吃了全部饼干？
03622	Aún no he acabado de desayunar.	我还没吃完早饭。
03623	Podría nevar por la tarde.	下午可能会下雪。
03624	Eso cobra sentido.	那是有道理的。
03625	Quiero viajar a Australia.	我想去澳大利亚旅行。
03626	Tengo un amigo que vive en Nara.	我有一个朋友住在奈良。
03627	Tom puede nadar tan rápido como tú.	汤姆游泳可以游得跟你一样快。
03628	El prisionero estuvo entre rejas durante dos meses.	那个囚犯在牢里待了两个月。
03629	Sé que sabes que lo sé.	我知道你知道我知道。
03630	A mí también me gusta este color.	我也喜欢这个颜色。
03631	El señor Wang es chino.	王先生是中国人。
03632	¿Habla usted chino?	您会说中文吗？
03633	Japón es un hermoso país.	日本是个美丽的国家。
03634	Me interesa la música.	我对音乐有兴趣。
03635	Se afeitó el bigote.	他刮了他的胡子。
03636	No tienen ningún impacto sobre el ambiente.	它们对环境一点都没有影响。
03637	La traducción es la lengua de Europa.	翻译是欧洲的语言。
03638	Tiene aproximadamente la misma edad que yo.	她大约跟我同年纪。
03639	Se llevó mi paraguas sin siquiera pedírmelo.	他连问都没问就拿了我的雨伞。
03640	¿Cuál es la profundidad del agujero?	这个洞多深?
03641	¿Este autobús va a la playa?	这辆公车去海滩吗？
03642	¿Hay algo que no debería comer?	有什么东西是我不该吃的吗?
03643	¿Dónde están los zapatos?	鞋子在哪儿？
03644	No bebo alcohol.	我不会喝酒。
03645	Soy musulmán.	我是穆斯林。
03646	China es veinte veces más grande que Japón.	中国是日本的20倍大。
03647	Ella no tiene miedo a la muerte.	她不怕死。
03648	El petróleo es transportado en buques petroleros.	石油被油船运输。
03649	Propuso que fuésemos a nadar.	他提出我们一起去游泳。
03650	¿Eres feliz?	你快乐吗？
03651	Él leyó la carta en voz alta.	他大声读了那封信。
03652	Es cierto.	这是真的。
03653	¿Quién asistió a la reunión?	谁出席了会议？
03654	Ayer mi hermana fue a Kobe.	我妹妹昨天去神户了。
03655	Voy al cine una vez al mes.	我一个月去一次电影院。
03656	Abre tu libro por la página nueve.	打开你的书到第九页。
03657	Ayer le ayudé.	昨天我帮了他。
03658	El accidente tuvo lugar en la esquina.	事故发生在转角。
03659	Tony corre cada día.	托尼每天都跑步。
03660	Mi padre nunca ha estado en el extranjero.	我父亲从来没有出过国。
03661	Me gustaría volver a mi infancia de nuevo.	我想再次回到我的童年。
03662	Mi mano derecha es uigur y mi mano izquierda es han.	我的右手是维族的，左手是汉族的。
03663	¡Adiós!	再见！
03664	¿No sabes andar en bicicleta?	你会骑脚踏车吗？
03665	La mujer está bebiendo agua ahora.	女人正在喝水。
03666	Esto me enfurece.	这让我很生气。
03667	El hombre está comiendo pan.	这个男人在吃面包。
03668	Hace dos años fui a China.	两年前，我去了中国。
03669	Olvidé su nombre.	我忘记了他的名字。
03670	Yo quiero aprender chino el próximo año.	我明年想学中文。 / 我明年想学汉语。 / 我明年想学普通话。 / 我明年想学汉语.
03671	¿Sabes decir en inglés lo que quieres decir?	您能用英语沟通您想要说的话吗？
03672	Ella se sentó y se encendió un cigarrillo.	她坐下，点燃一根香烟。
03673	Su bici es azul.	他的自行车是蓝色的。
03674	El domingo es el último día de la semana.	周日是一周的最后一天。
03675	Él ya ha dicho que sí.	他已经说了是。
03676	¿Mañana será sábado?	明天是星期六吗？
03677	Él me dijo: "Por favor, hazme un favor".	他对我说：「请你帮我一个忙。」
03678	Estoy muy satisfecho contigo.	我对你相当满意。
03679	Somos buenos amigos.	我们是好朋友。
03680	Tengo una bicicleta vieja.	我有一辆旧自行车。
03681	¿Sabes hablar en inglés?	你会说英语吗？
03682	A mi padre no le gusta el fútbol.	我爸爸不喜欢足球。
03683	No preguntes lo que piensan. Pregunta lo que hacen.	不要问他们想什么，问他们做什么。
03684	Tienes el pelo demasiado largo.	你的头发太长了。
03685	Me gusta el color verde.	我喜欢绿颜色。
03686	Préstame dinero si tienes.	你有钱的话，借我一些。
03687	¡Mira lo que está haciendo el bebé!	你看那个婴儿在做什么！
03688	Hablando de accidentes de tráfico: vi uno el año pasado.	说起交通事故，我去年目睹了一场。
03689	Poca gente sabe cómo hacerlo.	很少有人知道怎么做。
03690	¿Qué es lo que te gusta?	你喜欢什么？
03691	Yo también te quiero.	我也爱你。
03692	Me compré una buena cámara.	我买了一台不错的照相机。
03693	¿Puedo coger una manta?	我能拿一条毯子吗？
03694	¿Sabes qué libro se está vendiendo bien ahora?	你知道现在哪本书卖得好吗？
03695	Hay muchos peces en este lago.	这个湖里有很多鱼。
03696	Ella pulsó el interruptor.	她按了开关。
03697	¿Tu madre sabe conducir?	你的妈妈会开车吗？
03698	¿Estás trabajando?	你在上班吗？
03699	Ella ha engordado últimamente.	她最近增加了体重。
03700	Ambos son unos jueces muy competentes.	他们俩都是很称职的法官。
03701	Mañana iré a Tokio.	明天我要去东京。
03702	Ayer no fuiste a la escuela.	昨天你没有去学校。
03703	El hombre es el único animal que puede hablar.	人是唯一会说话的动物。
03704	¿Qué edad tienes?	你几岁了？
03705	Nadie sabe por qué rechaza mi ayuda.	没有人知道他为何拒绝我帮忙。
03706	Te odio.	我恨你。
03707	Sé la verdad.	我知道真相。
03708	Hablamos por teléfono.	我们电话里说。
03709	¿Comes en casa o sales a comer fuera?	你是在家里吃饭还是出去到外面吃饭
03710	Amor y paz.	爱和和平。
03711	Mi lengua materna es el japonés.	我的母语是日语。
03712	Quiero casarme con ella.	我想娶她。
03713	Estoy en el balcón.	我在阳台上。
03714	Un ordenador es un aparato complejo.	电脑是个复杂的机器。
03715	Está loco por el jazz.	他醉心于爵士乐。
03716	Al no saber qué contestar, me quedé callada.	因为不知道说什么，所以我一言未发。
03717	Pagó por los servicios de una prostituta sin saber que le estaban grabando las cámaras de seguridad.	他在不知有监控录像的情况下支付了妓女服务费用。
03718	¿Sabes cuándo llegarán?	你知道他们什么时候到吗？
03719	He probado los Control, pero me parecen más estrechos que los Durex.	我试了Control，但是我觉得它们的比杜蕾斯的紧。
03720	Estoy muy cansada.	我好累。
03721	Coincido.	我同意。
03722	¿Estás satisfecho o insatisfecho?	你到底满不满意？
03723	¿Estudias química?	你读化学吗？
03724	¿Para qué necesitas este dinero?	你需要这些钱做什么?
03725	Él lava la bici cada semana.	他每星期洗自行车。
03726	La gelatina de uva es la que más me gusta.	我最喜欢吃葡萄果冻。 / 葡萄味的果冻是我最喜欢的。
03727	Él siempre es amable conmigo.	他总是对我很友好。
03728	Cathy sabe hablar francés y alemán.	Cathy 会说法文和德文。
03729	¿Llegan a las diez de la mañana o de la noche?	他们是早上十点还是晚上十点到？ / 你们是早上十点还是晚上十点到？
03730	Tengo mucho trabajo que hacer.	我有很多工作要做。
03731	Puedes ir si quieres.	如果你要你可以去。
03732	¿Has visto por aquí una cartera marrón?	你在附近看见过一只咖啡色的钱包吗？
03733	Estuve en Hong Kong una vez.	我去过一次香港。
03734	Él es dos años mayor que tú.	他比你大两岁。
03735	¿Cuándo te vas a casar?	你什么时候要结婚？
03736	A unos cactus los hispanohablantes los suelen llamar "cojines de suegra".	讲西班牙语的人习惯把一种仙人掌叫做 「继母的垫子」 。
03737	¿Recibiste mi carta?	你收到了我的信了吗？
03738	Se convirtió en un traidor.	他变成了叛徒。
03739	El perro puede ser preparado de diversas maneras.	狗肉可以由各种方式烹调的。
03740	La Tierra es un planeta.	地球是一个行星。
03741	Te deseo suerte.	祝你好运。
03742	Aquí nieva mucho en invierno.	在这儿冬天下大雪。
03743	Jane viene de Australia.	珍来自澳洲。
03744	¿No te irás a morir, eh?	你怎么不去死？
03745	Ella habla ruso.	她说俄语。
03746	Vi al abuelo la semana pasada.	我上周看到了爷爷。
03747	¿Acaso estaba equivocado?	我错了吗？
03748	Continúas cometiendo los mismos errores una vez tras otra.	你每次都继续犯同样的错误。
03749	Tienes que aprender de tus errores.	你必须从失败中吸取教训。
03750	Ojalá me hubieras dicho la verdad.	我希望你告诉我真相了。
03751	Te llamaré mañana por la mañana.	明天早上我会打电话给你。
03752	Juguemos al tenis esta tarde.	今天下午让我们打网球吧。
03753	Hoy hace buen tiempo, ¿verdad?	今天的天气真好，不是吗?
03754	Mamá y papá están muy nerviosos.	妈妈和爸爸非常紧张。
03755	Di por supuesto que ella vendría.	我说了她一定会来。
03756	Esta noche vendrá a mi casa.	他今晚会来我家。
03757	El perro es blanco.	这只狗是白色的。
03758	Durante años el hombre ha estado luchando contra las enfermedades.	这个男人与病魔奋斗多年。
03759	Si fuera invisible no tendría que vestirme.	若我是隐形的，就不用穿衣服了。
03760	Soy intolerante a la lactosa de la leche.	我有乳糖不耐症。
03761	Ha cantado una canción.	他唱了一首歌。
03762	Se curó del resfriado rápidamente.	他的感冒很快就好了。
03763	Él se bebe un vaso de agua todos los días por la mañana.	他每天早上都会喝一杯水。
03764	¿No tienes dinero?	你没有钱吗？
03765	El colegio empieza la semana que viene.	学校下周开学。
03766	El chico agarró la escalera y comenzó a subir.	男孩登上了梯子，向上爬了起来。
03767	Éste es tu libro.	这是你的书。
03768	Mi padre es profesor de inglés.	我爸是个英语教师。
03769	Esta mañana hacía frío.	今天早上很冷。
03770	A ella le gusta el jazz, y a mí también.	她喜欢爵士乐，我也是。
03771	¿Cuál es tu verdadero propósito?	你的真正目的是甚么？
03772	Lo que dice no tiene ningún sentido.	他说的话根本毫无意义。
03773	Sé que está ocupado.	我知道他很忙。
03774	Por favor, respóndeme.	请回答我。
03775	El taxi ha llegado.	出租车到了。
03776	Es difícil contentar a todo el mundo.	众口难调。
03777	Es difícil complacer a todo el mundo.	众口难调。
03778	Es difícil satisfacer a todo el mundo.	众口难调。
03779	¿Tiene usted algo que decirme?	您有什么事想对我说吗？
03780	Dios mío, ¡ayúdame!	妈呀，快帮我！
03781	He pinchado una rueda.	我的一个轮胎被扎破了。
03782	Ella me pidió que me pusiera a su lado.	她让我坐在她的身边。
03783	Un extraño está de pie delante de la casa.	一个陌生人站在房子前面。
03784	¿Puedo ducharme por la mañana?	我可不可以早上洗澡？
03785	La lluvia ácida no es un fenómeno meteorológico natural.	酸雨不是自然的天气现象。
03786	Sopla todas las velas de la tarta de cumpleaños de una vez.	他一口气吹灭了生日蛋糕上所有的蜡烛。
03787	La cámara costará al menos 500 dólares.	这台相机至少要花费500美元。
03788	¿Fuiste a la escuela ayer?	你昨天去上学了吗？
03789	Contrataremos a un hombre que sepa hablar inglés.	我们将要招聘一位会说英语的人。
03790	El inglés es mi lengua materna.	英语是我的母语。
03791	¿Estudias cada día?	你每天都学习吗？
03792	La familia es el núcleo de la sociedad.	家庭是社会的核心。
03793	Se ayudaron mutuamente a hacer los deberes.	他们互相帮忙写作业。
03794	No hables tan rápido, por favor.	请不要说得那么快。
03795	¿No estáis cansados?	你们不累吗？
03796	¿Cuántos vuelos a Nueva York ofrecéis al día?	你们一天提供几班飞往纽约的航班？
03797	Ven a mi habitación.	进来我房间。
03798	Tengo un ordenador.	我有一台电脑。
03799	No quiero comer.	我不想吃。
03800	Su elocución durante su alocución estuvo muy natural.	他演讲时候的发音很自然。
03801	Prefiero los dulces.	我喜欢甜食。
03802	Acabamos de limpiar el váter.	我们刚刚清洗了马桶。
03803	¡Abre la puerta!	开门！
03804	¿Cuánto cuesta una libra?	多少钱一斤？
03805	Después de la lluvia crecen muchas setas en el bosque.	雨后林子里长出了许多蘑菇。
03806	Año de nieves, año de bienes.	瑞雪兆丰年。
03807	¿Puedo irme a jugar?	我可以出去玩吗？
03808	Ninguno de mis amigos bebe café.	我的朋友都不喝咖啡。
03809	Sonó la alarma de incendios.	火警警报响了。
03810	Tenemos que llamar a la policía.	我们该报警。
03811	Se canceló la alarma de tsunami.	海啸的警报解除了。
03812	¿Vendrá mañana?	明天他会来吗？
03813	Él almuerza en una cafetería.	他在自助餐厅吃午餐。
03814	Cenan a medianoche.	他们在12点吃晚饭。
03815	Nuestro mundo es sólo una pequeña parte del universo.	我们的世界只不过是宇宙的一小部分。
03816	Ella siempre sonríe.	她总是微笑。
03817	Por favor, muéstrame tu portátil.	请给我看一下你的笔记本电脑。
03818	Su padre siempre vuelve tarde a casa.	他爸爸总是很晚回家。
03819	La cama ocupa mucho espacio.	床占了很多空间。
03820	El zorro es un animal salvaje.	狐狸是一种野生动物。
03821	No hablo alemán.	我不会说德语。
03822	¿De verdad no sabes nadar?	你真的不会游泳吗？
03823	¿De verdad sabes nadar?	你真的会游泳吗？
03824	Tiene tantos libros como su padre.	他的书和他父亲的一样多。 / 她的书和她父亲一样多。
03825	Me gusta él.	我喜欢他。
03826	Eres un buen chico.	你是个好男孩。
03827	No creo que llueva mañana.	我不认为明天会下雨。
03828	Me preguntó por qué me reía.	他问我为什么在笑。
03829	¿A qué hora sale el tren hacia Boston?	去波士顿的火车几点出发 ?
03830	¿Conoces a ese hombre que te mira?	那个看着你的男人，你认识吗 ?
03831	Mayuko va al colegio en bici.	Mayuko骑脚踏车上学。
03832	Escríbelo a lápiz.	用铅笔写。
03833	Esta mañana hacía mucho frío.	今天早上非常冷。
03834	Prefiero el fútbol al béisbol.	相比棒球，我更喜欢足球。
03835	Al menos veinte casas fueron quemadas.	至少20户人家着火了。
03836	¿Qué contiene esto?	这包含了什么？
03837	Ella es muy guapa, ¿verdad?	她很漂亮，不是吗？
03838	No quiero involucrarme en este asunto.	我不想被牵扯到这件事里。
03839	Se sentó en la cama.	他坐在床上了。
03840	Por favor, espera a que vuelva.	请等到我回来。
03841	Él habla fluidamente el japonés.	他能讲流利的日语。
03842	Kumi es la chica a cuyo padre le gustan los perros.	库米是父亲喜欢狗的那个女孩。
03843	Hay una paloma blanca en el tejado.	屋顶上有只白鸽。
03844	Necesito un cuchillo.	我需要一把刀。
03845	Aquella nube parece un conejo.	那朵云对我来说像一只兔子。
03846	La falta de dinero es la raíz de todo mal.	所有的罪恶源于金钱的不足
03847	Mike sonrió.	迈克微笑了。
03848	No tengo hambre.	我不饿。
03849	Tatsuya tiene algunos amigos que viven en New York.	达也有一些朋友住在纽约。
03850	Empezó a hablar inglés.	他开始说英语了。
03851	Estoy harto del inglés.	我讨厌英语！
03852	Los osos pueden trepar a los árboles.	熊会爬树。
03853	Él atrapó veinte mariposas.	他抓到了二十只蝴蝶。
03854	Él sabe nadar.	他会游泳。
03855	El año pasado empezaron a estudiar inglés.	他们从去年开始学英文。
03856	En un día despejado se puede ver el Monte Fuji desde aquí.	在晴朗的日子里，可以从这看见富士山。
03857	Tom nos dijo que le dolía la cabeza.	汤姆告诉我们他头疼。
03858	¿Demasiado dinero?	钱太多了吗？
03859	Lo he comprado por doce dólares.	我用12美元买的。
03860	No sé si es verdad.	我不知道这是不是真的。
03861	Si estás ocupado, te ayudaré.	如果你忙，我会帮你。
03862	Quisiera tres de éstos.	这个给我来三个。
03863	A las cuatro en punto llegaron al hotel.	他们在四时抵达了酒店。
03864	Vas a resfriarte con ese vestido tan ligero.	穿那么薄，小心感冒。
03865	No hablo catalán.	不会说加泰罗尼亚语
03866	Un poco de zumo, por favor.	一点果汁，麻烦你。
03867	¿Dónde estás ahora?	你现在在哪里呢？
03868	Mi sueño es hacerme profesor.	我的梦想是成为一个老师。 / 我的愿望是成为一个老师。
03869	¿Le molesta si enciendo la radio?	如果我开收音机会影响你吗？
03870	No quiero vivir solo.	我不想一个人住。
03871	A todos mis amigos les gusta el fútbol.	我所有的朋友都喜欢足球。
03872	Las llaves están sobre la mesa.	钥匙在桌子上。
03873	No sabes cuánto te quiero.	你不知道我多么爱你。
03874	Eso es de mi hermano.	那个是我哥哥的。
03875	Vino en coche en vez de en tren.	他是开车来的，而不是乘火车来的。
03876	¿Por qué estás tan enfadado?	你为什么这么生气？
03877	Tú y yo tenemos la misma idea.	你和我有相同的想法。
03878	¿Tengo que escribir una carta?	我应该写信吗？
03879	Trabaja lavando coches.	他的工作是洗车。
03880	¿Cómo fueron tus vacaciones de verano?	你的暑假过得怎么样？
03881	Él está muy interesado en la historia de Japón.	他对日本的历史十分有兴趣。
03882	Has cometido varios errores.	你犯了好几个错误。
03883	Marco tiene mi libro.	马克有我的书。
03884	Me gusta comer sopa caliente.	我喜欢喝热的汤。
03885	Ella ha puesto la revista encima de la mesa.	她把杂志放在桌上。
03886	Nunca bebo té con limón.	我从来不喝柠檬茶。
03887	Ella hojeó rápidamente la revista.	她快速地翻过这本杂志。
03888	Él se sienta a menudo junto a mí y escucha música.	他经常坐在我旁边听音乐。
03889	Muchas personas se reunieron para su concierto.	很多人前来参加他的演唱会。
03890	Tengo un dolor de cabeza terrible.	我头疼得厉害。
03891	Es una chica guapa.	她是一个漂亮的女孩。
03892	Me duele una muela.	我有一颗牙齿受伤了。
03893	Hago deporte todos los días.	我每天做运动。
03894	Sé amable con sus padres.	对你的父母态度要好一点。
03895	¿Quién está leyendo?	是谁在读？
03896	Esto es fácil.	这很容易。
03897	Esto es difícil.	这很难。
03898	Estás en riesgo de convertirte en un buen hombre.	你在这里当一个好人很危险。
03899	Ser capaz de utilizar un ordenador es una ventaja.	会用电脑是一个好处。
03900	Disculpe, ¿tiene fuego?	不好意思，您有火吗？
03901	¿Tengo que introducir primero una moneda?	我需要先放一枚硬币吗？
03902	Te estoy diciendo la verdad.	我在告诉你真相。
03903	El Misisipi es el río más largo de los Estados Unidos.	密西西比河是美国最长的河流。
03904	No sabía que se había casado.	我不知道她结婚了。
03905	Por favor saluda a tu familia.	带我向你家人问好。
03906	Accidentes de tráfico suelen ocurrir en días de lluvia.	下雨天容易发生交通事故。
03907	Hay que arreglar la bicicleta.	这台脚踏车需要修理。
03908	Él fue a Londres vía París.	他通过巴黎去了伦敦。 / 他经巴黎去了伦敦。
03909	El anciano a veces habla consigo mismo.	老人时常自言自语。
03910	Compré algunos huevos y un poco de leche.	我买了几个鸡蛋和一点牛奶。
03911	Es un libro nuevo.	那本书是一本新书。 / 这本书是新的。
03912	La población de Italia es más o menos la mitad que la de Japón.	意大利人口大约为日本的一半。
03913	Ellos comen mucho arroz.	他们吃很多米饭。
03914	Parte del dinero fue robado.	一部分的钱被偷走了。
03915	¿Dónde está tu hermano?	你的哥哥在哪里?
03916	¿Qué película viste?	你看的是哪部电影？
03917	¿Por cuánto tiempo se quedarán?	他们要呆多久？
03918	¡A tu salud!	干杯！
03919	¿Te lo pasaste bien ayer?	你昨天玩得开心吗?
03920	El profesor me hizo repetir la oración.	老师让我重复了这句话。
03921	Yo enseño.	我教书。
03922	Vuestro coche es rápido.	你们的车真快。
03923	El hombre es viejo.	那个男人年纪很大。
03924	¿Sabes quiénes son?	你知不知道他们是谁?
03925	Mi marido es muy buen cocinero.	我的丈夫是一个很好的厨师。 / 我的老公是一个很好的厨师。
03926	Estoy interesado en la cerámica oriental.	我对东方陶瓷有兴趣。
03927	¡Ven aquí!	来一下！ / 过来！
03928	Tengo el mismo diccionario que tu hermano.	我有和你哥哥一样的词典。
03929	Mario es un ciudadano italiano.	Mario是义大利的公民 。
03930	Vivo en los Estados Unidos.	我住在美国。
03931	¿Escuchas lo rápido que habla?	你有听到他说得有多快吗？ / 你听到他说得有多快了吗？
03932	Siempre tengo hambre.	我总是饿了。
03933	He estado caminando más de cuatro horas.	我已经走了超过四个小时。
03934	Asistí a su funeral.	我参加了他的葬礼。
03935	¿Podemos hablar en privado?	我们能私下谈谈吗？
03936	No sé si es amor.	我不知道这是不是爱。
03937	Le agradezco su paciencia.	谢谢你的耐心。
03938	Gracias por todo.	感谢你的付出。
03939	En la naturaleza no hay nada inútil.	自然中没有什么是无用的。
03940	Mañana, cuando llegues, habré acabado con la novela.	你明天来的时候，我就看完这本小说了。
03941	Si tuviéramos que hablar más que escuchar tendríamos dos bocas y una oreja.	如果我们应该少听多说话, 那么我们应该得到两个嘴巴一只耳朵才是。
03942	Tom corre muy rápido.	汤姆跑得很快。
03943	Necesito muchos libros.	我需要很多书。
03944	De repente se puso a llover.	突然开始下雨。
03945	No tiene fiebre.	他没发烧。
03946	Yo hablo sueco.	我说瑞典语。
03947	Necesito otra almohada.	我还需要一个枕头。
03948	Él habla como si lo supiera todo.	他说得好像他什么都知道。
03949	Fui muchas veces allí.	我去那里很多次了。
03950	Esta niñita vive en Brasil.	这个小女孩住在巴西。
03951	Hoy llueve.	今天下雨了。
03952	Mi hermano mayor sabe conducir.	我哥哥会开车。
03953	¿Es él un maestro?	他是老师吗?
03954	No soy de los Estados Unidos.	我不是美国的。
03955	Me llamo Ludwig.	我叫Ludwig。
03956	«¿Dónde vives?» «Vivo en Tokio.»	「你住在哪里？」「我住在东京。」
03957	¿Ella es tu madre?	她是你妈妈吗?
03958	¿Entiendes?	你明白了吗? / 明白了吗？
03959	Me quedaré en casa.	我会待在家里。
03960	Él se encogió de hombros.	他耸了耸肩。
03961	Todavía me duele la espalda.	我的背还在痛。
03962	Él estaba allí solo.	他独自在那里。
03963	¿Puedo tocar el piano?	我可以弹钢琴吗？
03964	Tomó mucho ayer.	昨天他喝了很多。
03965	¿Qué tienes en la mano?	你手里有什么?
03966	Vladivostok es una ciudad de Rusia.	符拉迪沃斯托克是俄罗斯的一个城市。 / 海参崴是俄罗斯的一个城市。
03967	Soy electricista.	我是一名电工。
03968	Deben de estar esperándote.	他们一定在等你。
03969	El perro de mi vecino está muerto.	我邻居的狗死了。
03970	Vivo en Cantón.	我住在广州。
03971	Viene un coche.	有车来了。
03972	¡Qué romántico!	好浪漫啊！
03973	La biblioteca tiene muchos libros.	图书馆有很多书。
03974	Quiero morir con Getter Jaani.	我想和约翰格特死在一起。 / 我想和格特‧嘉尼一起死。
03975	Ramificación e integración son dos acciones básicas del control de versiones.	分支和合并是版本控制的两种基本操作。
03976	Los shanghaineses hablan shanghainés, pero también saben hablar chino mandarín.	上海人讲上海话；上海人也都会讲普通话。
03977	Me encontré con una anciana.	我遇见了一位老妇人。
03978	¿Sabes montar a caballo?	你会骑马吗？
03979	Según la opinión de Ken, es raro que él no estuviera de acuerdo con nosotros.	对肯来说，他不同意我们，是件奇怪的事。
03980	El niño entró corriendo a la habitación.	小男孩跑进了房间。
03981	El control de una clase exige todas las habilidades del profesor.	控制一个班级需要你做老师的所有技能。
03982	Quiero saber si en nuestra ciudad este invierno va a nevar.	我想知道这个冬天在我们的城市会不会下雪。
03983	Su hermano es un jugador famoso de fútbol.	他弟弟是个有名的足球选手。
03984	Sonó.	响了。
03985	Él es muy malo en química.	他的化学很差。
03986	Los jóvenes tienen que respetar a los mayores.	年轻人应该尊敬老人。
03987	¡Una manzana al día mejora nuestra salud!	一天一个苹果对我们的健康有帮助。
03988	Esta mañana he visto a Bob.	今天早上我看到了鲍勃。
03989	¿Quiere café?	您想要咖啡吗？
03990	No tengo billete.	我没有票。
03991	Es un hombre de pocas palabras, pero siempre cumple sus promesas.	他这个人话不多，但总是遵守诺言。
03992	Práctica hace la perfección.	熟能生巧。
03993	Su trabajo está ahora completo.	他的工作现在完成了。
03994	La mujer con quien estabas hablando es mi hermana.	跟你讲话的那个女人是我姐姐。
03995	La práctica hace al maestro.	熟能生巧。
03996	¿Qué dijo?	她说了什么？
03997	A él le gusta tomar el café sin azúcar.	他喜欢喝咖啡不加糖。
03998	Me duele el hombro.	我肩膀痛。
03999	La bicicleta de los chicos está en el garaje.	男孩们的脚踏车在车库里。
04000	A ella le gusta caminar conmigo.	她喜欢和我散步。
04001	No me gusta ninguno de los dos.	两个我都不喜欢。
04002	¡Coge la ropa sucia y vete a lavarla!	把脏衣服拿去洗一洗！
04003	Buenos días, soy XXX y en este momento estoy buscando mi primer empleo.	您好，我是某某人，此时正在找第一次工作。
04004	Quiere dinero.	他要钱。
04005	Tiene tres hermanas mayores.	他有三个姐姐。
04006	Sería mejor que fueras al dentista.	你最好去看牙医。
04007	Viene de Ginebra.	他从日内瓦来。
04008	Tengo el pelo tan largo como Jane.	我的头发和珍的一样长。
04009	Aquí fue donde ocurrió el accidente.	这里就是事故发生的地方。
04010	¡Qué calabaza más grande!	好大的一个南瓜！
04011	Pocas personas asistieron a la reunión.	很少人出席会议。
04012	Compré queso y un poco de leche.	我买了乳酪和一点牛奶。
04013	Nubes oscuras son señal de lluvia.	乌云是下雨的征兆。
04014	Tengo pensado ir a esquiar a Hokkaido.	我打算去北海道滑雪。
04015	El barco estaba lleno de refugiados de Cuba.	船上充满了来自古巴的难民。
04016	Mañana vendré a verte.	我明天会来看你。
04017	La piel de un tiburón es mucho más áspera que la de un atún.	鲨鱼皮比金枪鱼皮粗糙多了。
04018	Haré todo lo que pueda para ayudarle.	我将会尽我所能地帮助他。
04019	Ella le compró una cámara a su hijo.	她买了一部照相机给她儿子。
04020	Pregunté quién era.	我打听他是谁。
04021	No sé qué significa esta palabra.	我不知道这个词什么意思。
04022	Gracias por haber venido.	谢谢你的到来。
04023	El anciano se murió de hambre.	那个老人饿死了。
04024	Él es sólo un poeta.	他只是一个诗人。
04025	No es más que un poeta.	他只不过是个诗人。
04026	Con sus ojos me dio las gracias.	他用他的眼神感谢了我。
04027	A él le gusta mucho viajar.	他很喜欢旅游。
04028	Tienes que ponerte a dieta porque estás demasiado gordo.	你该减肥了，因为你太胖了。
04029	Dime por qué te has casado con ella.	告诉我你为什么娶了她。
04030	Puedo hacerlo yo mismo.	我可以自己做。
04031	Estoy totalmente de acuerdo contigo.	我非常同意你。
04032	Mi hermano se parece mucho a mí.	我的弟弟很像我。
04033	Ganamos el partido por 10 a 4.	我们十比四赢了比赛。
04034	Gritarle a tu ordenador no te ayudará.	对你的电脑吼一点帮助也没有。
04035	Soy un héroe.	我是个英雄。
04036	Mi tío murió de cáncer hace dos años.	我叔叔两年前因癌症而去世了。
04037	¿Qué haríais en mi lugar?	如果你是我，你会怎么做？
04038	Los hombres viven en todas las partes del mundo.	人类居住在世界的每一个角落。
04039	Tu casa es el triple de grande que la mía.	你家是我家的三倍大。
04040	Comemos tres veces al día.	我们一日三餐。
04041	Tengo un poco de fiebre.	我有点发烧。
04042	Mi padre murió hace cinco años.	我父亲去世五年了。
04043	La señora Smith va a la iglesia en coche.	史密斯太太坐车去教堂。
04044	Londres es la capital de Inglaterra.	伦敦是英国的首都。
04045	¿Sabías que esto es una oración?	你知道这是一个句子吗？ / 你知道这是一个单词吗？
04046	Él me obliga a que hable más lento.	他要求我讲慢一点。
04047	Él mañana ésta libre.	他明天有空。
04048	Le gusta andar conmigo.	他喜欢和我一起走路。
04049	No es tu libro, sino el mío.	这不是你的书,这是我的书。
04050	Tenemos dos hijos y dos hijas.	我们有两个女儿和两个儿子。
04051	Hoy es un buen día.	今天是个好日子。
04052	Yo sé muchos idiomas.	我知道很多的语言。
04053	Me gusta ir al colegio.	我喜欢去学校
04054	Tom irá allí mañana.	汤姆明天会去那里。
04055	Tom está interesado en las matemáticas.	汤姆对数学感兴趣。
04056	Ayer Tom vio la televisión.	Tom昨天看了电视。
04057	Ahora Tom no está viendo la televisión.	汤姆现在没在电视。
04058	Es mucho más joven que Tom.	他比Tom年轻得多。 / 她比Tom年轻得多。
04059	Tom y yo somos buenos amigos.	汤姆和我是好朋友。
04060	Sam es dos años más joven que Tom.	Sam比Tom小两岁。
04061	Estoy en Londres.	我在伦敦。
04062	Encontré a Tony.	我找到了托尼。
04063	Me gusta jugar al tenis.	我喜欢打网球。
04064	¿Cuál es el origen del universo?	宇宙何以开端？
04065	Ella dijo que había sido feliz.	她说她以前很快乐。
04066	Esta oración contiene un error.	这句话有个错。
04067	Papá es un buen hombre.	父亲是个好人。
04068	Él a menudo aparece en televisión.	他常常出现在电视上。
04069	Nací en invierno.	我在冬天出生。
04070	He perdido a mis amigos.	我失去了我的朋友。
04071	Yo no vendo.	我不会卖的。
04072	Ella se sentía un poco cansada.	她觉得有点累了。
04073	El número 9...me parece.	9号...我觉得。
04074	He visto a Juan en el biblioteca.	我在图书馆看见了约翰。
04075	¿Qué color te gusta más? ¿Azul o rojo?	你更喜欢什么颜色？蓝色还是红色？
04076	Me duele la espalda.	我背痛。
04077	Elige la raqueta que te gusta.	选择你喜欢的球拍。
04078	La madre está cocinando en la cocina.	妈妈正在厨房里做饭。
04079	Yo soy un actor famoso.	我是一个有名的演员。
04080	¿Qué tipos de verdura tenéis?	你们有什么菜？
04081	A ella no le gusta vivir en esta ciudad.	她不喜欢住在城市里。
04082	No te olvides de apagar la luz.	不要忘了关灯。
04083	Hoy olvidé llamarle.	我今天忘了打电话给他。
04084	No lo creo.	不，我不这么认为。
04085	El está ahorrando para ir a la universidad.	他在攒钱上大学。
04086	¡Qué rico!	好可爱！ / 好美味！ / 多可爱啊！
04087	¡Qué rica!	好可爱！
04088	Déjame cortar las zanahorias.	让我来切胡萝卜。
04089	¿De dónde vienen?	他们从哪儿来的？
04090	Ella tiene ocho años.	她八岁大。
04091	Quiero visitar Corea.	我想访问韩国。
04092	Australia es casi veinte veces más grande que Japón.	澳大利亚差不多比日本大二十倍。
04093	Siempre te quejas de tu esposo.	你总是抱怨你丈夫。
04094	Feliz cumpleaños.	祝你生日快乐。
04095	Él se quitó la chamarra.	他脱掉了大衣。
04096	La señora Smith es nuestra profesora de inglés.	史密斯太太是我们的英语老师。
04097	Ella es vegetariana.	她是素食者。
04098	Puedes sentarte aquí.	你能坐在这里吗？
04099	El tren llegó puntual.	火车准时到了。
04100	Venga pasado mañana por favor.	请后天来吧。
04101	¿Qué has bebido?	你喝了什么？
04102	Soy de Colombia.	我来自哥伦比亚。
04103	Dime qué le has hecho a Shounan.	告诉我你对湘南做了什么。
04104	Dime qué hiciste en Shounan.	告诉我你在湘南做了什么。
04105	Ella tiene muchos amigos en Hong Kong.	她在香港有很多朋友。
04106	Estoy mejor que él.	我比他好。
04107	La película está a punto de empezar.	电影快要开演了。
04108	¡No nos olvidéis!	别忘了我们！
04109	Puedes entender el sueco.	你听得懂瑞典语。
04110	A ella le gusta jugar al tenis.	她喜欢打网球。
04111	Si hubiera cogido ese avión, ahora estaría muerto.	要是我坐了那架飞机的话，我现在早就死了。
04112	Me desperté a las 5 esta mañana.	我今天早上五点醒来。
04113	Lo haré como dices.	我听你的。
04114	Luke, yo soy tu primo.	Luke，我是你的堂哥。
04115	Él tiene excesiva mala suerte.	他倒霉极了。
04116	Compré dos bolsas de palomitas.	我买了两袋爆米花。
04117	Dave nunca regresó a la escuela de nuevo.	大卫再也没有回到学校了。
04118	Solo quedan dos días.	只剩下两天了。
04119	¿Por qué tenemos que aprender tanto?	为什么我们必须要学这么多？
04120	No me gusta el chocolate.	我不喜欢巧克力。
04121	Ya terminé de cenar.	我已经吃晚饭了。
04122	Dos mujeres cantan.	两个女人唱着歌。
04123	Ella se queja siempre de su trabajo.	她总是抱怨她的工作。
04124	Este hombre tiene un caballo.	这个男人有一匹马。
04125	Le dolía todo el cuerpo.	他全身都痛。 / 他全身都疼。
04126	¿Puedo fumar aquí?	我可以在这里吸烟吗？
04127	Me gusta tu coche.	我喜欢你的车。
04128	Para mí eso es algo importante.	对我来说这很重要。
04129	Este vaso tiene agua.	这个杯子里有水。
04130	Tom todavía está en el hospital.	汤姆还在医院。
04131	Juan y yo vimos un león ayer.	乔和我昨天看到了一只狮子。
04132	Su sueño es ser enfermera.	她的梦想是成为一名护士。
04133	Ella ama a los niños.	她爱孩子。
04134	Entró Mary.	玛丽进来了。
04135	Tengo un coche rojo nuevo.	我有一辆新的红色汽车。
04136	Ellos nos proveyeron de comida.	他们为我们提供了食物。
04137	El preservativo es un medio eficaz de prevención del HIV y de muchas otras enfermedades.	避孕套是预防艾滋病和许多其他疾病的有效手段。
04138	¿Me echas de menos?	你想我吗？
04139	No la conozco.	我不认识她。
04140	Ellos venden pescado y carne.	他们出售鱼和肉。
04141	¿Cathy también fue?	凯西也去了吗？
04142	Aquellas chicas son prostitutas.	那些女孩是妓女。
04143	Ella es muy bonita.	她非常漂亮。
04144	Siempre está preparado.	他总是在准备。
04145	Los abogados son todos unos mentirosos.	律师都是骗子。
04146	Este niño dice que va a venir un lobo.	这个男孩说会来一条狼。
04147	Nadar es fácil.	游泳很容易。
04148	Esta flor es bonita, ¿no?	这朵花很美，不是吗？
04149	Ella estudia todos los días de la mañana a la noche.	她从早到晚都在学习。
04150	El país es rico en recursos naturales.	这个国家的天然资源很丰富。
04151	No la escuches.	别听她的。
04152	Ella se marchó.	她走了。
04153	La iglesia católica no aprueba el uso del preservativo.	天主教廷不同意避孕套的使用。
04154	Japón está al este de China.	日本在中国的东面。
04155	El haiku es un tipo de poema.	俳句是一种诗的类型。
04156	Quiero el ventilador.	我要那个电风扇。
04157	Vino a mi mente una idea brillante.	我的大脑里突然出现了一个很好的想法。
04158	Alguien está tocando el piano.	有人正在弹钢琴。
04159	No hay nubes en el cielo.	天上没有云。
04160	Los calabacines son verdes.	西葫芦是绿色的。
04161	Es una ópera en cinco actos.	这是一部五幕歌剧。
04162	El caballo se paró y se negó a moverse.	马停了下来，而且拒绝移动。
04163	Quiero saberlo.	我想知道。
04164	Estuve muy ocupado la semana pasada.	上星期我非常地忙。
04165	¿Me dejas tu número de teléfono?	你能给我你的电话号码吗？
04166	¿Es usted aquí profesor o alumno?	在这儿您是老师还是学生?
04167	Ellos me mostraron muchas fotos hermosas.	他们给我看了很多漂亮的照片。
04168	Mi móvil no funciona.	我的手机用不了了。
04169	Quiero verte.	我想看你。
04170	¿Dónde está el vodka?	伏特加在哪里？
04171	¿Qué quieres que haga?	你要我做什么?
04172	Él siempre planea una cosa cuidadosamente antes de hacerla.	他每件事做之前都会细心计划。
04173	¿Puedo correr contigo?	我可以跟你一起跑吗？
04174	La isla está al oeste de Japón.	这个岛屿位于日本的西边。
04175	He comprado una televisión nueva.	我买了台新电视机。
04176	Por favor, abre la ventana.	麻烦你开一下窗。
04177	Yo me estaba duchando en ese momento.	我当时在淋浴。
04178	Se ausentaron dos estudiantes hoy.	今天有两个学生缺席。
04179	Colgó su chaqueta en una percha.	他把他的外衣挂在了衣架上。
04180	¿Sabes latín?	你会拉丁文吗？
04181	Me gusta escuchar la radio.	我喜欢听收音机。
04182	¿Qué le ha pasado?	他怎么了？
04183	Ayer estaba enfermo.	他昨天病了。
04184	Ayer estaba enferma.	她昨天病了。
04185	Voy a nadar una vez a la semana.	我每周去游一次泳。
04186	¿Todos los días hace tanto calor?	每天都这么热吗？
04187	Por aquel tiempo nadie vivía en la isla.	那个时候，没有人在这个岛上生活。
04188	No tienes corazón.	你没有心。
04189	La clase tiene treinta y cinco alumnos.	这班有三十五个学生。
04190	Él se fue a París hace dos años.	他两年前去了巴黎。
04191	Admito que estoy equivocado.	我承认我错了。
04192	Se necesita mucha agua.	需要大量水。
04193	Él toca bien el piano.	他钢琴弹得不错。
04194	¿Puedo abrir la caja?	我能打开盒子吗?
04195	No, gracias, estoy lleno.	不要，谢谢。我吃饱了。
04196	Le regalaré una pluma.	我会送她一支钢笔。
04197	Encontré lo que estaba buscando.	我找到了我正在找的东西。
04198	¿Cuándo se acabó?	什么时候结束的？
04199	Soy diabética.	我有糖尿病。
04200	Creo que eres tú.	我觉得是你。
04201	Sé que está durmiendo.	我知道她在睡觉。
04202	El coreano de Yumi está mejorando.	Yumi的韩文越来越好
04203	No puedo beber café.	我不会喝咖啡。
04204	Querría tomar comida coreana.	我想吃韩国菜。
04205	¿Qué quieres comer este fin de semana?	这个周末你想吃什么？
04206	¿Qué significa USB?	USB是什么意思？
04207	Mi madre malaya piensa que esos tres caballos son regulares.	我从马来西亚来的妈妈觉得那三匹马马马虎虎。
04208	Ni sabíamos ni habíamos oído hablar sobre este asunto.	我们既不知道而又没听到过这件事。
04209	Yo pienso que el esperanto es muy difícil.	我觉得世界语很难学。
04210	¿Sabes quienes son ellos?	你知不知道他们是谁?
04211	Esto es muy caro.	这很贵。
04212	Las tres cuartas partes de la superficie terrestre está cubierta por agua.	地表的四分之三被水覆盖。
04213	Él quiere ser médico.	他希望成为一名医生。
04214	La madre besó a su bebé.	妈妈亲了她的宝贝。
04215	Descansemos un rato.	我们休息一会儿吧。
04216	Einstein se consideraba un filósofo.	爱因斯坦将自己认作哲学家。
04217	¿Ya estás contento?	你高兴了吗？
04218	Le hice llevar la maleta.	我要他提行李箱。
04219	Mi padre está en el jardín.	我爸爸在花园里。
04220	¡No te vayas!	别走！
04221	¡Ya sé lo que quieres!	我已经知道你想要什么！
04222	Creo que va a venir mañana.	我相信他明天会来。
04223	¿Cuál es la razón?	原因是什么？
04224	No me gusta comer ananá. Tiene un sabor bastante ácido.	我不喜欢吃菠萝，因为它的味道总是很酸。
04225	¿Por qué no comes piña?	你为什么不吃菠萝？
04226	Mañana no estaré aquí.	我明天不会在这里。
04227	¿Por qué piensas que el fútbol no está muy extendido en los Estados Unidos?	你认为为什么足球在美国不是很流行？
04228	Si tuviera dinero iría directamente a comprarme este ordenador.	如果我有钱，我马上就买这台电脑。
04229	¿Cuántos habitantes tiene Nueva York?	纽约有多少人口？
04230	Las dos hermanas son campeonas de baile: una sabe bailar salsa y la otra sabe bailar tango.	她们姊妹俩都是舞蹈选手：一个会跳萨尔萨舞，另一个会跳探戈舞。
04231	Antes íbamos a patinar sobre hielo todos los fines de semana.	过去我们每个周末都去溜冰。
04232	Pensamos que su amenaza no es más que una broma.	我们觉得他的威胁只是一个玩笑。
04233	Tu bolígrafo es mejor que el mío.	你的笔比我的好。
04234	En esta habitación hay una televisión.	这个房间里有个电视机。
04235	Aprendo japonés.	我学习日语。
04236	Está en la oficina.	他在办公室。
04237	Mañana le preguntaré.	我明天会问他。
04238	Debo decirte adiós.	我要和你说再见了。
04239	El vino ayuda a hacer la digestión.	葡萄酒帮助消化。
04240	Mi padre volvió de Osaka la semana pasada.	上星期，我的爸爸从大阪回来了。
04241	Las cajas de cartón son cien por ciento reciclables.	这些纸板盒是百分之百可回收的。
04242	Le gusta jugar al fútbol.	他喜欢踢足球。
04243	Acabo de comer, así que no tengo hambre.	我刚吃完饭，所以不会饿。
04244	Mi motocicleta es nueva.	我的摩托车是新的。
04245	Él emplea bien su tiempo.	他能善用时间。
04246	Esta noche hace un frío que pela.	今晚天气冷死了。
04247	Compré ese coche.	我买了那辆车。
04248	Abre un poco la puerta.	把门开开！
04249	Él aprende chino.	他学习汉语。
04250	Él puede superar todas las dificultades.	他能够超越所有困难。
04251	¿Jimmy está escribiendo una carta?	吉米正在写信吗？
04252	Ella vive en Kioto.	她住在京都。
04253	El lunes pasado no fui al colegio.	上周一我没去上学。
04254	Los computadores vuelven a la gente estúpida.	电脑让人变愚蠢了。
04255	¡Que estúpido es él!	他多蠢啊！
04256	¿Quieres esperar?	你愿意等吗 ?
04257	Una vez Zhuangzi soñó que era una mariposa, pero cuando se despertó no estaba seguro de si era Zhuangzi que había soñado ser una mariposa o si era una mariposa que estaba soñando que era Zhuangzi.	庄子曾梦见自己化身为蝶，当他醒来，他分不清是自己刚刚梦见自己变成蝴蝶呢，还是蝴蝶正梦见它变成了庄子。
04258	Hasta donde yo sé, el libro nunca ha sido traducido al japonés.	据我所知，这本书还没被翻译成日语。
04259	Le mostré mi dormitorio.	我给他展示了我的卧室。
04260	No me gusta freír huevos. Ellos salpican mucho.	我不喜欢煎鸡蛋，因为总是被溅到。
04261	Estoy de acuerdo con su propuesta.	我同意他的建议。
04262	Comer huevo crudo puede ser peligroso.	吃生蛋可能是危险的。
04263	Este capítulo es el núcleo de la novela.	这个章节是这部小说的核心。
04264	Nunca escuchas nuestros consejos.	你从来不听我们的建议。
04265	Me gustaría pero no puedo.	我想，但我不能。
04266	Estaba feliz de verla de nuevo.	我很高兴再次见到了她。
04267	El matrimonio es la principal causa de divorcio.	婚姻是造成离婚的主因。
04268	Siempre se están quejando.	他们总是在抱怨。
04269	Dejo que mi hermana use mi ordenador nuevo.	我让我妹妹用我的新电脑。
04270	Las rosas azules son muy hermosas.	蓝色的玫瑰很漂亮。
04271	¡Oh gracias! Qué considerado.	谢谢！真是体贴。
04272	Ojalá fuera capaz de nadar.	我希望我会游泳。
04273	Ella es mayor que él.	她比他大。
04274	Mi amigo me llama Ken.	我的朋友叫我肯。
04275	Mi amiga me llama Ken.	我的朋友叫我肯。
04276	Mis amigos me llaman Ken.	我的朋友叫我肯。
04277	¿Tendrás tiempo para comer conmigo?	你有时间跟我吃午饭吗？
04278	La población de China e India sobrepasa a la de cualquier otro país.	中国和印度的人口超过了其他任何国家。
04279	Ese gato es marrón.	这只猫是褐色的。 / 这只猫是咖啡色的。
04280	No me gustan las grandes ciudades.	我不喜欢大城市。
04281	Acabo de ver una estrella fugaz.	我刚看到一颗流星。
04282	Ella se divorció legalmente de su marido.	她在法律上和她丈夫离婚了。
04283	Este perro es mío.	这只狗是我的。
04284	¿Qué hacéis el próximo domingo?	你们下周日做什么？
04285	Berlín es una ciudad alemana.	柏林是德国城市。
04286	¿Sabes jugar al tenis?	你会打网球吗？
04287	Hoy es mi cumpleaños.	今天是我的生日。 / 今天是我生日。
04288	¿Puedo comérmelo todo?	我能都吃掉吗？
04289	No me gusta la primavera.	我不喜欢春天。
04290	Quiero comprar un coche nuevo.	我想买辆新车。
04291	No seas estúpido.	别傻了
04292	Entra en tu habitación y quédate ahí hasta que llegue.	进去，呆在你的房间里，直到他来。
04293	¿Cómo estudias?	你如何读书？
04294	Ésta es una flor hermosa.	这是一朵美丽的花。
04295	Cuando se despidieron, la niña le dijo en voz baja "te echaré de menos".	当他们分别时，女孩轻声说：「我会想你的。」
04296	¡Echaos a un lado! ¿No veis que ahí estáis en medio?	到旁边去！你们没看到你们站在中间吗？
04297	¿Cómo se pronuncia su apellido?	你的姓氏怎么读？ / 你的姓怎么读？ / 你的姓怎么念？
04298	Nadie cree que es inocente.	没人相信他是无罪的。
04299	Lo sentimos mucho por no poder ayudarlos.	我们很遗憾无法帮助他们。
04300	Odio cuando las mujeres dicen que "los hombres son todos iguales".	我很讨厌有女的说：“男人都一样”。
04301	Creo que él es feliz.	我想他很快乐。
04302	Pienso ir allí.	我打算去那里。
04303	Encantado de conoceros.	认识你们，我很高兴。
04304	Tengo algunos bolígrafos.	我有几支圆珠笔。
04305	Cuba queda en América Central.	古巴位于中美洲。
04306	Miren todos hacia el pizarrón.	请大家看看黑板。
04307	¿Puedo hablar contigo?	我能和你谈谈吗？
04308	Jerusalén es la ciudad santa de los judíos.	耶路撒冷是犹太人的圣城。
04309	¿No te parece irónico este nombre, "Guerra Santa"?	你不觉得这个名字很讽刺吗，「神圣的战争」？
04310	Quiero un vaso de agua.	我要一杯水。
04311	Se parece a su abuelo.	他很像他外公。 / 他很像他爷爷。
04312	¿Hay alguna parada de autobús cerca de aquí?	这附近有公交站吗？
04313	Te llamaré en cuanto llegue a casa.	我一回到家就打电话给你。
04314	Dicen que soy una anciana.	他们说我是老女人。
04315	El equipo tiene que ganar el partido de mañana.	队伍必须赢得明天的球赛。
04316	Ella consiguió lo que quería.	她找到了自己想要的。
04317	Los tres vecinos se ayudan mutuamente.	三个邻居相互帮助。
04318	Ellos han suspendido el examen.	他们考试不及格。
04319	Bill volverá la semana que viene.	比尔下周会回来。
04320	Ella prefiere comer melón de postre.	她甜点想吃哈密瓜。
04321	Somos felices.	我们很快乐。
04322	Ellos dejaron el problema sin resolver.	他们把这个未解决的问题遗留了下来。
04323	¡Chau!	拜拜！
04324	Tenemos cuatro clases de francés a la semana.	我们一周有四堂法语课。
04325	Él es francés.	他是法国人。
04326	Tu hermano no lo comprará.	你哥哥不会买它。
04327	Esta es la chica que vino ayer.	这是昨天来的那个女孩。
04328	No sirve de nada torturarle, él no va a confesar.	再折磨他也没用，他不会招供的。
04329	Sé quién vive en esta casa.	我知道谁住在这房子里。
04330	Tómate esta medicina cada cuatro horas.	每四小时吃一下这个药。
04331	Una vez más.	再一次。
04332	El precio varía con la demanda.	价格根据需求变化。
04333	Trae el ventilador, que hace mucho calor.	天气很热，把电风扇拿来。
04334	El aeropuerto está cerca.	机场很近。
04335	Él tiene dos hijas.	他有两个女儿。
04336	Hablo inglés todos los días.	我每天都说英语。
04337	¿Te gustaría saber cómo prevenir las arrugas?	你想要知道如何避免皱纹吗？
04338	Lo siento, mi padre no está en casa.	不好意思，我爸爸不在家。
04339	¿Por qué está aquí la policía?	为什么这有警察？
04340	El salmón que se vende aquí es de la mejor calidad.	这里卖的三文鱼是品质最好的。 / 这里卖的鲑鱼是品质最好的。
04341	María se gasta mucho dinero en ropa.	玛丽娅花很多钱买衣服。
04342	Póngase debajo de las cobijas. Hace frío aquí.	钻到毯子里去，这里很冷。
04343	Lo siento, te amo.	对不起，我爱你。
04344	¿Quién te ha enseñado a bailar?	谁教你跳舞的?
04345	Me enamoré de ti.	我爱上了你。
04346	Vivimos cerca de la escuela.	我们住在学校附近。
04347	Deberías escuchar a tu madre.	你该听妈妈的话。
04348	Cogí un resfriado el mes pasado.	上个月我感冒了。
04349	El cerebro es solamente una máquina complicada.	大脑只是个复杂的机器。
04350	Se me olvidó.	我忘了。
04351	Estoy aprendiendo japonés.	我正在学日文。
04352	Este suéter no es caro. Es muy barato.	这件套衫不贵，它很便宜。
04353	Las naranjas son ricas en vitamina C.	柳丁含有大量的维生素 C。 / 柳橙富含维他命 C。
04354	Es peligroso nadar en este lago.	在这湖里游泳很危险。
04355	Se puede ir.	可以走了。
04356	Volveré a las seis.	我将6点回来。
04357	Acaba de dejar de llover, así que vámonos.	雨刚停了，我们走吧。
04358	Soy más listo que tú.	我比你聪明。
04359	Soy más lista que tú.	我比你聪明。
04360	Eres la flor más hermosa de mi vida.	你是我生命中最美丽的花朵。
04361	¿Quieres comer algo?	你想吃什么东西吗?
04362	Te estoy buscando.	我在找你。
04363	El niño lleva gafas.	那个小男孩戴眼镜。
04364	Se sentía cansado.	他感到疲惫。
04365	Su tren sale de la décima plataforma.	他的火车从十号站台发车。
04366	Nunca leo libros eróticos.	我从来不看色情书。
04367	Los hombres son malos, sólo piensan en sí mismos, sólo yo pienso en mí.	人们都很坏，他们只想著他们自己，只剩下我为自己著想。
04368	Tenemos un gato. A todos nos gustan los gatos.	我们有一只猫。我们都喜欢猫。
04369	Él vio a una hermosa joven.	他看到一位漂亮小姐。
04370	Es un regalo para ti.	这是给你的礼物。
04371	¿Son altos?	他们高不高？
04372	El entusiasmo es contagioso.	热情具有传染性。
04373	Luke, soy tu hijo.	Luke，我是你的儿子。
04374	Deberías ir al médico.	你应该去看医生。
04375	Gracias por tu consejo.	谢谢你的建议。
04376	Recibí tu carta ayer.	我昨天收到了你的信。
04377	Él escribió a sus padres.	他写信给他的父母。
04378	Ayer no estaba ocupado.	我昨天不忙。
04379	¿Qué tal el trabajo?	工作怎么样？
04380	Tengo que comprar un par de zapatos.	我需要买一双鞋。
04381	Estoy en casa.	我在家。
04382	Mi abuela perdió la memoria.	我奶奶失去了记忆。
04383	Ella nos enseña francés.	她教我们法语。
04384	Los zorros son animales salvajes.	狐狸是野生动物。
04385	Está sentado en dos sillas.	他坐在两张椅子上。
04386	¿Vamos al cine?	我们去电影院吗？
04387	Hoy en día es imposible protegerse contra las armas de destrucción masiva.	如今已经没甚么能防范大规模杀伤性武器了。
04388	No tenía dinero para irse de viaje.	他没钱去旅行。
04389	Es la mejor forma de aprender inglés.	那是学英语最好的方法。
04390	Él me saca una cabeza.	他比我高一个头。
04391	Se fue de viaje a Europa.	他去欧洲旅行了。
04392	No quiero ningún plátano.	我一个香蕉也不要。
04393	A Neptuno le toma 165 años orbitar alrededor del sol.	海王星绕行太阳一周要花一百六十五年。
04394	¿Cuántos años tiene tu padre?	你的父亲几岁了？
04395	Hoy tengo ganas de salir.	我今天想出门。
04396	Fui al supermercado.	去了超市。
04397	Está realmente enfadado.	他非常生气。
04398	¡No cruces la calle!	别过马路！
04399	Es hora de cenar.	吃晚饭的时间到了。
04400	Por favor, dilo otra vez.	请再说一次。
04401	Por favor, dígalo otra vez.	请再说一次。
04402	¿Esto es un gato?	这是猫吗？
04403	¿Qué día de la semana es hoy?	今天是周几呀？
04404	Disfruté hablar con él.	我和他谈得很愉快。
04405	Los policías estadounidenses visten uniforme azul.	美国警察穿蓝色的制服。
04406	No puede nadar aquí.	您不能在这里游泳。
04407	No lo sé.	我不知道。
04408	Esto costará 30 €.	这个要三十欧元。
04409	¿Alguien puede contestar mi pregunta?	有人可以回答我的问题吗？
04410	Me gusta la lengua occitana.	我喜欢奥克语。
04411	He intentado decírtelo.	我试过告诉你的。
04412	No consigue decidirse entre buscar trabajo o ir a la universidad.	她在找工作和读大学之间无法取舍。
04413	Me gusta mucho el helado.	我非常喜欢冰淇淋。
04414	¿Todavía no has cenado?	你还没有吃晚饭？
04415	Ella ayudó a su hija a vestirse.	她帮她女儿穿好衣服。
04416	Necesitamos fuego.	我们需要火。
04417	Querría invitarte a la fiesta.	我想请你参加派对。
04418	Haga frío o calor, ella nunca sale sin su bufanda.	不论天气冷还热，她出门总带著围巾。
04419	Tiene un gato blanco.	他有一只白猫
04420	Ya era tarde, así que me fui a casa.	己经晚了，所以我回了家。
04421	Mi casa es grande.	我家很大。
04422	¿Qué vas a hacer ahora?	你现在去做什么？
04423	Pregúntale cuánta sopa quiere.	问她要多少汤?
04424	¿Te gustaría ir?	你想去吗？
04425	No puedo beber alcohol.	我不会喝酒。
04426	¿Seguridad social? ¿Están de broma?	社会保障吗？他们在说什么笑话？
04427	¿Has estado ocupado últimamente?	你最近忙不忙？
04428	Ocúpate de tus propios asuntos.	管好你自己的事吧。
04429	Ken tiene dos gatos.	Ken有两只猫。
04430	¿Es médico?	他是医生吗？
04431	Todos los abogados son unos mentirosos.	律师都是骗子。
04432	No ha dicho ni pío.	他甚么也没说。
04433	Solías fumar, ¿verdad?	你以前吸烟，不是吗？
04434	Dame una naranja.	给我一个橙子。
04435	Dame una manzana.	给我一个苹果。
04436	¿Te gustaría que te ayudara?	你要我帮你吗？
04437	Ya no bebo cerveza.	我已经不喝啤酒了。
04438	¿Puedo tocar tus tetas?	我能碰你的咪咪吗？
04439	No olvides venir a buscarme a la estación.	别忘了来火车站接我。
04440	¿Cuánto cobras por hora?	你每小时多少钱？
04441	No sé cuándo puede venir.	我不知道他什么时候能来。
04442	Querría un poco de pastel.	我想要来点甜点。
04443	Ella nunca se viste de verde.	她从来不穿绿色的衣服。
04444	¿Te gusta China?	你喜欢中国吗？
04445	Voy al colegio en metro.	我坐地铁上学。
04446	Tenemos un gato blanco.	我们有一只白色的猫。
04447	Espero que no tengamos que esperar mucho.	希望我们不需要等太久。
04448	Si pulsas este botón, la ventana se abre automáticamente.	按下这个按钮, 窗口会自动打开。
04449	Su amiga es japonesa.	他的女朋友是日本人。
04450	El vendedor me engañó.	卖东西的人把我骗了。
04451	Nuestra biblioteca está en el tercer piso.	我们的图书馆在三楼。
04452	Ellos compraron una caja de galletas.	他们买了一盒曲奇。 / 她们买了一盒饼干。
04453	Solo hay una tienda que venda este libro.	只有一家商店卖这本书。
04454	No ha parado de llover en tres días.	三天一直下雨。
04455	Cuéntame tus planes para el futuro.	给我谈谈你未来的计划。
04456	Ahora es demasiado tarde.	现在太迟了。
04457	He oído que tocas el piano.	我听说你弹钢琴。
04458	Le preguntó a mi madre.	他问了我的妈妈。
04459	Las matemáticas son mi asignatura favorita.	数学是我最喜欢的科目。
04460	Murió a los 54 años de edad.	54岁去世。
04461	Quiero ser periodista deportivo.	我想成为一个体育记者。
04462	Todos mis amigos me llaman Beth.	我朋友都叫我Beth。
04463	Prohibido nadar.	禁止游泳。
04464	¿Dónde está la escuela?	学校在哪儿？
04465	El autobús lleva un retraso de diez minutos.	公交车晚点了十分钟。
04466	Mary cocina sin sal.	玛丽做菜不放盐。
04467	Quiere ir a esta fiesta.	她想参加这个派对。
04468	Tenemos que cuidarnos.	我们要爱护自己。
04469	Hoy voy a ir a verle.	今天我要去看他。
04470	El precio es razonable.	价钱很合理。
04471	¡Vos siempre peleás!	你们总是打架。
04472	¿Qué te parece el viernes?	你觉得周五怎么样？
04473	¿Tú también vas?	你也要去吗？
04474	No estoy acostumbrado a la comida picante.	我不习惯辛辣的食物。
04475	Un siglo tiene cien años.	一个世纪就是一百年。
04476	¿Él habla inglés, francés o alemán?	他说英语，法语还是德语？
04477	Es nuestra escuela.	那是我们的学校。
04478	Necesita dinero.	他需要钱。
04479	Tengo un bolígrafo.	我有一支圆珠笔。
04480	Él se baña cada mañana.	他每天早上洗澡。
04481	¿Hay alguien aquí?	这儿有人吗?
04482	¿Tiene un bolígrafo?	你有圆珠笔吗？
04483	Yo no soy mago.	我不是魔法师。
04484	¿Cuál es tu proverbio favorito?	你最喜欢的谚语是什么？
04485	¿Cuál es tu canción infantil favorita?	你最喜欢的儿童歌曲是哪首？
04486	Detroit es famoso por su industria del automóvil.	底特律因它的汽车工业而出名。
04487	¿Cuándo le viste por última vez?	你最后一次见到他是什么时候？
04488	Se casó con él.	她嫁给了他。
04489	Le pillé robando dinero.	我抓到他偷钱。
04490	¿Vos preferís un té o un café?	你喜欢喝茶还是喝咖啡？
04491	¿A todo el mundo le gusta la música?	大家都喜欢音乐吗？
04492	Japón es un país rico.	日本是个富有的国家。
04493	Siempre te estás quejando de tu marido.	你总是在抱怨你的丈夫。
04494	¿Dónde están las manzanas?	苹果在哪里？
04495	¿Qué significa esta frase en esperanto?	这个世界语句子是什么意思？
04496	Las hojas de la lechuga se marchitan fácilmente.	生菜叶子很容易枯掉。
04497	Las hojas secas se queman fácilmente.	干燥的叶子很容易燃烧。
04498	No sabemos nada de él desde el año pasado.	去年之后我们就没有得到有关他的任何消息。 / 去年之后，我们对他一无所知。
04499	Mi corazón es verde y amarillo.	我的心是绿色和黄色的。
04500	«Alguien se tiró un pedo.» «¡No fui yo!»	「有人放屁。」「不是我！」
04501	No sé a qué hora volverá mi madre.	我不知道母亲甚么时候会回来。
04502	Yo soy cristiano, pero él es budista.	我是基督教徒，而他则是佛教徒。
04503	Portar armas es ilegal.	携带武器是违法的。
04504	Es hora de almorzar.	午餐时间到了。
04505	Este perro parece estar hambriento.	这只狗看上去饿了。
04506	Ésta es mi pregunta.	这是我的问题。
04507	Él se parece a su madre.	他看起来就像他的母亲。
04508	Hay un teléfono en mi habitación.	我的房里有部电话。
04509	Si estás cansado, vete a dormir.	你若累了，就去睡个觉。
04510	Una persona que no te entiende no tiene por qué ser idiota.	一个不懂你的人不一定就是一个笨蛋。
04511	El Sumo es un deporte tradicional japonés.	相扑是日本传统的体育活动。
04512	¡Vení rápido!	快来吧！
04513	No costará mucho.	它不会太贵的。
04514	La semana que viene me voy de vacaciones.	下周我去度假。
04515	¿Cuándo se terminará el mundo?	世界末日是什么时候？
04516	Él puede hacerlo mejor que yo.	他有能力比我做得更好。
04517	Tu respuesta es diferente a la mía.	你的答案和我的不一样。
04518	A ella no le gusta el fútbol.	她不喜欢足球。
04519	Él es muy famoso en Japón también.	他在日本也很有名。
04520	Tom cometió algunos errores en la prueba.	汤姆在考试中犯了一些错误。
04521	Tom cometió algunos errores en el test.	汤姆在考试中犯了一些错误。
04522	Ella tiene dos años menos que yo.	她比我年轻两岁。
04523	Es tenista.	他是个网球球手。
04524	¡Escucha esto!	听这个！
04525	No soñé anoche.	我晚上没做梦。
04526	Él no habla inglés, y mucho menos francés.	他不会说英语，法语就更别说了。
04527	¡Coge otra silla!	再拿把椅子！
04528	Tenemos cinco clases semanales de inglés.	我们一周有五节英语课。
04529	Él no tiene novia.	他没有女朋友。
04530	No hagas tanto ruido en la habitación.	在房间不要制造这么多噪音。
04531	No me acuerdo de su nombre.	我不记得他的名字。
04532	¿Qué tengo que hacer ahora?	我现在必须做什么?
04533	Quiero viajar alrededor del mundo.	我想周游世界。
04534	Va al parque cada mañana.	他每天早上去公园。
04535	¿Te gusto?	你爱我吗？
04536	¿Qué lengua se habla en su país?	在您的国家说什么语言？
04537	¿Café o té?	咖啡还是茶？
04538	¡Qué barco más grande!	好大的船！
04539	Trabajo con su novio.	我和她的男朋友在一起上班。
04540	Mi padre va al trabajo en bicicleta.	我父亲骑自行车去上班。
04541	No estás satisfecho, ¿verdad?	你并不满意，对吧？
04542	¿Dónde estuviste anoche?	你昨晚在哪里？
04543	¿Por qué intentaste escapar?	为什么你企图逃走？
04544	¿Cuándo aprendiste a nadar?	你什么时候学会游泳的？
04545	¿Quién ha escrito estas dos cartas?	谁写了这两封信？
04546	Él hace deporte dos veces por semana.	他一周做两次运动。
04547	Estoy un poco cansada.	我有点累。
04548	Siempre está lloviendo.	总是在下雨。
04549	Tom puede correr tan rápido como Mary.	汤姆可以和玛莉跑得一样快。 / 汤姆和玛莉跑得一般快。
04550	Madonna puede cantar.	麦当娜会唱歌。
04551	No puedo decirlo.	我不能说。
04552	Soy lesbiana.	我是女同性恋。 / 我是女同。
04553	Tengo un poco de fiebre hoy.	我今天有点发烧。
04554	¿Sabes lo que dijo?	你知道他说了什么吗？
04555	Espero que vengas de nuevo.	我很希望你会再来。
04556	Ella odia las zanahorias.	她讨厌胡萝卜。
04557	Están buscando una solución.	他们在找一个解决方法。
04558	Necesita nuestra ayuda.	她需要我们的帮忙。
04559	Tom no toma mucho.	汤姆喝酒喝得不多。
04560	Ella expresó en un poema lo que siente por la naturaleza.	她通过一首诗表达了她对大自然的感受。
04561	Él se levantó.	他起身。 / 他起床。
04562	Mañana iré a París.	明天我去巴黎。
04563	¿Cómo se llama tu amigo?	你的朋友叫甚么名字？
04564	El cielo está despejado.	天空很晴朗。
04565	Él robó mi reloj.	他偷了我的表。
04566	Ya no puedo ayudarte.	我不能帮你了。
04567	Tom ha acumulado mucha basura.	汤姆屯了很多垃圾。
04568	Me llamo Yamada.	我姓山田。 / 我叫山田。
04569	¿Cómo se llama mi médico?	我的医生叫什么名字？
04570	Lleva zapatos de tacón para parecer más alta.	她穿著高跟鞋，这样显得更高一些。
04571	Mis abuelos son de Lisboa, pero mis padres son de Río de Janeiro.	我的祖父母来自里斯本，但是我的父母来自里约热内卢。
04572	Vos sos español, ¿no?	你是西班牙人，是不是？
04573	No sabe nadar.	她不会游泳。
04574	Me levanto a las seis.	我六点起床。
04575	Él no habla inglés, ¿verdad?	他不会说英语，是吗?
04576	¿Por qué quiere comprar este libro?	您为什么想买这本书？
04577	Cualquier cosa que te diga, no confíes en él.	无论他和你说什么，都别相信他。
04578	Él es el hijo de una familia rica.	他是有钱人家的儿子。
04579	Usted debería conocerle.	您应该认识他。
04580	Empezaremos el partido cuando llegue.	他一来我们就开始比赛。
04581	¿Son gratis las bebidas?	饮料是免费的吗？
04582	¿Te gusta este lugar?	你喜欢这个地方吗？
04583	Escuchamos música.	我们听音乐。
04584	Es sábado.	是星期六。
04585	Me gusta mucho el inglés.	我非常喜欢英语。
04586	La guerra fue perjudicial para el país.	那场战争对国家造成伤害。
04587	Los bancos no abren los sábados.	周六银行不开门。
04588	Lo que ella dijo no tenía sentido.	她说的话没有道理。
04589	El papel, el vidrio y el plástico son materiales reciclables.	纸张、玻璃和塑胶都是可回收的材质。
04590	¿A qué hora dijo que iba a venir?	他说他几点钟会来?
04591	Ella me dio estas monedas antiguas.	她给了我这些旧硬币。
04592	Cuanto más comes, más quieres comer.	越吃越想吃。
04593	Fui ayer allí.	我昨天去那儿了。
04594	Mi teléfono es bonito.	我的手机是美丽的
04595	Mañana tengo curso muy temprano.	我明天的课很早。
04596	A veces viene a verme.	他有时候会来看我。
04597	Yo soy una mujer.	我是女人。
04598	Mi mascota está enferma.	我的宠物生病了。
04599	Al día siguiente, Isabela volvió a casa.	伊莎贝拉第二天回家了。
04600	El gato es negro.	猫是黑色的。
04601	Necesitamos más café.	我们需要多一点咖啡。
04602	Siempre estoy orgulloso de mi familia.	我一直为我的家庭感到骄傲。
04603	Esto es un DVD.	这是DVD。
04604	Muchísimas gracias.	非常感谢。
04605	Los ingleses rara vez le hablan a los extranjeros en el tren.	英国人很少在火车上和陌生人搭讪。
04606	¡No puedo ver!	我看不见啊！
04607	¡Hasta mañana!	明天见！
04608	Guilherme es de Brasil. Es brasileño.	威廉是从巴西来的。他是巴西人。
04609	Guilherme es de Brasil. Es brasilero.	威廉是从巴西来的。他是巴西人。
04610	Elena es de Ecuador. Es ecuatoriana.	Elena来自厄瓜多。她是厄瓜多人。
04611	Tenemos dos cabras.	我们有两只羊。
04612	La película duró dos horas.	这部电影放了两小时。
04613	No tenemos tiempo para debatir.	我们没有时间来辩论。
04614	El hierro es un metal útil.	铁是个有用的金属。
04615	¡Feliz cumpleaños, Shishir!	生日快乐，Shishir。
04616	¿Te gusta la comida china?	你喜欢中国菜吗？
04617	No sabíamos cómo hacer, así que pedimos ayuda.	我们先前不知道要怎么做，所以才求助。
04618	Nunca tuve la intención de engañarte.	我从没想过要欺骗你。
04619	Es muy inapropiado.	这实在不合适。
04620	Él le regaló un libro.	他给了他一本书。
04621	Es la primera vez que ve una película erótica.	这是他第一次看色情电影。
04622	Mi esposa es nativa de Urumchi.	我的妻子是乌鲁木齐人。
04623	Yo puedo leer en español con facilidad.	我能很轻松地读西班牙文。
04624	Estos lápices son del mismo color.	这些铅笔的颜色是一样的。
04625	Estos peces son del mismo color.	这鱼的颜色一样。
04626	Tom llevaba un chaleco antibalas, así que la bala no le mató.	汤姆穿著一件防弹衣，所以子弹没把他杀死。
04627	El pronóstico es que mañana estará nublado.	预告说明天多云。
04628	Las naranjas tienen mucha vitamina C.	柳丁含有大量的维生素 C。 / 柳橙富含维他命 C。
04629	Le gusta el té.	他喜欢茶。
04630	Nuestra escuela está muy cerca del parque.	我们学校离公园非常近。
04631	El griego es difícil de aprender.	希腊语很难学。
04632	No jueges en la calle.	别在马路上玩。
04633	¡Te matarán!	你会被杀的！
04634	Le veré mañana por la tarde.	我明天下午见他。
04635	Me gusta estar contigo.	我喜欢和你在一起。
04636	En Canadá la gente habla inglés.	在加拿大的人说英语。
04637	Cuando llegamos estaba lloviendo.	我们到的时候正在下雨。
04638	No tan rápido, joven amigo.	别这么快，年轻朋友。
04639	¿Aquí tengo que quitarme los zapatos?	在这里我必须脱鞋吗?
04640	La casa que he comprado está un poco lejos del centro de la ciudad.	我买的房子离市中心比较远。
04641	Trabajo en el banco.	我在银行工作。
04642	Mi hermano pequeño cruzó el salón corriendo totalmente desnudo.	我弟弟全身光溜溜地跑过客厅。
04643	Mi hermana canta muy bien.	我妹妹唱歌很好听。
04644	Nos vamos a mudar, pero no sé adónde.	我们要搬家了，但是我还不知道要搬到哪里去。
04645	¿Sabes quién canta esa canción?	你知道这首歌是谁唱的吗？
04646	Tenemos avena y maíz para el desayuno.	我们早餐有燕麦和玉米。
04647	Su esposa viene de California.	他太太来自于加利福尼亚州。
04648	Me gustaría visitar Francia algún día.	我想有一天能去法国。
04649	Todavía no es la hora de la cena.	现在还不是晚饭时间。
04650	La familia desayuna en el balcón.	一家人在阳台上吃早饭。
04651	Fuimos a nadar al mar.	我们去海边游泳。
04652	¿Cuándo pasó?	什么时候发生的？
04653	Yo conocí a un joven cuyo nombre era Tom.	我认识了一个叫Tom的年轻人。
04654	El loro está muerto.	那只鹦鹉死了。
04655	¿Adónde vamos?	我们去哪里？
04656	¿Es ella japonesa?	她是日本人吗？
04657	¿Es él japonés?	他是日本人吗？
04658	¡Ayúdame!	帮帮忙啊。
04659	Mi hermana no tiene coche.	我姐姐没有车。 / 我妹妹没有车。
04660	¿Cuál es tu verdadera intención?	你的真正目的是甚么？
04661	Invité a cenar a mis amigos.	我邀请我的朋友吃晚餐。
04662	A Meri le gusta mucho la leche.	玛丽很喜欢牛奶。
04663	Necesito tiempo y espacio.	我需要时间和空间。
04664	Mi madre nunca me ha castigado.	我母亲从来没有惩罚过我。
04665	Siento náuseas.	我有点恶心。
04666	¡No le eches huesos al perro!	被扔骨头给那只狗。
04667	Hoy no tengo clases.	我今天没课。
04668	Me gustan los helados de fresa.	我喜欢草莓味的冰淇淋。
04669	Él es muy alto.	他非常高大。
04670	Me gustan los colores brillantes.	我喜欢明亮的颜色。
04671	Esperamos largo rato, pero no apareció.	我们等了好久，但是她还是没有出现。
04672	¡Hoy es el 18 de junio y es el cumpleaños de Muiriel!	今天是６月１８号，也是Muiriel的生日！
04673	¿Puede darme un poco más de café?	可以再给我一点咖啡吗？
04674	También habla francés.	他也会说法语。 / 法语他也会说。
04675	Hay algunos chicos en el parque.	公园里有一些男孩子。
04676	Ella tiene tres hermanas: una es enfermera y los otras dos son maestras.	她有三个姊妹，一个是护士，另外的两个是教师。
04677	La niña bebe el té.	这个女孩子在喝茶。
04678	¿Cuál es la próxima estación?	下一站是什么地方？
04679	¿De quién es este portátil?	这台笔记本电脑是谁的？
04680	Tiene la reputación de ser el mejor abogado de la ciudad.	他被认为是这座城市里最好的律师。
04681	Soy más pequeño que él.	我比他矮。
04682	Invité a veinte amigos a la fiesta.	我请了二十位朋友参加派对。
04683	¿Ya lo terminaste?	你做完了吗?
04684	La reciente escasez de café provocó muchos problemas.	最近的咖啡短缺带来了许多问题。
04685	Este es el lago más profundo en Japón.	这片湖是日本最深的。
04686	Él es la ley.	他就是王法。
04687	Este trabajo precisa de al menos 300 dólares.	这个工作最少需要300美金。
04688	Él es mayor que Jane por 2 años.	他比珍妮大两岁。
04689	Quiero ir a nadar.	我想去游泳。
04690	Por favor, habla un poco más alto.	请说更大声一点。
04691	A veces es mejor decir una mentira.	有时候还是说谎好
04692	No quiero nada.	我啥都不想要。
04693	¿Quiénes sois vosotros? Supongo que no sois de aquí.	你是谁？我怀疑你不是这里的。
04694	¿Puedo darle lechuga a mi perro?	我能给我的狗吃生菜吗？
04695	Él ha pasado diez años entre rejas por asesinato.	他因为谋杀案在牢里待了十年。
04696	Tiene el pelo largo.	他有长头发。
04697	Yo siempre he bebido mucha Cola, pero ahora solo bebo agua.	我从前总是喝很多可乐，但现在我只喝水。
04698	Quiero tener sexo con ella.	我要和她发生性关系。
04699	Ahora mi mujer está haciendo la comida.	我妻子正在做饭。
04700	¿Puedo?	我能吗？
04701	Eso muestra lo poco que sabemos sobre nosotros mismos.	这表明我们对自身的认知很少。 / 这说明我们有多么不了解自己。
04702	Hoy he visto una película muy divertida.	我今天看了一部非常好笑的电影。
04703	¿Por qué estás enfadado conmigo?	你为什么对我生气？
04704	Quiero aprender a bailar.	我想学跳舞。
04705	Miré pero no vi nada.	我看过了, 但是没看到什么东西。
04706	No hay nadie en tu habitación.	你的房间里一个人也没有。
04707	"¿Dónde está tu primo?" "Se acaba de ir."	“你表哥呢？”“他刚走。”
04708	No te preocupes, estamos en camino.	别着急，我们马上就来。
04709	Es imposible que yo termine el trabajo en unos pocos días.	让我在几天内完成这些活实在不可能。
04710	¿Cuántos años crees que tiene Tom?	你觉得汤姆有多大？
04711	Creemos que lo peor ha pasado.	我们认为糟糕的事已过去了。
04712	¿Esto es latín?	这是拉丁语吗？
04713	Sabía que este momento llegaría.	我先前就知道这一刻将会到来。
04714	Está estudiando.	他在读书。
04715	Ábrele la puerta al amor.	给爱情开门！
04716	Tiene miedo de ir en avión.	他怕坐飞机。
04717	Está tan frío como el hielo.	和冰一样冷。
04718	Tom sentía la lluvia fría en su cara.	汤姆感觉到冰冷的雨滴落在他的脸上。
04719	Ella ha ido a París.	她去过巴黎。
04720	No sé si ella te gusta o no.	我不知道你喜不喜欢她。
04721	Eres muy amable.	你真好。
04722	Yo tengo un hermano y dos hermanas.	我有一个兄弟和两个姐妹。
04723	Volveré más tarde.	我会晚一点回来。
04724	Eso me ha sorprendido.	这让我感到很惊讶。
04725	Ayer vino a verte.	他昨天来看你。
04726	Esa corbata va bien con tu camisa.	那条领带很适合你的衬衫。
04727	Yo puedo hablar.	我能说。
04728	¿Quieres decir que yo no tengo cerebro?	你是说我没有大脑吗？
04729	¿Por qué estás enfadada con él?	你为什么跟他生气？
04730	¿Por qué estás enfadado con él?	你为什么跟他生气？
04731	Uno es japonés y el otro es italiano.	一个是日本人，另一个是意大利人。
04732	Ella vive en Londres.	她住在伦敦。
04733	Ahora Tom no necesita dinero.	汤姆现在不需要钱。
04734	Quiero tocar la guitarra.	我想弹吉他。
04735	¿Acaso tienes una pala que me puedas prestar?	你有能让我借用的铲子吗？
04736	Yo volví a casa en tren.	我坐火车回了家。
04737	Levantó la mano.	他举起他的手。
04738	En el mundo muchas personas tienen hambre.	世界上许多人很饥饿。
04739	¿Puedes hablar más alto? No te oigo.	你可以大声说吗？我听不见。
04740	¿En qué lugar ocurrió ese accidente?	那件意外是在甚么地方发生的？
04741	Puedes cantar una canción.	你可以唱一首歌。
04742	Mañana no iré al colegio.	我明天不会去学校。
04743	Ayudé a mi padre a hacer este trabajo.	我帮我父亲做这个工作。
04744	Nuestro mayor enemigo no es otra persona que nosotros mismos.	我们最大的敌人不是别人，可能是自己。
04745	Ayer trabajé duramente el día entero.	昨天，我一整天都在工作。
04746	Yo me traje su paraguas por error.	我错把他的雨伞拿来了。
04747	Él sobrevivió a un accidente en avión.	他在一个飞机事故中幸存了下来。
04748	Usualmente Tom se queda en hoteles cinco estrellas.	汤姆一般住五星级酒店。
04749	Tom cortó la lechuga.	汤姆切了生菜。
04750	Helen se preocupa mucho por su hija.	Helen很担心她的女儿。
04751	Todos los venenos más letales estaban en su laboratorio.	他的实验室里有所有最致命的毒。
04752	Estoy feliz de verte aquí.	我很高兴在这里看到你。
04753	Hoy estudié chino por dos horas.	我今天学了两小时的中文。
04754	Préstame el bolígrafo.	借我一支圆珠笔。
04755	Jimmy es mi hijo adoptivo.	Jimmy是我的养子。
04756	Tom respeta a sus padres.	Tom尊敬他的父母。
04757	Yo puedo leer sin anteojos.	没眼镜我可以读。
04758	¿Qué tipo de mujer crees que soy?	你认为我是哪种女人？
04759	Tengo un hermano mayor.	我有个哥哥。
04760	El perro es rojo.	这只狗是红色的。
04761	Esta casa es muy pequeña para que nosotros vivamos en ella.	这房子给我们住太小了。
04762	Sabemos que ella nació en Canadá.	我们知道她是在加拿大出生的。
04763	Anoche dormí bien.	我昨晚睡得很好。
04764	Al fin, la verdad nos fue revelada.	真相总算在我们面前揭晓了。
04765	Tom tiene tres perros.	汤姆有三只狗。 / Tom 有三只狗。
04766	Será mejor que te calles.	你最好闭嘴。
04767	No me gusta nada esta ciudad.	我一点都不喜欢这个城市。
04768	Yo ya estaba ocupado planeando mis vacaciones.	我已经在忙于计划假期了。
04769	Tom siempre está ocupado.	汤姆一直都忙。
04770	Tom siempre se está quejando de su esposa.	Tom总是在抱怨他的妻子。
04771	¿Quién soy yo?	我是谁？
04772	¿Vendrá John a vernos mañana?	约翰明天会来看我们吗？
04773	Él cortó la carne con un cuchillo.	他用刀切了肉。
04774	Yo nunca como carne.	我从不吃肉。
04775	¿Carne o pescado?	肉还是鱼？
04776	Los estadounidenses comen un montón de carne.	美国人很能吃肉。
04777	Siempre te quejas de algo.	你总是抱怨一些东西。
04778	A él le gusta cantar y bailar.	他喜欢唱歌，也喜欢跳舞。
04779	Un día tiene veinticuatro horas.	一天有二十四个小时。
04780	Mi móvil está roto.	我的手机坏了。
04781	Quiero un móvil.	我要一个手机。
04782	Me gusta beber cerveza y vino.	啤酒和葡萄酒我都喜欢喝。
04783	Mi marido y yo somos profesores.	我和我的丈夫都是老师。
04784	Tom puso su camisa en un colgador.	汤姆将他的衬衣挂在了挂钩上。
04785	Mi madre siempre se está quejando de mí.	我妈妈总是在抱怨我。
04786	¿Hay alguien aquí que sepa conducir?	这里有人会开车吗？
04787	Tom pagó la cuenta.	汤姆付了帐单。
04788	Tom se quedó dormido.	汤姆睡着了。
04789	Las alcachofas son realmente un plato de pobres. ¡Es el único plato en el que, cuando has terminado de comer, tienes más en tu plato que cuando comenzaste!	洋蓟真的是一道穷人的菜。这是唯一一道你吃完后盘子里的东西比开始的时候还多的菜！
04790	Mi tío me ha dado un libro.	我的叔叔给了我一本书。
04791	Mi tío me dio un libro.	我的叔叔给了我一本书。
04792	Yo no lo he visto desde hace un largo tiempo.	我很久没见他了。
04793	Pasé las vacaciones en Hakone.	我在箱根渡假。
04794	Tú eres mi madre.	你是我妈妈。
04795	Esa es una casa azul.	那是一间兰色的房子。
04796	Es necesario que te vayas.	你必须离开。
04797	Puedes contactarte con él esta noche en su casa.	今晚你可以在他家联络到他。
04798	Lo bueno de este diccionario electrónico es que es fácil de portar.	这电子辞典的好处就是便于携带。
04799	Mañana me voy a París.	明天我去巴黎。
04800	En este momento él y sus hermanas viven en Tokio.	他和他的姐妹们目前都住在东京。
04801	La honestidad es una virtud.	诚实是一种美德。
04802	La regla solo aplica para extranjeros.	这条规则只适用于外国人。
04803	Alguien me salvó la vida.	有人救了我的命。
04804	Debes volver antes de las nueve en punto.	你必须在九点之前回来。
04805	Debes ayudarla.	你应该帮助她。
04806	Tengo tantas cosas para decirte que no sé por dónde empezar.	我有太多话想和你说，以至于不知从何说起。
04807	Su madre es estadounidense.	他母亲是美国人。
04808	Es hijo de una familia adinerada.	他是有钱人家的儿子。
04809	Mi hermana preparará el desayuno.	我的姊妹将会准备早餐。
04810	¡Es carísimo!	太贵了！
04811	¿Dónde debería esperarle?	我该在哪儿等您？
04812	Ten un buen fin de semana.	预祝你有个愉快的周末。
04813	A todos les gusta esa flor.	大家都喜欢那朵花。
04814	Tom tiene que actualizar su página web.	汤姆需要更新他的网站。
04815	Mary nos ayudará mañana.	玛丽明天会帮我们。
04816	El vendedor insistió hasta el final.	销售人员坚持到底
04817	¿Qué estáis buscando?	你们在找什么？
04818	La policía encontró la bicicleta de Tom.	警察找到了汤姆的自行车。
04819	Creo que es verdad.	我想那是真的。
04820	¿Cuál es tu programa de televisión favorito?	你最喜欢的电视节目是什么？
04821	A él realmente le agradan los Estados Unidos.	他真喜欢美国。
04822	¡Hola, chica del vestido rojo!	你好，红衣服的女生！
04823	Él es mi jefe.	他是我老板。
04824	Yo soy coreano.	我是韩国人。 / 我是朝鲜人。
04825	¿Tú eres japonés?	你是日本人吗？
04826	Toda la vida es sueño, y los sueños, sueños son.	人生如梦，梦也还是梦。
04827	La niña está tomando té.	这个女孩子在喝茶。
04828	Él puede hablar un poco de inglés.	他会讲一点点英语。
04829	¿Cuándo podemos comer?	我们什么时候可以吃？
04830	¿Cúando acaba?	什么时候结束？
04831	Apaga la luz.	把灯关了。
04832	Tom compró una cámara ayer.	汤姆昨天买了一部相机。
04833	Tom compró la cámara por un precio razonable.	Tom用合理的价格买了相机。
04834	El método más simple de anticoncepción es el preservativo.	最简单的避孕方法就是避孕套。
04835	Estoy comiendo.	我在吃饭。 / 我正在吃东西。
04836	¿Por qué no pudiste venir el sábado?	你为何周六没来？
04837	Mi chino no es perfecto, pero pude entender bastante de lo que él habló.	我的汉语并不完美，但能大致听懂他所说的。
04838	Él siempre canta en la ducha.	他一直在洗澡的时候唱歌。
04839	¿A qué hora te levantas todos los días?	你每天几点起床？
04840	El chico está comiendo pan.	这个男孩子在吃面包。
04841	¡Creemos nuestra propia lengua para que nadie sepa de qué estamos hablando!	我们创作一套自己的语言出来吧，这样就不会有人明白我们在说甚么了！
04842	Me encanta pintar con acuarelas.	我特别喜欢画水彩画。
04843	Me gusta el sabor de la sandía.	我喜欢西瓜的味道。
04844	Hoy no tengo nada más que hacer.	我今天没有更多的事要做了。
04845	Ella juega al golf todos los fines de semana.	她每周末都打高尔夫球。
04846	Tom fue el primer amor de Mary.	汤姆是玛丽的初恋。
04847	Eres un perro.	你是一条狗。
04848	No me gustan los huevos.	我不喜欢鸡蛋。
04849	Comprendo cómo te sientes.	我明白你的感觉。
04850	Yo no tengo gato.	我没有猫。
04851	Yo no bebo café.	我不喝咖啡。
04852	No lo sé y no quiero saberlo.	我不知道，也不想知道。
04853	¿Qué quiere comer?	您想吃什么？
04854	Tom no es estúpido.	汤姆不傻。
04855	Tienes que acabar este trabajo antes de la fecha señalada.	你必须在到期前完成这项工作。
04856	Un poco de lluvia más fuerte podría producir inundaciones.	雨再大一点就会引起水灾了。
04857	Puedo hablar francés.	我会说法语。
04858	Él no puede ayudarte.	他不能帮你。
04859	La casa en la que estoy viviendo no es muy grande.	我住的房子不是太大。
04860	¡Más rápido!	快一点！
04861	No soy médico.	我不是医生。
04862	No hagas ruido cuando comes la sopa.	当你喝汤的时候不要发出声音。
04863	¿Por qué quieres hacerte enfermera?	你为什么想成为护士呢？
04864	¡Creo que debería visitarte en Hong Kong!	我觉得我该去香港看你。
04865	Hoy hace un día horrible.	今天天气糟透了。
04866	No logro entender por qué vino él.	我想不通他为甚么来。
04867	Anoche Tom tuvo un sueño extraño.	汤姆昨夜做了个奇怪的梦。
04868	Suena el teléfono.	电话在响。
04869	¿Estudiáis?	你们学习吗？
04870	Parece que el diamante es real.	这块钻石像是真的。
04871	Las papas son muy baratas.	土豆很便宜的。
04872	Yo pienso que eso es verdad.	我想那是真的。
04873	Yo creo que eso es verdad.	我想那是真的。
04874	¿Por qué se rasca tanto? ¿Acaso tiene piojos?	他为什么老是挠？难道是有虱子？
04875	¿Es esta escalera lo suficientemente sólida como para soportar mi peso?	这个梯子是否足够坚固以承受我的重量？
04876	Tom sabe cómo llegar ahí.	Tom知道如何去那里。
04877	Tú podías contar hasta diez cuando tenías dos años.	在你两岁时, 你可以数到十。
04878	Perdona, ¿cómo te llamas?	不好意思，你叫什么名字？
04879	De verdad que tenía muchas ganas de ir a la fiesta, pero no pude.	我真的很想去参加聚会，但是不能。
04880	Alguien está comiendo.	有人在吃东西。
04881	Este gato está comiendo.	这只猫在吃东西。
04882	Ese chico está corriendo.	那个男孩在跑步。
04883	¿Sabéis dónde vive?	你们知道他住在哪里么？
04884	Un ladrón más un ladrón es igual a cero ladrones.	一个小偷加一个小偷等于零个小偷。
04885	¿Esto es una flor?	这是花吗？
04886	Soy más baja que él.	我比他矮。
04887	Dicen que su padre murió en el extranjero.	有人说，他爸爸死在了国外。
04888	¿Queréis tomar té o café?	你们想喝茶还是咖啡？
04889	Ahora que se ha ido, le echamos mucho de menos.	他走后，我们都很想念他。
04890	Trabajo en Alibaba.	我在阿里巴巴工作
04891	Yo leo un libro mientras como.	我边吃饭边看书。
04892	Sucedió hace un año.	发生在一年前。
04893	Llegaste tarde, ¿verdad?	你迟到了，不是吗？
04894	¡Mi corazón está latiendo tan rápido!	我的心跳得那么快！
04895	Tom y Mary tienen mucho en común.	汤姆和玛丽有很多共同点。
04896	¡Bienvenido a Tatoeba!	欢迎访问 Tatoeba!
04897	Ella no es niña.	她不是小孩。
04898	Tom me pidió que fuera a buscar a Mary al aeropuerto.	Tom要我到机场接Mary。
04899	Decile a tu hermana que se le ve la tanga.	跟你妹妹说一声，她的丁字裤露出来了。 / 跟你姐姐说一声，她的丁字裤露出来了。
04900	Él tiene mucho conocimiento económico.	他有丰富的经济知识。
04901	Ahora estoy estudiando.	我现在正在学习。
04902	He vivido en China durante seis meses.	我先前在中国住了六个月。
04903	Sé cómo se llama.	我知道他叫什么名字。
04904	Sé cuál es su nombre.	我知道他叫什么名字。
04905	Ella puede nadar tan rápido como su hermano.	她能和她哥哥游得一样快。
04906	Desafortunadamente no había ninguna persona alrededor.	很不幸，没有人在身边。
04907	Desafortunadamente, ella está ausente.	不幸的是，她不在。
04908	A mí me gusta estar contigo.	我喜欢和你在一起。
04909	Él es doctor.	他是医生。
04910	Las frutas tienden a descomponerse rápidamente.	水果一般不久就会腐烂。
04911	La astronomía es al mismo tiempo la ciencia más antigua y la más moderna.	天文学同时是最古老也最现代的科学。
04912	Sé que es muy poco probable que alguien esté dispuesto a ayudarme.	我知道不太可能有人愿意帮助我。
04913	Esto es lo que queremos de ahora en adelante.	从现在起，这是我们所要的。
04914	Hay alguien en la puerta.	有人在门口。
04915	Estoy comiendo un pepino.	我在吃一根黄瓜。
04916	Sus manos estaban frías como el hielo.	她双手冰冷。
04917	Dado que las órbitas son elípticas, los planetas no siempre están a la misma distancia del Sol.	由于轨道是椭圆形的，行星和太阳之间的距离不会总是相同。
04918	Ahora mismo estoy en Hong Kong.	我现在在香港。
04919	Amo los pimientos verdes.	我爱青椒。
04920	El bebé todavía no puede caminar.	这个婴儿还没有学会走路。
04921	Repentinamente sentí un agudo dolor en mi estómago.	我突然觉得胃痛。
04922	Su madre siempre la acompaña.	她母亲一直陪着她。
04923	¿Cuál es tu nombre?	你叫什么名字？
04924	Los ancianos fueron estafados por el encargado de la tienda.	老人被店员骗了。
04925	¡Presta atención!	注意！
04926	¡Pon atención!	注意！
04927	La lluvia ácida en el agua de beber afecta la salud humana.	饮用水中的酸雨影响人类的健康。
04928	¿Comiste?	你吃饭了吗？
04929	¿Qué vas a hacer hoy?	今天你要干什么？
04930	¿Sos japonés?	你是日本人吗？
04931	¿Eres japonés?	你是日本人吗？
04932	No fue en París donde nos conocimos.	我们不是在巴黎认识的。
04933	No era mi intención hacerte daño.	伤害你并不是我的本意。
04934	A Tom no le gusta la música clásica.	汤姆不喜欢古典音乐。
04935	La vieron en un restaurante con su amante.	有人看见他和情人在饭店吃饭。
04936	¿Dónde estudias?	你在哪读书？
04937	La presión atmosférica en Venus es muy alta.	金星的大气压力非常高。
04938	La naturaleza está llena de misterio.	大自然已充满了谜团。
04939	¿Te aburres?	你觉得无聊吗？
04940	Me siento solo sin mi celular.	我没有我的手机的时候会感到很孤独。
04941	Tenemos funciones similares dentro de la empresa, pero ella gana más que yo.	我和她在公司里职位相同，但她赚的钱比我多。
04942	Todos saben que él no es ningún santo. Defendiéndolo, estaríamos aceptando e incentivando sus actitudes.	大家都知道他不是什么小神。保护他就等于赞同和支持他的行为。
04943	Su comida preferida de pequeña era la pizza.	他小时候喜欢的食物是比萨。
04944	Esa mujer no es gorda, va a tener un bebé.	这个女的不是胖，是快生孩子了。
04945	Tom siempre bebe por lo menos tres tazas de café por la mañana.	汤姆每天早上至少喝三杯咖啡。
04946	¿Has visto la televisión esta noche?	你今晚看电视了吗？
04947	Ese viaje es muy caro.	那个旅行很贵。
04948	¿Le viste salir?	你看到他出去了吗？
04949	Colecciono monedas extranjeras.	我收集外国硬币。
04950	Ella esperó y esperó, pero él nunca regresó.	她等了又等，但他始终未有回来。
04951	Me alegra verte.	很高兴见到你。
04952	El hambre lo forzó a robar.	饥饿促使他偷窃。
04953	Disculpe, ¿dónde están los huevos?	请问鸡蛋在哪里？
04954	Yo no sé si tengo tiempo para hacerlo.	我不知道我是否有时间做。
04955	Cuando viajé a aquel país, aprendí algunos bailes típicos.	当我在那个国家旅游时，学到了一些基本的舞蹈。
04956	¿Éste es tu libro, Mike?	迈克，这是你的书吗？
04957	Soy el más alto de la clase.	我在班里是最高的。
04958	Soy la más alta de la clase.	我在班里是最高的。
04959	Nuestra ciudad tiene un tranvía.	我们的城市有有轨电车。
04960	Desafortunadamente, mi vecino se vio involucrado en un accidente de tránsito y quedó en estado de coma.	很不幸地，我的邻居被卷入交通事故，呈现昏迷状态。
04961	Tom es muy trabajador.	汤姆真的很努力。
04962	¿Aquí?	在这里吗？
04963	Muchos trabajadores quedaron atrapados en la mina de carbón.	许多劳动者受困在煤矿场中。
04964	Perdone, ¿dónde están los huevos?	不好意思，请问鸡蛋在哪儿？
04965	Siempre se está quejando.	他总是在抱怨。
04966	Él es muy inteligente, igual que su hermano.	他很聪明，他的兄弟也是。
04967	Inténtalo de nuevo.	再试一下。
04968	El hombre es mortal.	人固有一死。
04969	Mi hija quiere un gatito.	我女儿想要一只小猫。
04970	Estoy esperando a mi amiga.	我在等我的朋友。
04971	Estudiemos inglés.	我们来读英文吧。
04972	Estoy estudiando en la Universidad de Hyogo.	我在兵库县立大学学习。
04973	Las clases empiezan el 8 de abril.	4月8日开学。
04974	Espera un momento.	等一下。
04975	¿Es doctor?	他是医生吗？ / 他是不是医生？
04976	Dame el bolígrafo.	给我一支圆珠笔。
04977	Déjame verlo.	让我看看。
04978	El niño sabe andar.	那个小男孩会走路。
04979	A Tom no le gusto.	汤姆不喜欢我。
04980	Sé más modesto.	谦虚一点。
04981	Voy a la escuela todos los días.	我每天都去学校。
04982	El Ministro de Asuntos Exteriores dijo que la guerra era inevitable.	外交部长称战争在所难免。
04983	Uno de mis hermanos es profesor y los otros son abogados.	我的一个兄弟是老师，其他都是律师。
04984	Devuélveme mi mochila.	把我的书包还给我。
04985	Él escribirá una carta.	他会写一封信。
04986	Por favor, hazme una taza de café.	请给我做一杯咖啡。
04987	Yo puedo leer español fácilmente.	我能很轻松地读西班牙文。
04988	¿Podrías repetirme quien es tu padre?	能再说一遍你爸是谁吗？
04989	Ha llegado la primavera.	春天来了。
04990	Vamos a jugar al béisbol.	我们去打棒球吧。
04991	Vamos a abrir la ventana.	我们来打开窗子吧。
04992	Tengo dos hijos.	我有两个孩子。 / 我有两个儿子。
04993	¡Habla más alto!	说话大声一点！
04994	¡Hablad más alto!	说话大声一点！
04995	¿Qué estás aprendiendo?	你学什么？
04996	Paul vino a Roma a saludarme.	Paul来罗马问候我。
04997	No encuentro mis zapatos.	我找不到我的鞋子。
04998	¿Te importa si fumo aquí?	你介意我在这儿抽烟吗？
04999	Tu perro está aquí.	你的狗在这。
05000	Soy John.	我是约翰。
05001	Tú eres un panda.	你是熊猫。
05002	Dámelo.	给我！
05003	A veces digo «sí», aunque quiero decir «no».	我有时候说「是」尽管我想说「不是」。
05004	La taza está sobre la mesa.	杯子在桌上。
05005	Ella está bañando al bebé.	她正在给婴儿洗澡。
05006	Empezó a nevar.	开始下雪了。
05007	¡Qué alto es!	他好大啊！
05008	¡No me odies!	不要恨我。 / 不要讨厌我！
05009	Ya es medianoche.	现在已经半夜了。
05010	Son mis bolígrafos.	这些是我的圆珠笔。
05011	El bebé me sonrió.	宝宝对我笑了。
05012	Los franceses son nuestros amigos.	法国人是我们的朋友。
05013	Me gusta China.	我喜欢中国。
05014	A él le gusta el té.	他喜欢茶。
05015	Por favor continúe.	请继续。
05016	Por favor, prosiga.	请继续。
05017	Él no se desalentará con facilidad, porque es un tipo duro.	他很坚强，不会那么容易灰心。
05018	Ten cuidado con la batidora, no salpiques.	用搅拌器的时候小心，别溅出来。
05019	Enciende el ordenador.	打开电脑。
05020	Me robó el reloj.	他偷了我的表。
05021	Él está a su lado.	他在她的旁边。
05022	Necesitamos más.	我们需要更多。
05023	¿Sois chinos?	你们是中国人吗？
05024	Las jirafas tienen el cuello muy largo.	长颈鹿有很长的脖子。
05025	Ella tiene 2.000 libros.	她有两千本书。
05026	Te contaré una historia.	我跟你说段历史。
05027	Este salón es muy amplio.	这个客厅很宽敞。
05028	Este salón es muy grande.	这个客厅很大。
05029	Echa agua caliente en la bañera.	往浴缸里放热水。
05030	Quiero un libro.	我要一本书。
05031	No me gustan los perros grandes.	我不喜欢大狗。
05032	Ese es el libro de Xiaoli.	那是小李的书。
05033	¡Cuéntame!	告诉我！
05034	Vamos a empezar con el primer capítulo.	从第一章开始吧。
05035	Ella es mi hermana.	她是我的姊妹。
05036	Yo aplaudí.	我拍手。
05037	¿De quién es?	这是谁的？
05038	¡No mientas!	别说谎!
05039	¡Vamos! No puedo esperar más.	快点！我不能再等了。
05040	Estoy decepcionado.	我失望了。
05041	Ella decidió casarse con él.	她决定和他结婚。
05042	Nuestra galaxia se llama Vía Láctea.	我们的星系叫银河系。
05043	¿Quién es la chica que está allí?	在那的女孩是谁？
05044	Abrid la puerta.	请开门。 / 请把门打开。
05045	Coja un avión.	你坐飞机吧。
05046	Todos esos materiales pueden ser reciclados y reaprovechados.	那些材料都是可回收且可再利用的。
05047	Él me dijo adónde ir.	他和我说了要去哪。
05048	Ella me enseña cómo nadar.	她教我如何游泳。
05049	Él no levantó la mano.	他没有举起他的手。
05050	Puedo enseñarte a manejar.	我会教你怎么开车。
05051	Esta es una mesa de madera.	这是张木桌。
05052	No llores.	别哭。
05053	No te preocupes. Te dije que todo estaría bien.	别担心，我和你说过一切都会好的。
05054	Algunos consideran al lenguaje como una forma de conocimiento.	有些人认为语言是一种知识的形式。
05055	Nuestro profesor nos permitió usar un diccionario durante la prueba.	我们的老师准许我们在考试时使用字典。
05056	Algunos eran granjeros, algunos eran cazadores.	有些人是农夫，有些人是猎人。
05057	Él vendrá a las tres y cuarto.	他会在三点十五分来。
05058	Ella vendrá a las tres y cuarto.	她会在三点十五分来。
05059	A ella le falta sentido común.	她缺乏常识。
05060	Lyusya es una chica muy ingenua y crédula.	留西雅是一个很单纯的姑娘。
05061	No tengo bicicleta.	我没有脚踏车。
05062	¡Te veo esta noche!¡Hasta luego!	今晚见吧!一会儿见咯!
05063	El precio no es razonable.	这个价格不合理。
05064	La muchacha llevaba una larga bufanda alrededor de su cuello.	女孩的脖子上围著一条长长的围巾。
05065	Los gatos no comen plátanos.	猫不吃香蕉。
05066	Hace mucho tiempo, la gente vivía en casas hechas de barro y paja.	很久以前，人们住在泥土和稻草盖的房子里。
05067	Ella pensaba en eso de noche y de día.	她日夜想著这个。
05068	¿Eso es amor?	那是爱吗？
05069	Estoy de vacaciones.	我在度假。
05070	No entendí la broma.	我没明白那个笑话。
05071	La carta está dentro del sobre.	这封信在信封内。
05072	Tom aplaudió.	汤姆拍了手。
05073	Ella fue promovida.	她晋升了。
05074	La comida está fría.	食物是冷的。 / 这食物是冷的。
05075	Esa es nuestra casa.	那是我们的房子。
05076	Nadar es sencillo.	游泳很容易。 / 游泳很简单。
05077	Ella tiene una fotografía.	她有一张照片。
05078	Ese chico es inteligente.	那个男孩儿很聪明.
05079	Con mi telescopio puedo ver a Júpiter y seis de sus lunas.	我的望远镜可以看到木星和它的六个卫星。
05080	Ese de ahí es Mercurio.	那边那颗是水星。
05081	Yo pensé que era cierto.	我以为这是真的。
05082	Yo pensé que era verdad.	我以为这是真的。
05083	La vida en el campo es más saludable que en la ciudad.	乡村生活比都市生活健康。
05084	Quiero tener sexo con él.	我要和他发生性关系。
05085	Nunca más volveré.	我再也不会回来了。
05086	Estoy preocupado por su salud.	我担心他的健康。
05087	¿Tengo que responder a todas las preguntas?	我需要回答所有问题吗？
05088	Habla un poco más alto.	说大声点。 / 大声一点。
05089	Él es un chico muy honesto.	他是个非常老实的小伙子。
05090	¿Cómo es el clima de Nueva York?	纽约的天气怎么样？
05091	Ayer compré esto.	昨天我买了这个。
05092	Él antes vivía aquí.	他以前住在这儿。
05093	Mi mujer es china.	我的老婆是中国人。 / 我老婆是中国人。
05094	¿Cuántos sois?	你们是几位？
05095	El niño está allí.	男孩子在那儿。 / 男孩子在那里。
05096	No sé por qué está tan preocupada.	不知道她为什么这么担心呢。
05097	Le gusta viajar. A mí también.	他喜欢旅行。我也是。
05098	Le gusta cantar y bailar.	他喜欢唱歌，也喜欢跳舞。
05099	¿Cuánto cuestan las naranjas?	这些橘子多少钱？
05100	Mi padre tiene cinco hermanos.	我父亲有五个兄弟姐妹。
05101	Éste es el libro de Tony.	这本书是托尼的。
05102	Trae la gata, necesito levantar el auto.	把千斤顶拿过来，我要把汽车撑起来。
05103	Los caballos son animales.	马是动物。
05104	Estoy en la casa.	我在家里。
05105	Quiero ser un doctor, un enfermero o un profesor.	我想成为一个医生、一个护士或者一个老师。
05106	Este sofá ocupa demasiado espacio.	这张沙发占了太多空间。
05107	Él duerme durante el día y trabaja durante la noche.	他白天睡觉，晚上工作。
05108	¿Qué puedo hacer para ayudarte?	我可以做什么来帮你呢？
05109	A decir verdad, ella es mi novia.	事实上，她是我女朋友。
05110	Mi abuela habla despacio.	我奶奶说话很慢。
05111	¿Ya es martes?	已经星期二了？
05112	Soy un traductor.	我是个翻译。
05113	Es importante fortalecer las bases.	基础的稳固是很重要的。
05114	¿Tienes planes para mañana?	明天你有什么安排没有？
05115	¿Qué fue ese sonido?	刚才那是什么声音？
05116	Mejor no vayas.	你最好不要去。
05117	Siempre está en casa los lunes.	他星期一总是在家。
05118	Yo tengo dos hermanos mayores.	我有两个哥哥。
05119	George es cinco años mayor que yo.	乔治比我大五岁。
05120	El avión estaba a punto de chocar contra la torre, pero un misil antiaéreo lo detuvo.	飞机即将撞上成塔，但是防空导弹将它制止了。
05121	Me robaron el ordenador portátil.	有人把我的笔记本电脑偷掉了。
05122	Le gusta andar en el parque.	他喜欢在公园散步。
05123	El precio de la carne cayó.	肉价下跌了。
05124	¿Te has quedado atrapado en un ascensor alguna vez?	你有没有被困在电梯里过？
05125	Tenemos un cinco por ciento de probabilidades de éxito.	我们有百分之五的成功几率。
05126	Él no tiene empleo. Está jubilado.	他没有工作，他退休了。
05127	Tom entrenó a su perro a ladrar a los desconocidos.	Tom训练他的狗对陌生人吠。
05128	Su madre es maestra.	他的母亲是一名学校老师。
05129	¿Podría decirme qué calle es ésta?	请问这条路是什么路？
05130	Mi casa está aquí.	我家在这里。
05131	¿Quién quiere ser millonario?	谁想当百万富翁？
05132	¿De quién es esto?	这是谁的？ / 这个是谁的？ / 这是谁的东西呢 ?
05133	Escríbeme en cuanto llegues allí.	你一到那儿就写信给我。
05134	Ya he terminado de leer este libro.	我已经读完了这本书。 / 我已经看完这本书了。
05135	¿Por qué soñamos?	我们为什么会做梦呀？
05136	Creía que Tom estaba dormido.	我以为汤姆在睡觉。
05137	No te apoyes en la reja del balcón, es peligroso.	不要靠在阳台的栏杆上，很危险。
05138	Ella es una persona muy tranquila.	她是一个很安静的人。
05139	¿Qué más dijo?	他还说了什么？
05140	¿Cuánto tiempo duerme un oso?	熊睡觉睡多长时间？
05141	No tengo cuatro hermanas.	我没有四个姐妹。
05142	¿Quién es la chica de la foto?	这张照片里的女孩是谁？
05143	John no responderá a la pregunta.	约翰将不回答这个问题。
05144	Tom quiere estar casado con Mary.	汤姆想和玛丽结婚。
05145	Tom lo entendió completamente.	汤姆完全理解了。
05146	Yo tengo tres cámaras fotográficas.	我有三台摄影机。
05147	¿Adónde vas a ir en tus vacaciones?	你放假的时候有要去哪里吗？
05148	Tom se quedó dormido en el volante.	汤姆趴在方向盘上睡著了。
05149	Lo he visto.	我见过。
05150	Es demasiado grande.	它太大了。
05151	Las flores la consolaron.	那些花儿安慰了她。
05152	Es necesario que nos preparemos para lo peor.	必须为最坏的情况作好准备。
05153	Sí, lo sé.	是的，我知道。
05154	Aoi baila bien.	葵舞跳得很好。
05155	Las bolas son redondas.	球是圆的。
05156	Su libro presenta una propuesta interesante.	你书中提出了个有意思的命题。
05157	Tom no habla mucho.	汤姆说话不多。
05158	Juego al tenis con mi hermano.	我和我的兄弟打网球。
05159	Yo vivo en Hyogo.	我住在兵库县。
05160	La primavera llegó.	春天来了。
05161	Te veré pronto.	一会儿见！
05162	Estoy buscando a un hablante nativo que me pueda ayudar a corregir este ensayo.	我正在寻找可以帮我修改这篇论文的母语人士。
05163	Ella está ocupada aprendiendo inglés.	她在忙着学英语。
05164	Tom dijo que él nunca había visto algo así antes.	Tom说他从前从没看过像这样的东西。
05165	La primavera ha llegado.	春天到了。
05166	Esta palabra tiene origen griego.	这个词来源于希腊语。
05167	¡No te preocupes!	你不要着急。
05168	¿No es italiano?	他不是意大利人吗？
05169	Él habla francés con fluidez.	他说法语说得很流利。
05170	Ellos no saben que soy japonés.	他们不知道我是日本人。
05171	No saben que soy japonesa.	他们不知道我是日本人。
05172	¿Hablas japonés?	你说日语吗?
05173	Tengo un perro y un gato.	我有一只狗和一只猫。
05174	¿Por qué llorabas?	你为什么哭了？
05175	Puedes irte a casa.	你可以回家。
05176	¿Son estudiantes?	他们是学生吗？ / 您们是学生吗？
05177	¿Estás estudiando?	你在读书吗？
05178	No soy una bruja.	我不是魔女。
05179	¡No hay quien te aguante!	没有人能忍受你！
05180	Ahora no está en casa.	她现在不在家。
05181	¡Imbécil!	笨蛋！
05182	Es muy guapo.	他很帅。
05183	A Susan le gusta escuchar música.	苏珊喜欢听音乐。
05184	Esta historia es real.	这个故事是真的。
05185	Esta historia es verdadera.	这个故事是真的。
05186	No me gusta el cole.	我不喜欢学校。
05187	Gutemberg era alemán.	古滕堡是德国人。
05188	Nunca me imaginé volviéndome a casa tan temprano.	我从来没想过我能这么早回家。
05189	Estoy muy preocupado por la seguridad de mi hijo.	我很担心我儿子的安全。
05190	El castillo ahora está en ruinas.	城堡如今已经成了废墟。
05191	Tom es una de las personas más desagradables que conozco.	Tom是我认识最讨厌的人之一。
05192	Tengo la sensación de que Tom no se va a graduar este año.	我觉得汤姆今年不会毕业。
05193	¿Qué pasa si fracasa?	他失败的话会发生什么？
05194	Bajaré en la próxima parada.	我会在下一站下车。
05195	La escuela empieza a las ocho y media.	学校8点半开始上课。
05196	El perro de Ken es blanco.	肯的狗是白色的。
05197	Hola, ¿trabajas aquí?	嗨！你在这儿工作吗？
05198	Saben cómo se construye una bomba atómica.	他们知道原子弹的制造方法。 / 他们知道如何制造原子弹。
05199	Creo que los huevos que acabo de comer estaban podridos.	我觉得我刚吃的鸡蛋坏了。
05200	¡Tonto!	笨蛋！
05201	¿Cómo estás, Tom?	你好吗，汤姆？
05202	Él es inteligente.	他很聪明。
05203	Ella no me gusta.	我不喜欢她。
05204	No la amo.	我不爱她。
05205	Comprendo tu punto.	我明白你的重点。
05206	Tom escondió su dinero debajo de su colchón.	汤姆把钱藏在床垫底下。
05207	¿Tienes lo que hace falta?	你够格吗？
05208	Su color es rojo.	它的颜色是红的。
05209	Él es más alto que yo.	他比我高。
05210	Le compraré un reloj a mi hijo.	我将给儿子买块手表。
05211	La enfermera le aplicó una inyección al paciente.	护士给病人打了一针。
05212	El gato estaba sobre la mesa.	千斤顶在桌上。
05213	Necesita diez horas para vestirse.	他需要十个小时来穿衣服。
05214	Quiero estudiar inglés.	我想学英语。
05215	Existen tres clases de personas en el mundo: aquellos que pueden contar, y aquellos que no pueden.	世上有三种人：会数数的和不会数数的。
05216	Estas perlas son auténticas, no son falsas.	这些珍珠是真的，不是人造的。
05217	Ellos le llamaron cobarde.	他们称他胆小鬼。
05218	En lo que a mí concierne, estoy satisfecho.	就我而言，我很满意。
05219	Roma tiene muchos edificios antiguos.	罗马有很多古建筑。
05220	Él siempre se está quejando.	他总是在抱怨。
05221	El ministro de asuntos exteriores era una marioneta.	外交部长就像一个木偶一样。 / 外交大臣就像一个木偶一样。
05222	Mi hermano ahora está en Australia.	我哥哥现在在澳洲。
05223	Yo la amo, pero ella dice que es sólo amistad.	我喜欢她，但她说我们只是朋友。
05224	Dijo: "Soy de Canadá."	他说：“我是加拿大来的。”
05225	Hoy estoy melancólica.	今天我很忧郁。
05226	El estado va a reformar sus políticas de drogas.	国家将对毒品政策进行改革。
05227	Su curso nos ha desilusionado.	他的课让我们失望了。
05228	Lavate la cara antes de ir a la escuela.	你去学校之前先把脸洗了。
05229	Todo el mundo desea la paz.	整个世界都想要和平。
05230	Por favor, ve al banco.	请去银行。
05231	Por favor, ventila la habitación.	请把房间通通气。
05232	Quítate las medias.	把袜子脱掉。
05233	Él tomó mi paraguas sin molestarse en preguntar.	他连问都没问就拿了我的雨伞。
05234	Tom se cambió de ropa.	汤姆换了衣服。
05235	Tom es diestro.	Tom是右撇子。
05236	Bienvenido a nuestro hogar.	欢迎来到我们家！
05237	Tom terminó la carrera.	汤姆完成了本科。
05238	Mis conocimientos de japonés son más bien pobres.	我对日本的了解不多。
05239	Ahora depende de ti.	现在都取决于你。
05240	Sabía que este momento vendría.	我先前就知道这一刻将会到来。
05241	El auto nuevo es de ella.	这辆新车是她的。
05242	La tetera está hirviendo.	茶壶沸了。
05243	Él nació en el siglo XIX.	他生于19世纪。
05244	¿Es el turno de quién?	轮到谁了?
05245	"¿Qué estás haciendo en una corsetería?" "Eh, solo comprando un regalo para mi esposa."	“你在紧身褡商店做什么？”“额，只是给我妻子买一件礼物。”
05246	Yo también fui.	我也去了。
05247	La causa fundamental del problema es que en el mundo moderno, los idiotas están llenos de confianza, mientras que los inteligentes están llenos de dudas.	问题的根源是，在当今世界，愚人充满了自信，而智者充满了怀疑。
05248	Los dos son buenos estudiantes.	他们两个人都是好学生。
05249	Ella es todo para él.	她是他的一切。
05250	Dicen que pronto entraremos en una nueva era.	据说我们很快就会跨入新的时代。
05251	¿A quién estás esperando?	你等谁来着？ / 你在等谁?
05252	Me lavo las manos.	我洗手。
05253	Creo que dices la verdad.	我觉得你说的是真的。
05254	Me gustaría tener un gato.	我想养一只猫。
05255	No creo que los niños deberían tomar cerveza.	我觉得小孩儿不应该喝啤酒。
05256	No quiero hablar contigo.	我不想跟你说！
05257	¡Qué mentira!	好一个谎话！
05258	Tom está buscando un trabajo.	Tom正在找工作。
05259	¿Está listo el desayuno?	早餐准备好了吗?
05260	La comida no está lista aún.	饭还没做好。
05261	Los derechos de las mujeres son derechos humanos.	女权是人权。
05262	El año que viene cumplirá seis años.	明年他满六岁。
05263	Pronto va a dejar de llover.	很快雨就会停
05264	Ellos no están cansados.	他们不累。
05265	Mi nombre es Tom.	我的名字是汤姆。
05266	Las galletas están debajo de la mesa.	饼干在桌子下面。
05267	Él vende alfombras antiguas.	他卖旧地毯。
05268	No debí haber hecho eso.	我不应该做那件事的。
05269	Si ella te dice no, intentalo de nuevo.	如果她拒绝了，那就再试一次。
05270	Se acabó el papel higiénico.	卫生纸用完了。
05271	Se acabó el papel del váter.	卫生纸用完了。
05272	¿Está lejos?	远吗？
05273	¿Sabías eso?	你之前知道那个吗？
05274	Yoko habla inglés, ¿no?	洋子说英语，不是吗?
05275	¿Escribe él cartas en inglés?	他用英文写信吗?
05276	Prefiero quedarme en casa a ir a pescar.	比起出去钓鱼，我更想待在家里。
05277	Dime qué pasó.	告诉我，发生什么了？
05278	No está en casa.	他不在家。
05279	John es un buen amigo.	约翰是个好朋友。
05280	No puedo ver nada.	我什么都没能看见。
05281	¡Tranquilo!	别急！ / 别担心！
05282	Me aburres.	你让我觉得无聊。
05283	Decidí estudiar más.	我决定更努力读书。
05284	Tengo algo para ti.	我有东西要给你。
05285	Ellos no mienten nunca.	他们从不说谎。
05286	He oído a alguien de entre la muchedumbre que está fuera de la estación decir mi nombre.	我听到车站外的人群中有人在叫我的名字。
05287	¿Este computador es tuyo, no es así?	这台电脑是你的，不是吗？
05288	¿A ti te sangran las encías?	你的牙龈流血吗？
05289	Tengo encías sangrantes.	我的牙龈流血。
05290	Ella es universitaria.	她是一名大学生。
05291	Ella lo es todo para él.	她是他的一切。
05292	¿Ha ido allí?	他去那儿了吗?
05293	¡Parate!	停下来！
05294	Logré hacerle entender eso.	我设法让他明白了。
05295	Más alto, por favor.	请大声一点。
05296	¡Esto es una mierda!	一堆狗屁！
05297	Él me lo contó todo.	他都告诉我了。
05298	¿Me lo puedes sujetar un momento?	你能帮我拿一会儿吗？
05299	¿De qué planeta eres?	你来自哪个行星？
05300	A mi abuelo le gusta caminar.	我的爷爷喜欢散步。
05301	Ellas siempre se están quejando.	她总是在抱怨。
05302	Ellos siempre se están quejando.	他们总是在抱怨。
05303	Por favor, traduzca esta frase al japonés.	请把这句话翻译成日文。
05304	Eso es imposible para mí.	那对我来说是不可能的。
05305	Yo soy soltera.	我单身。
05306	Yo estoy bien, gracias.	我很好，谢谢。
05307	Este té está muy bueno.	这杯茶很好喝。
05308	Espero volver a verlo.	我希望再次见到它。
05309	¿Quién escribió esas dos cartas?	那两封信是谁写的？
05310	Ella siempre se queja del profesor.	她总是抱怨老师。
05311	Ella decidió casarse con Tom.	她决定嫁给汤姆。
05312	Estoy soltero.	我单身。
05313	Ayer fue jueves.	昨天是星期四。
05314	¿Cómo se titula este libro?	这本书的名字是什么？
05315	Lucy es una estudiante estadounidense.	露西是一名来自美国的学生。
05316	Ella pintó las paredes de blanco.	她把墙壁都涂成了白色。
05317	Debes haberte ido a dormir muy tarde.	你应该是去睡得很晚。
05318	¿Quién os enseña francés?	谁教你们法语？
05319	¿Sabéis conducir?	你们会开车吗？
05320	Viví en el extranjero durante diez años.	我住在国外十年了。
05321	No está mal.	不错。
05322	Ella lee el periódico cada mañana.	她每天早上都读报纸。
05323	Si el queso es bueno pero la torta es una mentira, ¿qué es una torta de queso? Una buena mentira.	如果乳酪是好的, 但是蛋糕是个谎言, 什么是乳酪蛋糕? 一个好的谎言。
05324	Atrapé una hermosa mariposa.	我抓到一只漂亮的蝴蝶。
05325	No te quiero.	我不爱你。
05326	Me encanta el sabor de las setas.	我特别喜欢蘑菇的味道。
05327	Mi madre hace las mejores tortas del mundo.	我母亲做的糕饼是这世上最好的。
05328	No parecés feliz.	你看起来不高兴。
05329	Elimina esa foto.	把那张照片删掉。
05330	¡No es posible!	不可能！
05331	Quiero hablar con ella.	我想和她说话。
05332	Ella es mi esposa.	她是我老婆。
05333	Aquí la tierra es fértil.	这里的土壤肥沃。
05334	Le gusta tomar fotografías.	她喜欢拍照片。
05335	Dejen de pelear por favor.	请您们别再吵了。
05336	Veámonos en Estación Shibuya a las seis.	我们六点在涩谷站见。
05337	Él a menudo llega tarde al colegio.	他常常上学迟到。
05338	Hoy papá está de un ánimo impaciente.	爸爸今天不耐烦。
05339	Ahora es otoño.	现在是秋天。
05340	La silla no está al lado de la ventana.	椅子不在窗户旁边。
05341	¿Podrías conducir más despacio?	你可以开慢一点吗？
05342	Estoy harto de hamburguesas.	汉堡我都吃腻了。
05343	Mary está ayudando a su madre.	玛丽正在帮忙她的母亲。
05344	Es tres de octubre.	是十月三日。
05345	No soy mago.	我不是魔法师。
05346	¿Qué océano separa a China de América?	中国与美国隔着哪个大洋？
05347	Un pájaro está cantando en el árbol.	一只鸟正在树上唱歌。
05348	¿Quién rompió la taza?	谁把茶杯弄坏了？
05349	Ella le obligó a comer espinacas.	她强迫他吃菠菜。
05350	Ella le preguntó por qué lloraba, pero él no respondió.	她问他为什么哭，但他没有回应。
05351	Él me dio 10.000 yenes.	他给了我1万日元。
05352	Él no me va a escuchar.	他不会听我的。
05353	Él es capaz de hablar diez lenguas.	他会讲十门语言。
05354	¿Quién cuidará de tu perro?	谁要照顾你的狗？
05355	¡Nadie puede pararme!	没人能阻止我！
05356	Está demasiado alto.	它太大声。
05357	Visto desde el cielo, el río se parecía a una enorme serpiente.	从天上看下来，这条河像一条巨蛇。
05358	Dame una botella de vino.	给我一瓶葡萄酒。
05359	Parece que a Mary le aburre el juego.	玛丽似乎对这个游戏感到无聊。
05360	¿Por qué huyó?	他为什么逃跑？
05361	¿Quieres que te ayude?	你要我帮你吗？
05362	Tengo ganas de ir de viaje.	我想去旅行。
05363	Estos árboles tapan el paisaje.	这些树挡住了风景。
05364	¿Cuáles zapatos te vas a poner?	你将穿哪双鞋？
05365	Yo no nací ayer.	我不是昨天才出生的。
05366	El niño no sabe cómo se quita un sujetador.	小孩不知道怎么脱内衣。 / 小孩不知道怎么脱文胸。
05367	Las mujeres embarazadas suelen comprar bragas de una talla más grande.	孕妇一般会买大一号的内裤。
05368	Se fue.	他走了。
05369	Se marchó.	他走了。
05370	¡Despertate!	醒醒！
05371	Todos conocen su nombre.	每个人都知道他的名字。
05372	Abramos la ventana.	我们来打开窗子吧。
05373	Mi madre nunca se levanta temprano.	我的母亲从不早起来。
05374	Vive en Nueva York.	她住在纽约。
05375	Deberías comer más.	你该多吃点。
05376	Marina leía revistas los fines de semana.	Marina周末看杂志。
05377	El viernes pasado me fui a comer a un restaurante con mi novia.	我是上个星期五跟我女朋友在饭馆吃饭的。
05378	Manos frías, corazón caliente.	冰的双手，炙热的心脏。
05379	Te gusta la música clásica, ¿no?	你喜欢古典音乐, 对不对?
05380	La matemática es la base de todas las ciencias.	数学是所有科学的基础。
05381	Su maletín estaba lleno de agua.	他的手提包灌满了水。
05382	El "Shiitake" es un tipo de hongo.	香菇是一种菌类。
05383	Dejame intentar.	让我试试。
05384	Mi sueño es ser bombera.	我的梦想是成为一名女消防员。
05385	¡Auxilio!	救命！
05386	¿Quién es tu pareja de baile?	谁是你的舞伴？
05387	Está realmente oscuro aquí. No puedo ver nada.	这里真的很暗，我什么都看不到。
05388	Él no sabe inglés para nada.	他一点也不懂英语。
05389	¿Cómo se llama esto?	这个叫什么？
05390	Le hice algunas preguntas al médico.	我问了医生一些问题。
05391	Eso es imposible.	这不可能。
05392	¿Qué clase de persona puede admirar y llamar "héroe" a un genocida?	什么样的人会将种族灭绝者，称之为“英雄”？
05393	¿Cuántos christmas escribiste el año pasado?	你去年写了多少张圣诞卡？
05394	Deberías comenzar inmediatamente.	你应该立即开始。
05395	Existen miles de lenguas en todo el mundo, pero solo una es el puente a todos sus hablantes.	世上有上千种语言，但只有一种是通往其他使用者的桥梁。
05396	Me levanté a las seis y media esta mañana.	我今天早上六点半起床。
05397	Quiero bailar.	我想跳舞。
05398	Tom no vino y Jane tampoco.	汤姆没来，简也没来。
05399	La computadora es, sin duda, un instrumento valioso.	电脑无疑是一项有价值的工具。
05400	¿Cuántos sombreros tienes?	你有多少顶帽子？
05401	Mi esposa está preparando la cena ahora mismo.	我妻子现在在准备晚饭。
05402	Me gusta la música clásica.	我喜欢古典音乐。
05403	La Navidad es el 25 de Diciembre.	十二月二十五号圣诞节。
05404	Jane ha progresado mucho en japonés.	Jane的日文进步很多。
05405	Si tuviera dinero, saldría seguido y me divertiría.	要是我有钱的话，我将常常出去玩儿。
05406	¿Por qué llegaste a casa tan tarde?	你为什么这么晚回家？
05407	Hay un hombre en la puerta.	有一个男的在门口。
05408	Voy a salir un momento.	我出去一会儿。
05409	¿Hay un gato sobre la mesa?	桌子上有只猫吗？
05410	Cuando la llamé por teléfono, no estaba.	我给她打电话的时候她不在。
05411	¡Quisiera ser como él!	我希望我能像他一样。
05412	Yo no me levanto temprano.	我不早起。
05413	¿Dónde está la estación de policías?	警察局在哪里？
05414	Ya ha almorzado.	他已经吃过午饭了。
05415	Este es mi cuaderno.	这本是我的笔记本。
05416	El mundo es un pequeño pueblo.	世界是一个小村。
05417	La vida es un largo, largo camino.	生活是一条很长、很长的道路。
05418	Él alzó la mano.	他举起他的手。
05419	Tengo diez bolígrafos.	我有十支圆珠笔。
05420	Ella verdaderamente quiere perder peso.	她真的想减肥。
05421	Debes aprender de tus errores.	你必须从失败中吸取教训。
05422	¿Sabes usar un ordenador?	你会用电脑吗？
05423	En la India, la vaca es un animal sagrado.	在印度，牛是一种神圣的动物。
05424	Había muchos niños en la sala.	房间里有很多小孩。
05425	Admitiré que estoy equivocado.	我承认我错了。
05426	Creo que es hora de que lave esta camisa.	我觉得是时候洗这件上衣了。
05427	Ella le susurró algo.	她对他小声说了些什么。
05428	¿Cuántos años crees que tiene?	你认为她多大？
05429	Ella odia los pimientos verdes.	她讨厌青椒。
05430	Necesitas desayunar.	你需要吃早饭。
05431	¿Sabes dónde vivo?	你知道我住哪儿吗？ / 你知道我住哪吗？
05432	El hombre finalmente confesó.	这个人终于承认了。
05433	No asistiré a la fiesta.	我将不出席派对。
05434	Por favor ayúdame a limpiar la casa.	请帮我打扫房子。
05435	Ojalá no tuviera que trabajar.	我希望我不必工作。
05436	Estoy de acuerdo con tu opinión.	我同意你的意见。
05437	Yo aprobé el examen, y Tom también.	我通过了考试，Tom也是。
05438	Vi a mi hermana hacer tiras la carta.	我看到我的姊姊把信撕了。
05439	Ayer le vi por primera vez.	我昨天第一次见到他。
05440	Ayer pesqué cinco peces.	我昨天钓了五条鱼。
05441	Ayer estuve todo el día en cama.	我昨天一整天都待在床上。
05442	Comprendo que lo arruiné.	我意识到我搞砸了。
05443	Este escritor es ruso.	这个作家是俄罗斯人。
05444	Comiendo konjac nunca subirás de peso.	吃蒟蒻你就不会变胖。
05445	¿Dónde vive ella ahora?	她现在住在哪儿？
05446	¡Dale el sombrero a tu madre!	把帽子给你妈妈！
05447	El anciano se paró de repente y miró hacia atrás.	老人突然停下并往回看。
05448	¿Qué vas a hacer el viernes?	这个星期五你要做什么？
05449	¿Eres un estudiante de instituto?	你是中学学生吗？
05450	Vengo de Italia y hablo italiano.	我来自义大利，会说义大利文。 / 我从意大利来了，我会说意大利语。
05451	¿Has visto mis llaves?	你看到我的钥匙了吗？
05452	Ella era una rubia alta y delgada.	她有著一头金发，瘦高的身材。
05453	Eres el amigo de Tom ¿verdad?	你是汤姆的朋友，不是吗？
05454	Este es un buen entorno de aprendizaje.	这是个适合学习的环境。
05455	Equivocado.	错。
05456	Los efectos de la medicina desaparecieron de poco a poco.	药效开始渐渐减退。
05457	Tom y Mary están en casa hoy.	Tom 和 Maria 今天在家。
05458	Yo seguí cantando.	我继续唱歌。
05459	Está bien.	没关系。
05460	A mi papá no le gusta el fútbol.	我爸爸不喜欢足球。
05461	Somos amigos íntimos.	我们是亲密的朋友。
05462	Intenta otra vez.	再试一次。
05463	Estoy muy hambriento.	我很饿。
05464	El tren ha llegado.	这班火车已经到了。
05465	Mañana va a caer una gran nevada.	明天会下一场大雪。
05466	¿Cuál es la dirección de tu casa?	你家的地址是什么？
05467	Él tiene un coche.	他有辆车。
05468	¿De quién es este coche?	这台汽车是谁的? / 这是谁的车？
05469	Perdí también mi móvil.	我还把手机弄丢了。
05470	¿Te has acostumbrado a vivir en la residencia?	你习惯在宿舍生活了吗？
05471	No podré asistir.	我没有办法参加。
05472	El otoño es mi estación favorita.	秋天是我最喜爱的季节。
05473	Él es un ciudadano de China.	他是中国的公民。
05474	Necesitamos lavar el auto.	我们要洗车了。
05475	Estoy preocupado por Tom.	我在为汤姆担心。
05476	¿Cuál es tu película favorita?	你最喜欢的电影是哪部？
05477	Nuestra reja es de hierro.	我们的栏杆是铁做的。
05478	La silla es demasiado baja para mí.	椅子对我来说太低了。
05479	Maria entiende chino.	玛丽懂中文。
05480	No gracias. Estoy lleno.	不，谢谢你。我吃饱了。
05481	¿Mañana hará bueno?	明天天气会好吗？
05482	El curso comienza a las diez.	十点开始上课。
05483	Eres un idiota.	你是一个笨蛋。
05484	Soy vegetariana.	我是素食者。
05485	Mi hermano es rico.	我哥哥很富有。 / 我弟弟很富有。
05486	Mi padre es rico.	我父亲很富有。
05487	¿Quién es este muchacho?	这个男孩是谁？
05488	Ella no vino a la fiesta, pero nadie sabe el porqué.	那次聚会她没来，谁也不知道为什么。
05489	¿Estás ocupado el domingo por la tarde?	你周日下午忙吗？
05490	El encaje del sujetador picaba un poco.	内衣的花边让我有点痒。 / 胸罩的花边让我有点痒。 / 文胸的花边让我有点痒。
05491	Esta revista es del mes pasado.	这本杂志是上个月的。
05492	Sus padres lo llevaron a pasear.	他的父母带他去散步。
05493	Ellos no estaban escuchando música.	他们没在听音乐。
05494	Ella es mayor que Tom.	她年纪比汤姆大。
05495	Corta las patatas.	切土豆。
05496	¿Estás lleno?	你吃饱了吗？
05497	El león es fuerte.	狮子很强壮。
05498	Aprender lenguas extranjeras es aburrido.	学外文很无聊。
05499	No te voy a hacer daño.	我不会伤害你。
05500	Yo tampoco lo puedo hacer.	我也不会做。
05501	La hermana de George me preparó algunos sándwiches.	乔治的妹妹为我做了些三明治。
05502	Tuvimos que cancelar la reunión de mañana debido a un problema de horarios.	因为日程安排的问题，我们必须取消明天的会议。
05503	He oído que no vienes.	听说你不来。
05504	El Burj Khalifa es actualmente el rascacielos más alto del mundo.	目前哈里发塔是世界上最高的摩天大楼。
05505	Ella no es tan inteligente como tú.	她不比你聪明。
05506	No me gusta esto.	我不喜欢。
05507	Aprendo el náhuatl en mi escuela. Soy mexicano.	我在学校学纳瓦特尔语。我是墨西哥人。
05508	¿Te gusta alguna de estas fotos?	你喜欢这些照片中的某一张吗？
05509	Por favor, dejá las ventanas abiertas.	请让窗户开著。
05510	A algunas personas no les gusta levantarse temprano por la mañana.	有些人不喜欢早起。
05511	Ella murió.	她死了。
05512	Las vacas son sagradas para los hindúes.	牛对于印度人来说是神圣的。
05513	Él se casó con una chica canadiense.	他娶了一个加拿大姑娘。
05514	"¡Es peligroso!", me dice.	他对我说：“危险！”
05515	¡Sigue andando!	继续走！
05516	El Sol es la estrella más cercana a la Tierra.	太阳是离地球最近的恒星。
05517	¿Está abierto el banco?	银行开著吗？
05518	Intentemos otra vez.	我们再试一次。
05519	¿Sabes dónde vive Tom?	你知道汤姆住哪儿吗？
05520	¿Dónde está Tony?	托尼在哪里？
05521	Nancy quiere un par de zapatos rojos.	南希想要一双红鞋。
05522	No hay.	没有。
05523	Mi padre trabaja en la fábrica.	我爸在工厂工作。
05524	Tom es el más alto de nuestro curso.	汤姆是我们课程里最高的。
05525	Es capaz de hacerlo mejor que yo.	他有能力比我做得更好。
05526	Él caminó ayer por el parque.	他昨天在公园里散步。
05527	¿Sabes que hay zorros en esta montaña?	你知道有些狐狸住在这座山上吗?
05528	Murió a la edad de 54 años.	54岁去世。
05529	¿Cuántas latas de cerveza bebió?	他喝了几罐啤酒？
05530	Me subí al bus equivocado.	我上错车了。
05531	Puede que no sea feliz.	他可能不高兴。
05532	Los tiempos cambian.	时代在变化。
05533	El inglés es fácil de aprender.	英语简单易学。
05534	¿Cuándo empieza la película?	电影什么时候开始？
05535	Tom estaba viendo a algunas chicas en bikini.	汤姆在看几个穿著比基尼的女孩。
05536	Esa es la razón por la que se enfadó.	那就是他生气的理由。
05537	Su padre no vendrá, está ocupado.	她爸爸不会来的，他很忙。
05538	Él es tres años mayor que ella.	他比她大三岁。
05539	Me dan miedo los perros.	我害怕狗。
05540	Todos los trabajadores se fueron a casa salvo uno.	所有的员工都回家了，只剩一位。
05541	¡Ojalá supiera la respuesta ahora!	但愿现在我知道答案！
05542	Él apuntó este número de teléfono.	他写下这个电话号码了。
05543	Ella y su novio viven juntos.	她跟她男朋友一起住。
05544	No nos gusta la lluvia.	我们不喜欢下雨天
05545	Si eres feliz, yo también.	如果你开心，我也就开心。
05546	Tom explicó como funcionaba el sistema.	Tom解释了系统如何运作。
05547	Él toca la guitarra muy bien.	他吉他弹得很好。
05548	Seiscientos yuanes al mes, un día de descanso a la semana, ¿de acuerdo?	每月六百元，每周一天休息，行吗？
05549	¿Realmente puede ser posible?	真的是可能的吗？
05550	¿A qué hora fuiste a dormir ayer?	你昨天几点睡的？
05551	Tom tiene que protegerse.	汤姆得保护自己。
05552	Eres demasiado bueno conmigo.	你对我太好了。
05553	Trae un par de sillas más.	再拿两三把椅子来吧。
05554	Tom decidió no ir a Boston.	汤姆决定不去波斯顿了。
05555	Ayer era jueves.	昨天是星期四。
05556	Esta tarde iré a jugar al tenis.	我今天下午会去打网球。
05557	No entiendo qué quiere.	我不明白他想要什么。
05558	Dice que le gustan mucho las flores.	她说她很喜欢花。
05559	Ahora tiene ochenta y un años.	她现在八十一岁了。
05560	No quiero beber nada.	我什么都不想喝。
05561	No te dije nada.	我什么也没有告诉你。
05562	Esta casa está embrujada.	这间房子闹鬼。
05563	El sartén sirve para freír.	锅是用来炒的。
05564	La sartén sirve para freír.	锅是用来炒的。
05565	¡Te he esperado un buen rato!	我等了你很久！
05566	¿Dónde has estado ayer?	你昨天去哪里了？
05567	Son un cuarto para las tres.	现在是两点四十五分。
05568	Una vez empieza a hablar es difícil pararla.	她一旦开始说话，就很难让她停下来。
05569	No estoy seguro de cuándo vendrá.	我不确定他什么时候来。
05570	¿Cómo ocurrió el accidente de tráfico?	车祸是怎么发生的？
05571	Él intentó hacer feliz a su esposa, pero no pudo.	他试著想让他妻子开心，但是没有成功。
05572	Tu silla se parece mucho a la mía.	你的椅子和我的很像。
05573	Si no entiendes algo, pregunta.	如果你有什么不懂的就问。
05574	Por favor, dejame en paz. Estoy ocupada.	请别烦我，我很忙。
05575	El chico entró por la puerta trasera.	那个男生从后门进来了。
05576	Enseño biología y francés.	我教生物和法语。
05577	Él es alto.	他高。
05578	Tom siempre se queja sin importar lo que haga.	无论我做什么，Tom总是抱怨。
05579	Pienso que la abuela de Tom es muy vieja para estar usando una bikini.	我觉的汤姆的外婆已经很老了，不适合穿比基尼了。 / 我觉的汤姆的奶奶已经很老了，不适合穿比基尼了。
05580	El líder gobernó su país por más de 50 años.	这位领导人统治了他的国家五十年。
05581	Hay un vaso sobre la mesa.	桌上有个杯子。
05582	No me lastimes.	不要伤害我。
05583	Ayer llovió mucho.	昨天下大雨。
05584	Tom cometió algunos errores en el examen.	汤姆在考试中犯了一些错误。
05585	El fuerte se come al débil.	弱肉强食。
05586	Ya comprendí todo.	我完全懂了。
05587	Hoy estoy en Tokio.	我今天在东京。
05588	Suele ir al McDonald's.	他常去麦当劳。
05589	Tuve que escoger entre los dos.	我必须在两者中选择。
05590	Nadie sabe por qué.	没人知道为什么。
05591	Él puede hablar y escribir en ruso.	他会说俄语，也会写俄文。
05592	Ya terminé el trabajo.	我已经完成了这项工作。
05593	El tifón causó que el río se desbordara.	台风造成了河水泛滥。
05594	No deberías decir esa clase de cosas cuando hay niños cerca.	孩子们在旁边的时候，你不应该说那种事。
05595	Hay un gran supermercado.	有一个大型超市。
05596	No te deberías asociar con hombres así.	你最好不要和那样的男人交往。
05597	Ella quiere saber quién le envió las flores.	她想知道是谁送的花。
05598	Me lavo la cara cada mañana.	我每天早上洗脸。
05599	Tom empezó a hablar.	汤姆开始说话。
05600	Necesito ir a casa.	我需要回家。
05601	Todos vivimos en el mismo vecindario.	我们全住在同一个社区。
05602	No puedo cambiar la dirección del viento, pero sí ajustar mis velas para llegar siempre a mi destino.	我无法控制风的方向，但我总能调整我的羽翼以到达目的地。
05603	No le digas nada a nadie.	什么都别跟任何人说。
05604	No puedo abandonar mi sueño.	我不能放弃我的梦想。
05605	¡Estoy absolutamente seguro!	我很肯定！
05606	Hasta siempre.	永别。
05607	Este libro me parece muy interesante.	我觉得这本书非常有趣。
05608	Ella juega al tenis todos los domingos.	她每个星期天打网球。
05609	Tom no tuvo tiempo para acabar el informe.	汤姆没时间完成报告。
05610	No te preocupes tanto.	别那么着急。
05611	Él llegó después de que sonó la campana.	铃响后他就到了。
05612	No me llames más.	别再给我打电话了。
05613	Es un cantante famoso en Japón.	他是日本著名的流行歌手。
05614	¿Dónde cojo el metro?	我在哪里坐地铁？
05615	¿Por qué tratas de huir?	为什么你企图逃走？
05616	¿Por qué acusa a mi hijo?	你为什么指责我儿子？
05617	¿Por qué gastaste todo el dinero?	为什么你花了所有钱？
05618	Quisiera poder ir contigo a la fiesta.	我希望我能和你一起参加派对。
05619	¿Esta cosa es tuya?	这个东西是你的吗？
05620	Mi sombrero es más grande que el de Jim.	我的帽子比 Jim 的大。
05621	Él es muy joven.	他很年轻。
05622	¿Cuánto costará esto?	这要多少钱？
05623	¿Cuántos autos tiene Alex?	艾力士有多少辆车？
05624	No es necesario responder a esa carta.	没有必要回那封信。
05625	Hay cosas que es mejor no saber.	有些事情你还是不知道为好。
05626	No, no puedo hablar inglés.	不， 我不会说英文。
05627	Yo deseo que ocurra.	我希望那会发生。
05628	¿Por qué piensas que Tom prefiere vivir en el campo?	你为什么认为汤姆倾向于住在农村？
05629	Mañana, van a lanzar un satélite artificial.	明天将要发射一颗人造卫星。
05630	Algo que deberías saber acerca de mí es que le tengo miedo a las alturas.	关于我，有一点你应该了解，我恐高。
05631	Espero verte este viernes.	我要在你这星期五。
05632	Yo puedo hablar español.	我会说西班牙语。
05633	¿Qué altura tiene el monte Fuji?	富士山有多高？
05634	Ella nos dio un obsequio.	她给了我们一个礼物。
05635	Él es muy tacaño.	他非常吝啬。
05636	A él le gusta ver televisión.	他喜欢看电视。
05637	Yo lo conozco de hace diez años.	我认识了他有十年了。
05638	Ellos llevan viendo esa película por horas.	他们看了那部电影半天了。
05639	No he comido durante días.	我好多天没吃东西了。
05640	Ellos no han dormido por cuarenta y ocho horas.	他们已经四十八个小时没睡觉了。
05641	Ayer vi televisión por dos horas.	我昨天看了两个小时电视。
05642	Él se convertirá en un buen esposo para mi hermana.	他会是我妹妹的好丈夫的。
05643	Él volverá mañana.	明天他会回来。
05644	Conocí a una anciana.	我遇见了一位老妇人。
05645	Es necesario que vayas ahí.	你有必要到那里去。
05646	Todos deseamos la paz.	我们都希望和平。
05647	Tom quiere saber por qué.	汤姆想知道为什么。
05648	Tom quiere casarse con Mary.	Tom想和Marie结婚。
05649	Busco una cálida falda de lana.	我想找一件温暖的羊毛裙。
05650	¿Es este tu cuaderno?	这是你的书吗？ / 这是你的笔记本吗？
05651	Ellos pueden hablar inglés.	他们会说英语。
05652	El color verde simboliza la esperanza.	绿色代表希望。
05653	Fue a Londres en 1970.	他1970年去了伦敦。
05654	Tom está sobre el váter.	汤姆在马桶上。
05655	Cuando espera el tren, escucha música un rato, y otro rato manda mensajes.	他等火车的时候，一会儿听音乐，一会儿发短信。
05656	Él descansó un rato.	他休息了一会儿。
05657	Dormí un rato en el descanso del almuerzo porque estaba muy cansado.	我在午休时间睡了一会儿，因为我太累了。
05658	Él vendrá mañana.	他明天会来。
05659	Cuando sonó el teléfono, él corrió a contestarlo.	电话响起时，他跑去接起。
05660	Los vimos anoche.	我们昨晚看见了他们。
05661	"Ah!" es una interjección.	“啊！”是一个感叹词。
05662	Por favor, llame a un taxi para esta dama.	请为这位女士叫辆出租车。
05663	Yo también quiero ir a Pekín.	我也想去北京。
05664	Contigo es verano en todo el año.	和你在一起，全年都是夏天。
05665	A veces Tom juega tenis con Mary.	汤姆有时候同玛丽打网球。
05666	Ella apenas habla japonés.	她几乎不会说日语。
05667	¿Cambiarías de pieza conmigo?	可以跟我交换房间吗?
05668	A Tom no le gusta ponerse reloj.	汤姆不喜欢戴手表。
05669	A Tom no le gusta la comida china.	Tom不喜欢吃中国料理。
05670	Mamá hirvió diez huevos.	妈妈煮了十只蛋。
05671	Llegamos a la oficina a tiempo.	我们准时到达了办公室。
05672	Ni siquiera nuestros dedos se parecen.	甚至我们的手指都不相像。
05673	Vi una alegre sonrisa en su rostro.	在他的脸上我看到了快乐的笑容。
05674	No creía que fueras tan viejo.	我不相信你有那么老。
05675	Este lápiz es mejor que aquel.	这支铅笔比那只好。
05676	Él no me va a pegar.	他不会打倒我的。
05677	Puedes terminar tu ensayo ahora.	你现在可以完成你的文章了。
05678	Juan es mi mejor amigo.	约翰是我最好朋友。
05679	Me pregunto si lloverá mañana.	我想知道明天是否会下雨。
05680	Es hora de cerrar el portón.	是关门的时候了。
05681	Es mi viejo amigo.	他是我的老朋友。
05682	¿Qué tan a menudo lo ve?	您多久见他一次？
05683	Deberías reconocer tu derrota.	你应该承认自己的失败。
05684	Opino que él tiene algo de poeta.	我觉得他有几分像个诗人。
05685	Él le echó un vistazo a su reloj.	他看了一眼他的表。
05686	Era una niña, pero no estaba asustada.	是个女孩，但她不害怕。
05687	Ella prometió no decir ninguna mentira más.	她承诺不再说谎话。
05688	¿Qué sonido hacen las ovejas?	羊的叫声是什么？
05689	¡Amén!	阿们!
05690	¿Tienen arroz?	你们有没有米饭？
05691	Todavía es demasiado pronto para levantarse.	时间还早，不必这么早起床。
05692	No tengo dinero y tampoco tengo amigos.	我没有钱,也没有朋友。
05693	Un día uno de los niños me preguntó: "¿De dónde vienen los bebés?"	有一天，其中一个小孩问我，「宝宝是怎么来的？」
05694	Aquí hace mucho calor en verano.	这里夏天非常热。 / 这里夏天非常炎热。
05695	Abre.	开门！ / 开啊！
05696	¿Cuándo volverás a Japón?	你何时将回日本?
05697	Su madre seguirá trabajando.	她母亲将继续工作。
05698	Esta es nuestra última oportunidad.	这是我们最后的机会。
05699	¿Me permite presentarme?	我可以自我介绍吗?
05700	No tengo ganas de estudiar inglés hoy.	我今天不想学习英语。
05701	Me encontré con él de camino a casa.	我在回家的路上遇到了他。
05702	Conversamos el plan con él.	我们和他谈了这个计划。
05703	Desearía que él estuviera aquí ahora.	我希望他现在在这里。
05704	Ellos llevan diez años casados.	他们已经结婚十年了。
05705	Hay demasiada gente en el parque.	公园里有太多人了。
05706	Él escapó disfrazado de policía.	他伪装成警察逃跑了。
05707	Él tiene poderosos brazos.	他的手臂很有力。
05708	¿Por qué les castiga?	您为什么惩罚他们？
05709	Su rabia es comprensible.	他的怒气令人难以理解。
05710	¡Deja de resistirte!	停止抵抗！
05711	Ellas compraron una caja de galletas.	她们买了一盒饼干。
05712	Ya no lo veré más.	我不会再见他了。
05713	Vi una nube blanca flotar a través del cielo.	我见到一片白云在空中飘过。
05714	Tu problema es parecido al mío.	你的问题和我的相似。
05715	Mamá lloró.	妈妈哭了。
05716	¿Por qué la mayoría de los profesores está de paro?	为什么大部分的教师都失业了？
05717	¿Hay alguna pregunta?	有什么问题吗？
05718	¿Está rico?	好吃吗？
05719	Tom no sabe la diferencia entre carbón y carbono.	Tom不知道碳和煤的差别。
05720	¡Está hirviendo!	热死了！
05721	El brócoli de hoy está demasiado cocido y no está rico.	今天的西蓝花做过头了，不是很好吃。
05722	¿No sabías que él murió hace dos años?	你不知道他两年前死了吗？
05723	El número 2010 tiene dos ceros.	2010这个数字里有两个零。
05724	El agua se congela a los cero grados centígrados.	水在摄氏0度时结成冰。
05725	A menudo jugábamos ajedrez después de clases.	我们常常在放学后下棋。
05726	Le tengo miedo a las arañas.	我怕蜘蛛。
05727	¿Conoces mi nombre?	你知道我的名字吗？
05728	Aquel grande también es mío.	那个大的也是我的。
05729	¡Dame una oportunidad!	给我一次机会吧！
05730	Aún no he desayunado.	我还没有吃早餐。 / 我还没吃早餐。
05731	Hoy hace menos frío que ayer.	今天没昨天冷。
05732	El nombre de mi hermana es Patricia.	我姐姐的名字是Patricia。 / 我姐姐的名字是派翠莎。
05733	Escribí tres cartas anoche.	我昨晚写了三封信。
05734	Soy el líder de este equipo.	我是该队的领导者。
05735	Ella fue la última cliente.	她是最后一个客人。
05736	En un día hay veinticuatro horas.	一天有二十四个小时。
05737	¿Tienes una casa propia?	你有自己的房子吗？
05738	Destruiste nuestro amor.	你毁了我们的爱。
05739	No tengo lápiz.	我没铅笔。
05740	El esperanto es lengua de amistad.	世界语是友谊的语言。
05741	¿Tienes algo de comer?	你有东西吃吗？
05742	Hoy es miércoles.	今天是星期三。
05743	A mi hermano le gustan las películas de horror.	我哥哥喜欢恐怖电影。
05744	Es un parisino.	他是巴黎人。
05745	Él no existe.	他不存在。
05746	A todos les gustan las pizzas grandes.	所有人都喜欢大的比萨。
05747	A menudo juego tenis los domingos.	我常常在周日打网球。
05748	Parece que tu perro tiene sed.	你的狗看起来口渴了。
05749	No me siento las manos por el frío.	我的手冷到没有感觉了。
05750	Ella estudió inglés por la mañana.	她上午学了英语。
05751	La resignación es la primera lección de la vida.	辞职是人生的第一课。
05752	Voy a necesitar tu ayuda.	我会需要你的帮助。
05753	Es tu canción favorita.	是你最喜欢的歌。
05754	¡Mira, ha llegado el tren!	看！火车来了！
05755	La niña seguía a su madre a todas partes.	那女孩不管到哪儿都跟著母亲。
05756	Él entró en mi habitación sin permiso.	他未经允许进了我房间。
05757	No me quería levantar temprano.	我不想很早起床。
05758	Estoy listo para seguirte.	我已经准备好跟随你了。
05759	El mundo es pequeño.	世界很小。
05760	Jane llegó primero.	简第一个到。
05761	Tuve un sueño extraño.	我做了一个奇怪的梦。
05762	Tuve un mal sueño anoche.	我昨晚做了一个恶梦。
05763	Anoche tuve un sueño divertido.	我昨晚做了一个有趣的梦。
05764	Anoche tuve un buen sueño.	昨晚，我做了个好梦。
05765	Mañana por la noche todos irán a clase a la universidad de Pekín.	他们明天晚上都会去北京大学上课。
05766	Él se casó con Ana el mes pasado.	他上个月和安结婚了。
05767	Quiero beber una taza de café.	我想喝一杯咖啡。
05768	¡Señorita! No me encuentro bien.	小姐！我觉得不舒服。
05769	Que pase lo que pase.	随遇而安。
05770	Él me salvó la vida.	他救了我的命。
05771	Que tu alma descanse en paz.	愿你的在天之灵安息。
05772	Solo di que no.	只要说不。
05773	Por la noche podemos ver más estrellas que en Tokio.	晚上我们能见到比东京更多的星星。
05774	¿Eres tú?	是你吗？
05775	Llama a Ismael.	叫Ishmael。
05776	Se terminó.	已经结束了。
05777	Los tiempos han cambiado.	时代变了。
05778	Los fumadores son una banda de idiotas.	烟民都是一群傻瓜。
05779	No entiendo de qué hablan.	我不明白你们在说什么。
05780	¿De qué país vienes?	你是从哪个国家来的?
05781	¿Por qué aprendes esperanto?	为什么你学世界语？
05782	¿Por qué no respondes?	为什么你不回答 ?
05783	Ellos llegaron a Osaka a comienzos de mayo.	他们五月初到了大阪。
05784	¿A dónde quieres ir?	你想去哪里? / 你想去哪儿？
05785	Cuando termines de barrer, yo paso la fregona.	你扫完地后，我来拖地。 / 你扫完以后，我会拖地。
05786	Trabajé duro el último mes.	我上个月很努力工作。
05787	Me gustás mucho.	我很喜欢你.
05788	Quítame las manos del cuello.	把你的手从我脖子上拿开。
05789	Tom entró primero.	汤姆第一个进来。
05790	Él no conoce a ninguno de nosotros.	他不认识我们中的任何一个。
05791	¿Tú hablas esperanto, cierto?	你说世界语，是不是？
05792	¡Habla!	说！ / 说呀！
05793	¡Escribe!	快写！
05794	Lleva enfermo una semana.	他病了一星期。
05795	Te veo la próxima semana.	下星期见.
05796	Los pájaros tienen alas.	鸟有翅膀。
05797	Su hija mayor se ha casado.	她的大女儿结婚了。
05798	Puedo hablar chino.	我会说中文。 / 我会说汉语。
05799	Vuelvo a las seis y media.	我六点半回来。
05800	Quisiera ver a un doctor.	我想看医生。
05801	¿Cuál es tu nombre completo?	你的姓名是什么？
05802	¿Esto se puede comer?	这个能吃吗？
05803	Estoy feliz porque estoy aprendiendo algo de holandés.	我很高兴，因为我正在学一点荷兰语。
05804	Mis padres no hablan holandés.	我父母不会说荷兰语。
05805	Los caballos son distintos de los asnos.	马跟驴可分别。
05806	Algunos botes están en el lago.	湖面上有几艘船。
05807	El avión se retrasó a causa del mal clima.	由于天气恶劣，飞机延误了。
05808	Comen pipas de girasol y juegan a las cartas.	他们一边嗑香瓜子，一边打牌。
05809	Mary intentó consolar a Tom.	玛丽尝试安慰汤姆。
05810	Casi siempre.	几乎总是。
05811	¡Es increíble que tu madre hable seis idiomas!	你母亲说六种语言真是让人难以置信！
05812	Muchos padres piensan que es importante que sus hijos coman antes de las 8:00 p.m.	许多父母认为让自己的子女在下午八点前吃完饭是很重要的。
05813	Mañana voy a hablar contigo.	我明天要和你谈谈。
05814	Vendo ropa por Internet.	我在网路上卖衣服。
05815	Se pusieron muy nerviosos.	他们变得很紧张。
05816	Tuve que ir a América.	我必须去美国。
05817	Mi mamá toca bien piano.	我的母亲钢琴弹得很好。
05818	Mi mamá se levanta temprano por la mañana.	我妈妈早上早起。
05819	Me encantan los pimientos verdes.	我特别喜欢青椒。
05820	¿Cuándo es el apocalipsis?	世界末日是什么时候？
05821	¿Tienes miedo?	你害怕吗？
05822	Él viene de Hangzhou.	他从杭州来。 / 他来自杭州。
05823	El edificio está en construcción.	大楼正在建造。
05824	Tom dice que él puede comunicarse con los muertos.	汤姆说他能和死人交流。
05825	Cuando papá volvió a casa, yo estaba viendo la televisión.	爸爸回到家的时候，我正在看电视。
05826	Mi compañero de habitación se acabó mi cerveza.	我的啤酒被我的同屋喝完了。
05827	Mi jefe me hizo trabajar el domingo pasado.	上周日我的老板要我工作。
05828	He olvidado tu número de teléfono.	我忘了你的电话号码。
05829	Una chica llamada Kate ha venido a verte.	一个叫Kate的女孩来见你了。
05830	Le robaron el móvil.	他的手机被偷了。
05831	¿Sabes lo que ha dicho?	你知道他说了什么吗？
05832	A menudo toca la guitarra.	他常常弹吉他。
05833	¿No te gustan las manzanas?	你不喜欢苹果吗？
05834	Me encantan las películas.	我爱电影。
05835	Hoy día estoy realmente cansado.	我今天真是太累了。
05836	Él es un hombre obstinado.	他是个顽固的人。
05837	Le deseo suerte.	我祝您好运。
05838	Se paró ahí por un rato.	他在那里站了一会。
05839	Pídele ayuda a tu padre.	请你父亲帮你。
05840	Muchas gracias por tu ayuda.	非常感谢你帮忙。
05841	Soy un buen sujeto.	我是好人。
05842	El gato está observando al pez.	猫看着鱼。
05843	El doblaje en español era una mierda.	这个的西语配音就是一坨屎。
05844	Tom no sabe nadar.	汤姆不会游泳。
05845	Es la entrada principal de su casa.	这是他家的正门。
05846	¿Quieres comer?	你想吃吗？
05847	A Tom le gustan las rubias.	汤姆喜欢黄头发的女生。
05848	¿Quieres beber un poco de café o de té?	你想喝点儿咖啡或茶吗？
05849	Recogen nuestra basura cada lunes.	他们每周一都来收垃圾。
05850	Tom es un socialista.	汤姆是个社会主义者。
05851	Estudié inglés, francés y chino.	我从前学习英文、法文和中文。
05852	Tom todavía es virgen.	汤姆还是个处男。
05853	Un hombre debe ser honesto.	一个人必须诚实。
05854	Tom vino a mi oficina esta mañana.	汤姆今早来了我的办公室。
05855	Mi hermana se volvió estudiante universitaria.	我妹妹成为了一个大学生。
05856	Hoy tengo una reunión.	我今天有个会议。
05857	Tom solo toma café.	Tom只喝咖啡。
05858	¿Cuándo vino Tom?	汤姆什么时候到的？
05859	Tengo un coche viejo.	我有辆老旧的车。
05860	¿Dónde está Tom ahora?	汤姆现在在哪儿呢？
05861	¿Tú eres Tom?	你是汤姆吗？
05862	Los semáforos tienen tres colores: rojo, ambar y verde.	红绿灯有三个颜色：红色、黄色和绿色。
05863	No bebo agua.	我不喝水。
05864	La sangre es más densa que el agua.	血浓于水。
05865	No hay mesas en la habitación.	房间没有桌子.
05866	Japón queda en Asia.	日本在亚洲。
05867	Entre.	请进！ / 进来！
05868	Pase.	请进！ / 进来！
05869	Él era muy paciente.	他非常有耐心。
05870	Sea paciente.	有耐心一点。
05871	Ella no puede escribir ni leer.	她不能写字也不能看书。 / 她不会读书写字。
05872	Era una oscura noche sin luna.	那是个漆黑的没有月光的夜晚。
05873	¡Hola!	你好！
05874	¿Para qué estás aquí?	你为什么在这？
05875	¿Por qué no me respondes?	你为什么不回答？
05876	Tu corbata se ve bien.	你的领带不错。
05877	Siempre que te veo, pienso en mi hermano menor.	我每次看到你，都会想起我的弟弟。
05878	Me duele el corazón.	我心痛。
05879	Está en el cuarto curso.	他现在四年级。
05880	Judy decidió estrenar su nuevo bikini.	朱迪决定展示她的新比基尼。
05881	Su dedo sangra.	他的指头流血了。
05882	Ayer fue mi decimoséptimo cumpleaños.	昨天是我17岁生日。
05883	No sé a dónde vas.	我不知道你要去哪。
05884	Va a llover mañana.	明天会下雨。
05885	¿De qué hablaste?	你们谈了什么？
05886	Suelo leer en el váter.	我一般会在马桶上看书。
05887	Tengo costumbre de leer en el váter.	我习惯在马桶上看书。
05888	Todavía tenemos papel del váter.	我们还有卫生纸。
05889	¿Hay habitaciones con váter y ducha?	有带马桶和淋浴的房间吗？
05890	Te deseo una feliz Navidad.	祝你圣诞节快乐。
05891	Si no entiendes, haz una pregunta.	如果你不了解，就问问题。
05892	Me gusta comer comida coreana.	我想吃韩国菜。
05893	Escribe algo.	写点什么。
05894	¿Puedes andar?	你能走吗？
05895	¿Te conozco?	我认识你吗？
05896	¿Estoy en Londres?	我在伦敦吗？
05897	Tom trató de ajustar la temperatura de la ducha.	汤姆想要调节淋浴的温度。
05898	Tom se dio una ducha fría.	汤姆洗了个冷水澡。
05899	El algodón absorbe agua.	棉花吸水。
05900	Él inventó la rueda.	他发明了轮子。
05901	Mis zapatos han desaparecido.	我的鞋找不到了。
05902	De repente comenzó a llover.	突然开始下雨。
05903	Me gusta aprender chino e inglés.	我喜欢学中文和英文。
05904	Los humanos como seres biológicos pertenecen al mundo animal.	人类在生物学上属于动物。
05905	¿Cuál fue el último concierto que viste?	你看得最后一场音乐会是哪场？
05906	Él es un genio de la matemática.	他是一个数学天才。
05907	Tom, ¿qué quieres de cenar?	Tom, 晚餐想吃啥？
05908	Terminé el trabajo ayer.	我昨天完成了工作。
05909	Somos las primeras en llegar.	我们是最早来到的。
05910	¿Por qué le das a él este regalo?	为什么你送给他这个礼物？
05911	Esta barca tiene seis remos.	这艘船有六个桨。
05912	¿Qué dirías en este contexto?	你在这种情况下会说什么？
05913	¿Me puede llevar al aeropuerto, por favor?	请问您能带我去机场吗？
05914	Hay 10 semanas de preparación para el examen.	有十周的时间准备考试。
05915	Debes amar a tu madre.	每个人都应该爱自己的母亲。
05916	Se puede ver el Monte Fuji desde aquí.	从这里能看到富士山。
05917	Hace mucho calor hoy, ¿no?	今天非常热，不是吗? / 今天很热，不是吗？
05918	Me lo he encontrado muchas veces.	我已经见过他很多次了。
05919	¿Cuánto tiempo me demoro en viajar desde aquí a Chicago?	从这里到芝加哥要多长时间？
05920	John es un muy buen amigo.	约翰是我的好朋友。
05921	Se fue a los Estados Unidos.	她已经去了美国。
05922	Parece no haber alguna posibilidad de un compromiso.	看起来好像没什么妥协的可能。
05923	Ya no eres joven.	你已经不再年轻了。
05924	Ya no son jóvenes.	他们已经不再年轻了。
05925	Tengo buena vista.	我的视力很好。
05926	Voy a la tienda ahora.	我现在要去这家商店。
05927	Mi auto no es rojo, sino azul.	我的汽车不是红色的, 而是蓝色的。
05928	Vinieron más de 20 personas.	来了20人以上。
05929	Dime cómo usar la lavadora.	告诉我洗衣机怎么用。
05930	¿Me llamó alguien?	有人给我打电话吗？
05931	Tom está nervioso.	汤姆很紧张。
05932	¿A quién viste allí?	你在那儿见了谁？
05933	¿Compraste el billete de tren?	你买火车票了吧？
05934	Ese hombre es de una edad avanzada.	那个男人年纪很大。
05935	Nunca me ha gustado la biología.	我从来没喜欢过生物学。
05936	Tom es más alto que yo.	汤姆比我高。
05937	¿Has visto mi cámara de fotos?	你看到过我的照相机吗？
05938	Ella haría a todos felices.	她会让所有人都很开心。
05939	Los peces son animales de sangre fría.	鱼类是冷血动物。
05940	El Rin es la frontera que separa a Francia de Alemania.	莱茵河是分隔法国和德国的界线。
05941	Esta niña no tiene madre.	这个女孩没有母亲。
05942	En nuestra escuela hay más chicas que chicos.	我们学校女孩比男孩多。
05943	¿Los peces duermen?	鱼睡觉吗？
05944	¿Fuiste a la feria del libro?	你去了书展？ / 你去书展了吗？
05945	Cómete todas tus espinacas.	把你的菠菜都吃掉！
05946	Mi pendrive se quemó.	我的优盘烧了。
05947	Esto no es amor verdadero.	这不是真实的爱情。
05948	A Hanako le gusta muchísimo la torta.	花子非常喜欢蛋糕。
05949	Él era demasiado joven para vivir solo.	他太年轻了，无法独自生活。
05950	Ella es la hermana menor de Tom.	她是汤姆的妹妹。
05951	Ella es la hermana mayor de Tom.	她是Tom的姐姐。
05952	Hombres de más de 14 países asistirán al seminario.	超过十四个国家的人出席了研讨会。
05953	La nueva novia de Tom es una vegetariana.	汤姆新的女朋友是素食主义者。
05954	Quiero ver a tu hermana mayor.	我想见你姐姐。
05955	Quiero conocer a tu hermana mayor.	我想认识你姐姐。
05956	No puedo explicar.	我不会解释。
05957	Muchas personas saltan la reja y tiran la basura.	很多人跳过栏杆，还丢垃圾。
05958	Les pedí que dividieran la hoja en dos columnas.	我要求他们将页面分为两栏。
05959	Ellos son rusos.	他们是俄罗斯人。
05960	Ellas son rusas.	她们是俄罗斯人。
05961	Él prometió no decirle eso a nadie.	他承诺不会和任何人说这件事。
05962	¿Ya se conocen?	他们早就认识了吗？
05963	Ya terminé de leer este libro.	我已经读完了这本书。
05964	¡Muy bien!	非常好！
05965	Quiero que leas este libro.	我想你读一读这本书。 / 我想让你读这本书。
05966	Dick planea ir solo.	迪克打算自己去。
05967	Me robaron mi pluma.	他们偷了我的钢笔。
05968	Hazlo ahora para que no te olvides.	马上做，不要忘记。
05969	Hazla ahora para que no te olvides.	马上做，不要忘记。
05970	La muerte es similar al sueño.	死亡就如同做梦一样。
05971	Pasamos un día en el Congreso.	我们在国会度过了一天。
05972	¿Tienes hermanos menores?	你有弟弟吗？
05973	Vengo todos los días a la universidad en bus.	我每天坐公车来大学。
05974	¿Qué tipo de inhalador usas?	你用哪一种吸入器？
05975	¡Detesto la nieve!	我讨厌雪。
05976	¡La próxima vez llevaré botas!	下次我穿靴子。
05977	Dinos más.	告诉我们多一点。
05978	Debemos destruir la evidencia.	我们得销毁证据。
05979	El avión despegó.	飞机起飞了。
05980	El amor es solo una invención.	爱不过是发明。
05981	Está mal.	这个不对。
05982	Tom está roncando.	汤姆在打呼。
05983	No puedo decir.	我不能说。
05984	No puedo dormir bien.	我睡不好。
05985	¡Soy demasiado feliz!	我太高兴了！
05986	Sal del pasto.	从草地里出来。
05987	¿Cuándo quieres ir a la biblioteca?	你想什么时候去图书馆哪？
05988	No me gusta la chaqueta roja.	我不喜欢这件红色的夹克。
05989	Seis dividido dos es tres.	六除以二得三。
05990	Me casé hace diez años.	我十年前结婚了。
05991	Se han acabado las fresas.	草莓吃完了。
05992	¿Por qué no me informaste?	你为什么没跟我说？ / 你为什么没告诉我？
05993	Ya es hora de ir a casa.	已经是时候回去了。
05994	La capital de Francia es París.	法国的首都是巴黎。
05995	Llámala a las tres.	三点叫她。
05996	¿Qué causó la explosión?	爆炸是由甚么导致的呢？
05997	Este invierno no ha nevado mucho aquí.	今年冬天我们这里雪下得不多。
05998	María estalló en lágrimas al oír sobre la muerte del hermano.	玛丽亚一听到兄弟去世的消息，就放声大哭起来。
05999	Tom está sangrando.	汤姆在流血。
06000	Eres un insecto.	你是只虫。
06001	¡Traigan té inmediatamente!	马上把茶拿来！
06002	A él le gusta este libro.	他喜欢这本书。
06003	Él vino a Japón hace siete años.	他七年前来日本。
06004	El presidente habla como un verdadero patriota.	总统作为一位真正的爱国者发言。
06005	Tom no sabe a dónde ir.	Tom不知道要去哪。
06006	Puede ser que pase el resto de mi vida tras las rejas.	也许我要在牢里度过一生。
06007	Soy soltero.	我单身。
06008	Tú no eres japonés.	你不是日本人。
06009	Ella es japonesa.	她是日本人。
06010	Tom es un artista desconocido.	Tom是个不知名的艺术家。
06011	¿Dónde escribes?	你在哪儿写？
06012	No he comido por días.	我好多天没吃东西了。
06013	Tom es solo un loco anciano.	汤姆只是一个疯老头。
06014	¡Gracias por la comida!	谢谢你的午餐！
06015	Ayer hizo calor.	昨天的天气很热。 / 昨天很热。
06016	Me bajé del tren.	我下了火车。
06017	La tribu Zulu de Sudáfrica tiene su propia lengua.	南非的祖鲁族人有著自己独特的语言。
06018	El Sistema Solar tiene cuatro gigantes gaseosos: Júpiter, Saturno, Urano y Neptuno.	太阳系有四个气态大行星：木星、土星、天王星和海王星。
06019	No me fijé en la matrícula.	我没注意照牌。
06020	¿Hay zanahorias más grandes?	还有更大的胡萝卜吗？
06021	No me gusta comer manzanas.	我不喜欢吃苹果。
06022	Me quedé dormido mientras leía.	我看书的时候睡着了。
06023	Tu pregunta no tiene respuesta.	你的问题没有答案。
06024	El árbol proyectaba una larga sombra.	树投下长长的影子。
06025	Mamá, ¿Por qué no limpia papá su estudio?	妈妈，为什么爸爸不把他的书房打扫干净？
06026	No sabía que él estaba ahí.	我不知道他在那里。
06027	Vengo de Colombia.	我来自哥伦比亚。
06028	Los coches japoneses tienen el volante a la derecha.	日本车的方向盘在右边。
06029	¿Hay vida en Marte?	火星上有生命吗？
06030	¿A qué hora es el concierto?	那个演奏会几点开始？
06031	Supongamos que ella está aquí.	让我们假设她在这里。
06032	Se le dan bien las matemáticas.	他的数学很好。
06033	Vivo en Malta.	我住在马尔他。
06034	No hablo ucraniano.	我不说乌克兰语。
06035	No sé cómo usarla.	我不知道如何使用它。
06036	Los parques son para la ciudad lo que los pulmones son para los animales.	公园和城市的关系，就好比肺和动物的关系一样。
06037	El deterioro del templo se debe en parte a la lluvia ácida.	庙宇的毁坏有一部分要归因于酸雨。
06038	Retiro todo lo dicho anteriormente.	撤回前言。
06039	El año pasado llovió mucho.	去年下了很多雨。
06040	Ellos están leyendo su libro.	他们正在读她的书。
06041	He ido a París.	我去过巴黎。
06042	Sí, esta es mi casa.	是的，这是我的房子。
06043	Déjame pensarlo.	让我想一想。
06044	Retiro lo dicho.	撤回前言。
06045	La guerra es paz. La libertad es esclavitud. La ignorancia es fuerza.	战争即和平，自由即奴役，无知即力量。
06046	No puedo creer lo que ven mis ojos.	我无法相信自己的眼睛。
06047	Ella está sentada en la cocina tomando té.	她坐在厨房喝茶。
06048	Nunca he tomado leche con té.	我从没喝过奶茶。
06049	¿Recuerdas esa tienda?	你记得这家店吗？ / 妳记得这家店吗？
06050	Todos la conocen.	每个人都认识她。
06051	¿Qué te pasó?	你发生了什么事？
06052	Haz el amor y no la guerra.	要做爱不要战争。
06053	No tiene dinero para un coche nuevo.	他没钱买新车。
06054	Está casado y tiene tres hijos.	他结婚了，而且有三个孩子。
06055	No quiero dinero.	我不要钱。
06056	Él se metió el dinero en el bolsillo.	他把钱放进了口袋。
06057	¿Terminaste tu tarea?	你做完作业了吗？
06058	No queda otra.	没办法。
06059	¿Cómo ganas tú tu dinero?	你怎么赚钱？
06060	¿Cómo te va, Tom?	你好吗，汤姆？
06061	Lo siento, no he entendido lo que has dicho.	对不起，我没明白你说的话。
06062	Tom está en casa.	汤姆在家里。
06063	Tom le guiñó un ojo a Mary.	汤姆给玛丽抛了个媚眼。 / 汤姆给玛丽使了个眼色。
06064	Lo vi arrestado por la policía.	我看见他被警察逮捕。
06065	Ellos mataron a más de tres mil marineros.	他们杀死了三千多水手。
06066	No, soy inglés.	不，我是英国人。
06067	Esa es mi silla preferida.	那是我最喜欢的椅子。
06068	Escribí una carta.	我写了一封信。
06069	¿Estuviste en casa anoche?	昨晚你在家吗？
06070	¿Tiene usted algún tatuaje?	您有纹身吗？
06071	Él no habla inglés ni francés.	他不会说英语也不会说法语。
06072	Aquí no hay nada.	这儿啥也没有。
06073	Quita la cazuela del fuego.	把平底锅从火上拿开。
06074	Me gustaría cambiar mi asiento.	我想换一下我的座位。
06075	Los caracoles se han estado comiendo nuestras lechugas.	蜗牛在吃我们的生菜。
06076	Ese estudiante a veces finge estar enfermo.	那个学生有时装病。
06077	El gato es muy mono.	那只猫很可爱。
06078	Estoy comiendo pan.	我吃面包。
06079	Tom vino a Japón por primera vez cuando tenía tres años.	Tom 在三岁的时候第一次来日本。
06080	Esperamos tomando té.	我们边喝茶边等。
06081	Ellos están hablando de música.	他们在谈音乐。
06082	Aprender una lengua extranjera requiere mucho tiempo.	学外语很费时间。
06083	Mi hermano debe estar enfermo.	我哥哥应该生病了。
06084	Él siempre le lleva regalos a su mujer.	他一直会给他妻子送礼物。
06085	Así es como cocinamos arroz.	这就是我们烹调米的方法。
06086	Iré contigo.	我会和你一起去。
06087	La ropa se arruga si no se dobla o se pone en una percha.	若没有将衣服折起来或是挂在衣架上，会起皱纹。
06088	Hay que darle la vuelta al chaleco. Está del revés.	背心反了， 要翻一个面。
06089	Volveré a las siete.	我会在七点钟回来。
06090	Tom tiene claustrofobia.	汤姆有幽闭恐惧症。
06091	Tom respeta a sus mayores.	Tom尊敬他的长辈。
06092	Si quieres aprender bien un idioma, apréndelo por tu cuenta.	如果你想学习好一种语言，自己学习它。
06093	Despegar es más fácil que aterrizar.	起飞比降落容易。
06094	A los coreanos no les gusta el cilantro.	韩国人不喜欢吃香菜。
06095	Por favor, siéntate en el sofá y relájate.	请坐在沙发上放轻松。
06096	Adiós. Hasta mañana.	明天见。
06097	¡Suelta mi brazo! No soporto que la gente me toque.	放开我的手臂！我不能忍受有人碰我。
06098	Según mi opinión, el alemán es la mejor lengua del mundo.	我个人认为德语是世界上最好的语言。
06099	En mi opinión, el alemán es el mejor idioma del mundo.	我个人认为德语是世界上最好的语言。
06100	El profesor sonrió.	教授微笑了。
06101	Por favor firma el contrato.	请签署契约。
06102	Ella todavía no está aquí.	她还不在这儿。
06103	¿Con qué frecuencia le ve?	您多久见他一次？
06104	Conozco a la chica que está jugando al tenis.	我认识这个打网球的女孩。
06105	Vosotros dos sois el núcleo del equipo.	你们俩是团队的核心。
06106	Esta película merece ser vista al menos dos o tres veces.	这部电影至少值得看两三遍。
06107	El famoso pianista sonrió.	著名的钢琴家露出了微笑。
06108	Muchas gracias de antemano por vuestra colaboración.	提前感谢你们的合作。
06109	Ojalá fuera una piedra.	我希望我是一块石头。
06110	¿Qué ocurrió en ese cruce?	这个十字路口发生了什么？
06111	Ella dice que le gustan las flores.	她说她很喜欢花。
06112	Él lloró por la muerte de su hija.	他为他女儿的死而哭泣。
06113	Este libro parecía interesante.	这本书看起来很有趣。
06114	Ella parecía haber estado enferma.	好像她病了。
06115	Andas demasiado rápido para que pueda seguir tu ritmo.	你走得太快我跟不上。
06116	Voy a ir al parque.	我去公园。
06117	Ya he acabado de leer este libro.	我已经读完了这本书。 / 我已经看完这本书了。
06118	Ya me he acabado este libro.	我已经读完了这本书。 / 我已经看完这本书了。
06119	¿Por qué eres tan inseguro?	为什么你这么没有安全感？
06120	Creo que se divorciará de él.	我想她会和他离婚。
06121	Soy universitario.	我是一个大学生。 / 我是大学生。 / 我是一名大学生。
06122	Tus comentarios siempre fueron útiles para mí.	你的意见总是对我有帮助。
06123	Él tiene la culpa del fracaso.	失败的责任在他。
06124	El avión llegó puntual.	飞机准时到了。
06125	¿Quién, yo?	谁，我？
06126	Corre que te atrapo.	快跑，不然我会抓到你。
06127	Los dos somos estudiantes.	我们两个是学生。
06128	Lo que quiero no es té, sino café.	我要的不是茶，而是咖啡。
06129	No tuve el valor para contarle la verdad.	我没有勇气把事实告诉她。
06130	¿Tienes unos minutos? Me gustaría tener una charla contigo.	你有几分钟时间吗？我想跟你聊一下。
06131	¿Cabe esta caja en la furgoneta?	面包车里放得下这个箱子吗？
06132	No quiero ir a la iglesia hoy.	今天我不想去教堂。
06133	Creo que me olvidé la billetera en casa.	我想我把钱包落家里了。 / 我想我把钱包放家里了。
06134	No hice nada en las vacaciones.	在假期中我什么都没有做。
06135	Estos animales se alimentan de hierba.	这几种动物是吃草的。
06136	Los niños juegan sobre el césped.	孩子们在草地上玩耍。
06137	¡No se queje!	别抱怨！
06138	¿No?	不是吗？
06139	¿Qué es?	它是什么？
06140	Acabo de recibir una carta de Brasil.	我刚收到一封来自巴西的信。
06141	Tenía calor, así que encendí el ventilador.	我很热，就把电风扇打开了。
06142	Como hacía calor, encendí el ventilador.	天气热，我就把电风扇打开了。
06143	Tienes una carta.	你有一封信。
06144	Su voz es muy bella.	她的声音很好听。
06145	Visité Rumanía hace algunos años.	我几年前去过罗马尼亚。
06146	¿Qué imagen tenías en mente cuando pintaste este cuadro?	画这幅画的时候你脑海中浮现出了什么图像？
06147	Dejá el pasado atrás y preocupate por el presente.	放弃过去而注重目前。
06148	¡Cómo te atreves!	你敢！
06149	¡Pero es demasiado caro!	可是太贵了！
06150	Estonia tiene su propio himno nacional.	爱沙尼亚有它自己的国歌。
06151	La guerra se debe evitar a toda costa.	战争必须不惜一切代价地去避免。
06152	Lavate las manos antes de cada comida.	饭前洗手
06153	Vale más un buen vecino que un amigo lejano.	一个好邻居胜于一个遥远的朋友。
06154	Tengo un amigo que vive en Kioto.	我有一个住在京都的朋友。
06155	Ellas son inseparables.	他们是分不开的。
06156	El joven al que ella espera es un amigo mío.	她在等的那个男孩是我的一个朋友。
06157	Mi tío se hospeda actualmente en Hong Kong.	我叔叔目前在香港。
06158	Pasé corriendo en frente de ellos.	我跑著从他们面前经过。
06159	Esta mañana me he levantado a las seis y media.	我今天早上六点半起床。
06160	¿Tenés algún lápiz?	你有铅笔吗？
06161	El año que terminó la guerra, yo nací.	我出生在战争结束那年。 / 战争结束那年我出生了。
06162	¿Hasta cuando abusarás, Catilina, de nuestra paciencia?	喀提林，你还会滥用我们的耐心多久呀？
06163	¿Puedo abrir la ventana?	可以开窗吗？
06164	¿Dónde están mis alas?	我的翅膀在哪里？
06165	El colegio es aburrido.	小学很无聊。
06166	¿Dónde dormiste anoche?	你昨晚睡在哪？
06167	Me sentía mal y fui al hospital, pero al final no era nada grave.	我觉得不舒服便去了医院，但最后并不是什么严重的问题。
06168	Yo soy de una hermosa ciudad: Chengdu.	我来自一个美丽的城市-成都。
06169	Tiene que registrarse antes de realizar la compra.	你在购物前需要先注册。
06170	Tu explicación está muy bien.	你的解释很好。
06171	Solo unos pocos estudiantes entendieron la cuestión.	只有少数的学生理解了这道问题。
06172	Él me dijo que iría a Venecia.	他告诉过我他会去威尼斯。
06173	Nos presentó una idea interesante.	他向我们展示了一个很有趣的想法。
06174	No hay aire en la Luna.	月球上没有空气。
06175	Llama al 110 ahora mismo.	现在就打110。
06176	La película es popular entre los jóvenes.	这部电影在年轻人之间很流行。
06177	Ese chico que está hablando inglés es más alto que yo.	那个在说英语的男生比我高。
06178	Las nubes están oscureciéndose; va a llover.	天阴了，要下雨了。
06179	Primero, no tengo nada de dinero. Segundo, no tengo tiempo.	首先，我一点钱也没有。其次，我也没有时间。
06180	Tom no sabe dónde ha ido Mary.	汤姆不知道玛丽去哪里了。
06181	Empezó a quedarse calvo siendo bastante joven.	他从相当年轻的时候就开始秃顶了。
06182	Debes ayudarlo.	你应该帮助他。
06183	Ya he leído el libro.	我已经看过这本书了。
06184	Su esposa es una mujer muy talentosa.	他妻子是个才女。 / 他老婆很有才。
06185	¿Te gusta el brócoli?	你喜欢西蓝花吗？
06186	¿Os gusta el brócoli?	你们喜欢西蓝花吗？
06187	Él me preguntó si me gustaban las matemáticas.	他问我喜不喜欢数学。
06188	Ellos se bajaron del coche.	他们下了车。
06189	¡Deja de mirarle las tetas!	别再看她的咪咪了！
06190	Te espero al frente del colegio.	我在学校前面等你。
06191	A menudo los domingos voy al centro.	我常常星期日去市中心。
06192	Papá está ocupado escribiendo una carta.	父亲忙著写信。
06193	Confía en mí, este es el camino correcto.	相信我，这是对的路。
06194	Cuéntame qué pasó.	告诉我发生了什么事。
06195	¡Ah! ¡Espera un momento!	啊，等一下！
06196	Estás escribiendo.	你在写字。
06197	¿Y usted?	您呢？
06198	¿Y vosotros?	你们呢？
06199	¿Y vosotras?	你们呢？
06200	Ella quiere trabajar en el hospital.	她想在医院里工作。
06201	No me ha dado tiempo a comer.	我没时间吃饭。
06202	Vuelve mañana.	明天回来。
06203	También este castillo tiene un fantasma.	这个城堡也有一个鬼。
06204	Amo a Natasha.	我爱娜塔莎。
06205	Tom todavía sigue en el hospital.	汤姆还在医院。
06206	Voy a Tokio todos los días.	我每天去东京。
06207	Es la casa en donde él vive.	这就是他住的房子。
06208	Andar es bueno.	走路是有益的。
06209	Sé lo que hay en la caja.	我知道盒子里有什么。
06210	¿Qué quieren hacer hoy?	你今天要做什么？
06211	Ella no puede parar de reírse.	她笑得停不下来。
06212	Ken ya fue a Inglaterra.	Ken 已经去了英格兰。
06213	Siempre se queja de que su habitación es pequeña.	他总是抱怨他的房间小。
06214	Esta casa es grande.	这间房子很大。
06215	¿Te gusta esta ciudad?	你喜欢这座城市吗？
06216	Ese negocio vende diarios y revistas.	那家店卖报纸和杂志。
06217	Mañana es sábado, 5 de febrero del 2011.	明天是2011年二月五号，星期六。
06218	No puedo enderezar mi espalda.	我没有办法挺直我的背。
06219	¡Endereza tu espalda!	把你的背挺直！
06220	Un gato tiene una cola y cuatro patas.	一只猫有一条尾巴和四只脚。
06221	No dejes que nadie espere en la sala de reuniones.	别让任何人在会议厅等待。
06222	Eso es otra cosa.	那是另一回事。
06223	¿Es este tu libro, Mike?	迈克，这是你的书吗？
06224	Responde en inglés a las siguientes preguntas.	用英语回答下列问题。
06225	Las enfermeras son muy simpáticas.	护士们都很和善。
06226	Esas bragas parecen calzoncillos.	那几条女式内裤有点像男式的。
06227	Él es más alto que su hermano.	他比他的弟弟高。
06228	Afuera está nevando.	外面在下雪。
06229	Gordon se interesa por el estilo de vida japonés.	戈登对日本的生活方式感兴趣。
06230	La linda chica en bikini es la hermana de Tom.	那个穿著比基尼的漂亮女孩是汤姆的姐姐。 / 那个穿著比基尼的漂亮女孩是汤姆的妹妹。
06231	Prefiero morir a rendirme.	我宁死也不投降。
06232	¿Tienes una casa en Italia?	你在义大利有个房子吗？
06233	Juro que te voy a meter tras las rejas.	我保证我会把你送进牢里。
06234	Este año, las manzanas están particularmente dulces.	今年的苹果特别甜。
06235	De media veo dos películas al mes.	我平均每月看两部电影。
06236	No llevo ropa interior.	我没穿内衣。
06237	Creo que hay un error.	我觉的有一个问题。
06238	Mi trabajo es aburrido.	我的工作很无聊。
06239	Ella fue mi primera polola.	她是我的初恋女友。
06240	Comprendo los riesgos.	我了解这些风险。
06241	A él no le gusta el tenis.	他不喜欢网球。
06242	En Hungría se habla húngaro.	在匈牙利说匈牙利文。
06243	Ellos están en el jardín.	他们在花园里。
06244	Hoy no hace tanto calor como ayer.	今天没有昨天那么热。
06245	Estaba cazando mariposas.	他在捉蝴蝶。
06246	Hoy es un lindo día para correr por la playa.	今天是一个在海滩上跑步的好日子。
06247	Estoy arreglando la lavadora.	我在修洗衣机。
06248	Estoy aprendiendo chino.	我正在学习汉语。 / 我在学汉语。
06249	La familia cenó junta.	家里人一起吃了晚饭。
06250	Por una cabeza tonta sufren las piernas.	愚笨的头脑使腿受苦。
06251	Frecuentemente, los niños odian las espinacas.	小孩一般都讨厌菠菜。
06252	Me gusta escuchar música, música jazz sobre todo.	我喜欢听音乐，特别是爵士音乐。
06253	Ella vino al dormitorio.	她来到卧室。
06254	No hay agua.	没有水。
06255	Él tiene mucho dinero, pero no es feliz.	他很有钱，但不幸福。
06256	A él le gusta mucho pasear.	他很爱散步。
06257	Pero ¿cómo pueden hacer algo así?	但是他们怎么能这样做呢？
06258	¿Ya has vuelto?	你已经回来了啊？
06259	¡Me voy de compras!	我去买！
06260	Puede que ella pueda darle más información.	也许她能告诉您更多。
06261	¿Qué estabas haciendo esta mañana?	今天早上你在做什么？
06262	Lo encontré, está allí.	找到了，在那里。
06263	Lo he encontrado, está allí.	找到了，在那里。
06264	Yo lo sé.	我知道啦。
06265	Abro un poco la ventana.	我把窗户打开一点。 / 我开了点窗户。
06266	¿Me lo vas a contar?	您会告诉我吗？
06267	Por desgracia, tengo que levantarme pronto todos los días.	不幸的是，我必须每天早起。
06268	¿Qué te parece esta casa?	你觉得这套房子怎么样？
06269	Este diccionario no es bueno.	这词典不好。
06270	¿Cuál es su fruta preferida?	您最喜欢什么水果？
06271	¿Cuál es vuestra fruta favorita?	你们最喜欢什么水果？
06272	¿Este es vuestro gatito?	这是你们家的小猫吗？
06273	Sí, sí, por supuesto.	是，是啊，当然。
06274	Disculpe, ¿hay alguien en casa?	请问有人在家吗？
06275	¿Cuál prefieres? ¿Este o aquel?	你更喜欢哪个？这个还是那个？
06276	¡Mi regalo es el mejor!	我的礼物最好！
06277	Ann no vendrá a nuestra fiesta.	安不会来参加我们的派对。
06278	¿Puedo acompañarle al aeropuerto?	我可以陪您一起去机场吗？
06279	La semana pasada tuvimos examen de matemáticas.	我们上个星期去了数学的考试。
06280	¿Desde dónde has venido corriendo?	你从哪里跑进来的？
06281	¿Qué habéis escondido?	你们藏了什么东西？
06282	Parece que lo hemos encontrado.	好像找到了。
06283	No somos nosotros.	不是我们。
06284	¡No puede ser! ¿Cómo has terminado de escribirlo?	不可能啦，怎么可能写得完嘛！
06285	No sé qué debo hacer ahora.	我不知道，我现在应该做什么。
06286	Tu ropa es muy bonita.	你的衣服太漂亮了。
06287	La chaqueta tiene botones.	这件外套有扣子。
06288	Lo que tengo en mi mano es una concha endurecida.	在我手里的是一个贝壳化石。
06289	Ellos tienen doce hijos.	他们有12个孩子。
06290	Si no hay aire, no se puede vivir.	如果没有空气，我们都活不了。
06291	La cicatriz en su frente resalta.	他额头上的疤痕很醒目。
06292	¿Por qué tiene dos autos?	他为什么有两辆车？
06293	Ella es hábil en mentir.	她很擅长说谎。
06294	No te decepcionaré.	我不会让你失望。
06295	¿Había un libro sobre el escritorio hace un momento?	刚才桌子上有一本书吗？
06296	Me gusta dar paseos por el bosque.	我喜欢在树林里散步。
06297	La lengua de una mujer es su espada.	女人的舌头是她的剑。
06298	Nadie conoce su verdadero nombre.	没有人知道他的真名字。
06299	Me gusta ir de pesca con mi padre.	我喜欢和父亲一起去钓鱼。
06300	¿Por qué no le das unas flores?	何不送给她一些花?
06301	Ella nos regaló una lavadora.	她送给我们一台洗衣机。
06302	Ella nos cantó una canción japonesa.	她为我们唱了一首日文歌。
06303	Planeo dedicar unas horas cada día a estudiar inglés.	我打算每天花几个小时来学英文。
06304	¿Ellos son amigos?	他们是朋友吗？
06305	¿Dónde está el gato?	猫在哪里？
06306	¿Cómo está tu brazo?	你的手臂怎么了？
06307	Mi pasatiempo es la filatelia.	我的嗜好是集邮。
06308	A los gatos les gusta más el pescado que la carne.	猫喜欢鱼多过肉。
06309	No sé si hoy es martes o miércoles.	我不知道今天是星期二还是星期三。
06310	No te enseñan eso en el colegio.	学校不会教你这个。
06311	Ella es la ama de casa perfecta.	她是个完美的家庭主妇。
06312	Estoy mezclando mayonesa con ketchup.	我在把蛋黄酱和番茄酱拌到一起。
06313	Por favor despiértame a las seis.	请在六点叫醒我。
06314	No quiero volver a hacerlo.	我不想再做了。
06315	Ese niño se parece a su padre.	那孩子和他父亲很像。
06316	No puedo planchar mi ropa. No tengo plancha.	我没法烫我的衣服，我没有熨斗。
06317	A Tom le pilló su madre masturbándose.	汤姆自慰时被他母亲撞见。
06318	Le gusta dormir.	他喜欢睡觉。
06319	Él no está seguro de querer hacerlo.	他不知道自己是不是真的想这样做。
06320	Ella nació en México.	她出生在墨西哥。
06321	Ella nació en Méjico.	她出生在墨西哥。
06322	Los estudiantes han vuelto.	学生们回来了。
06323	No es tu estilo.	不是你的风格。
06324	Tómate tu tiempo, no hay prisa.	慢慢来，不急。
06325	Limpié la mesa.	我擦了桌子。
06326	Siempre sentí que ella estaba ocultando algo.	我总是觉得她在隐瞒东西。
06327	Si le digo la verdad, ella jamás me perdonará.	如果我告诉她事情，她永远不会原谅我的。
06328	Él bajó libros del estante.	他把书从书架上拿了下来。
06329	El Sol nos proporciona luz y calor.	太阳提供我们光和热。
06330	Tengo que salir a hacer compras. Es una buena oportunidad para liberarse de una conversadora suegra.	我必须要去采购，这是一个脱离健谈的婆婆的好选择。
06331	También hay gatos en Marte.	火星上也有猫。
06332	Kate fue obligada a leer el libro.	凯特被迫读这本书。
06333	El gato dormía sobre la mesa.	猫在桌子上睡觉。
06334	Tom está a cargo del asado.	Tom负责烤肉。
06335	Cambiá la funda de la almohada.	把枕套换了。 / 换枕套。
06336	Él tiene reputación de ser el mejor abogado de la ciudad.	他被认为是这座城市里最好的律师。
06337	Vengo de Egipto.	我来自埃及。
06338	Él es considerado el mejor abogado de esta ciudad.	他被认为是这个城市里最好的律师。
06339	¿Es posible que una chica de 22 años nunca haya tenido sueños eróticos?	一个二十二岁的女孩从来没有做过色情类的梦，这可能吗？
06340	La nieve desaparecerá pronto.	雪很快就会消失。
06341	Tom está en el equipo de béisbol.	Tom在棒球队里。
06342	¡Ve siempre derecho hacia adelante!	一直向前走！
06343	¡Vaya siempre derecho adelante!	一直向前走！
06344	Invita a tu amiga a cenar.	请你的朋友吃晚饭吧。
06345	¿Vas todos los días a pie al colegio?	你每天走路去学校吗？
06346	El niño corre rápido.	男孩跑得快。
06347	Él fue a los Estados Unidos la semana pasada.	他上周去了美国。
06348	Ellas no notaron nada sospechoso.	她们没有发现可疑的东西。
06349	Los bomberos todavía están buscando sobrevivientes.	消防员们仍在搜寻幸存者。
06350	Las pilas, a pesar de ser nuevas, no funcionan.	这些电池，虽然是新的，但是没用。
06351	Encontré muy emocionante esta película.	我看了这个电影使我很感动。
06352	Hay una necesidad urgente de suministros médicos.	急需医疗用品。
06353	Ella dice que se levanta todos los días a las seis.	她说她每天早上六点起床。
06354	Esta mañana de camino a la escuela vi a un grupo de extranjeros.	今天早上在去学校的路上，我看到了一群外国人。
06355	¿A qué hora empiezas a trabajar?	你什么时候开始工作?
06356	¿A qué hora vas a trabajar?	什么时间你去工作？
06357	Iremos al lago a almorzar.	我们要去湖边吃午餐。
06358	Voy a freír un huevo en la sartén.	我去用锅煎一个蛋。
06359	Terminamos de almorzar.	我们吃完了午餐。
06360	Yo también fui invitado.	我也被邀请了。
06361	Estoy tieso de frío.	我冻僵了。
06362	¿Aún tienes más que decir?	你还有甚么要说的吗？
06363	El vaso está lleno de vino.	杯子里倒满了葡萄酒。
06364	Él se acostumbró rápidamente a su nuevo entorno.	他很快就适应了新的环境。
06365	Mi madre me va a matar.	我妈会杀了我的。
06366	Estamos consolando a su madre.	我们在安慰他母亲。
06367	Francia está al sur de Inglaterra.	法国在英国的南边。
06368	Hoy es mi decimosexto cumpleaños.	今天是我十六岁的生日。
06369	Tengo alergia a la leche.	我对牛奶过敏。
06370	¿Hay algo que me quieras decir?	你有事想对我说吗?
06371	Ella subió a su dormitorio.	她上楼到她的卧室。
06372	¡Dije que esta es una sala de reuniones, no un dormitorio!	我说过了，这是一个会议室，不是卧室。
06373	Me gustas.	我喜欢你。
06374	¿Hace cuánto se fue el bus?	这辆公车多久前离开的?
06375	Asiste a la reunión.	他出席会议。
06376	Ya no tenemos pan.	我们没面包了。
06377	Cuando haya terminado mi almuerzo, me recostaré por una hora.	我吃完午餐后，要睡一个小时。
06378	Tom se saltó el almuerzo.	汤姆没吃午饭。
06379	Él estaba parado en la puerta.	他站在了门口。
06380	Hace mucho calor en verano en Japón.	日本的夏天很热。
06381	El alcohol daña el hígado.	酒精会损害肝脏。
06382	No hay progreso sin comunicación.	没有沟通就没有进展。
06383	Ella devolvió el libro a la biblioteca.	她把书带回了图书馆。
06384	¡Necesitamos reglas!	我们需要尺子。
06385	Sé cómo se conduce un coche.	我知道怎么开车。
06386	La nieve empezará a caer mañana y continuará durante una semana.	雪从明天开始下，一直持续一个星期。
06387	¡Qué raro!	真奇怪。
06388	¿Qué dices? ¡No te entiendo!	你说什么？听不懂！
06389	¿Señor Crouch, qué estás haciendo?	Crouch 先生，你在做什么？
06390	Me gustaría verte antes de irme.	离开之前，我想见见你。
06391	Mi hijo nunca se come las espinacas.	我儿子从来不吃菠菜。
06392	Él es un niño muy inteligente.	他是个很聪明的孩子。
06393	Él estaba tieso del horror.	他吓得全身僵硬。
06394	Mi perro corre rápido.	我的狗跑得快。
06395	Quiero preguntarle cuál es su número de teléfono.	我想问他的电话号码是多少。 / 我想问他要电话号码。
06396	Un cuadrado tiene cuatro ángulos.	正方形有四个角。
06397	No puedo mirar esta pintura sin pensar en mi madre.	我无法看著这幅画而不想起我母亲。
06398	Estas pinturas son de tamaños distintos.	这些画的尺寸不一样。
06399	No puedo aprender finés porque no quiero vivir en Finlandia.	我不能学芬兰语，因为我不想住在芬兰。
06400	A muchos estudiantes les gusta estudiar en la mañana.	许多学生喜欢在早上学习。
06401	¿Es dulce o amargo?	是甜的还是苦的？
06402	Comencé a escribir un libro.	我开始写一本书。
06403	Una pelota de béisbol entró volando por la ventana.	一颗棒球从窗外飞了进来。
06404	El séptimo día de la semana es el domingo.	一个星期的第七天是星期日。
06405	La luna es bella en otoño.	秋天的月亮是美丽的。
06406	¡Cuidado! El auto casi te atropelló.	小心！车差点撞到你。
06407	No pueden hacer esto.	你们不能这么做。
06408	No confíes en nadie aquí.	你在这别相信任何人。
06409	A él le encantó el cambio.	他非常喜欢改变。
06410	Ella se fue en esa dirección.	她从这个方向离开。
06411	Ella se fue por ese camino.	她从那条路离开。
06412	Ella se fue para ese lado.	她从那边离开。
06413	No quiero perderte.	我不想失去你。
06414	Tom liberó al pájaro.	Tom将鸟放走。
06415	Él valoró el consejo del profesor.	他很重视老师的建议。
06416	Él era millonario hace mucho tiempo.	很久以前，他是一个百万富翁。
06417	Él no es el mismo de antes.	他和从前不一样。
06418	Él no distingue el bien del mal.	他无法分辨好坏。
06419	No te olvides de quién eres.	别忘了你是谁。
06420	Llegué a la casa y lo primero que hice fue quitarme los zapatos.	我到家后做的第一件事便是脱鞋。
06421	Llegué a la casa, me quité los zapatos y me acosté.	到家后，我便把鞋脱了，然后就寝。
06422	Me quité los zapatos y los tiré por la ventana.	我把鞋脱了，并丢出窗外。
06423	Tiré los zapatos por la ventana.	我把鞋丢出窗外。
06424	Metí mis zapatos debajo de la cama.	我把我的鞋放在床下。
06425	Me quité los zapatos y los metí debajo de la cama.	我把鞋脱了，然后将它们放在床下。
06426	Es un fantasma, y solo yo puedo hablar con él.	那是个幽灵，只有我能和它交谈。
06427	¡Hasta el domingo!	周日见！
06428	Algo anda mal con mi máquina de escribir.	我的打字机好像有什么问题。
06429	Mi madre se levanta más temprano que yo.	我妈妈比我早起。
06430	Hoy es jueves.	今天是星期四。
06431	¿Spot también fue?	Spot也去了吗？
06432	Tom quiere verte.	汤姆想见你。
06433	Tom era el hijastro de Mary.	汤姆是玛丽的继子。
06434	¿Qué me quieres decir?	你想对我说什么？
06435	Pasé una prueba de lenguaje.	我通过了一个语言的考试。
06436	Gracias por bailar conmigo.	谢谢你一起和我跳舞。
06437	¿Alguna vez has decorado tu casa para una fiesta?	在某一次节日中，你装饰过你的家吗？
06438	Pon el libro en el estante de más arriba.	把书放在最上面的架子上。
06439	Cada vez que te veo no puedo evitar pensar en tu madre.	我每次看到你都不禁想起你母亲来。
06440	John se levantó mucho antes que de costumbre.	约翰相比平时早起了好多。
06441	No hace falta que vengas a la oficina el sábado.	周六你没必要来办公室。
06442	John volvió al trabajo después de estar hospitalizado dos semanas.	John在住院两周后回去工作了。
06443	Y Tony era el mayor.	而托尼是年纪最大的。
06444	La ciencia hizo muchos progresos.	科学造就了许多进步。
06445	Esta frase es gramáticamente correcta, pero no se dice así.	这句话语法上说是对的，但是不这么说。
06446	Él acaba de comprarse un coche de segunda mano.	他刚买了辆二手汽车。
06447	He llegado a Nagoya esta mañana temprano.	我今天早上很早就到了名古屋。
06448	Ella tiene dos años más que tú.	她比你大两岁。
06449	¿Quieres comer fideos o arroz?	你要吃面条还是吃米饭？
06450	Anoche dormí ocho horas.	我昨晚睡了八个小时觉。
06451	No soporto vivir solo.	我无法忍受独居。
06452	Ellas fueron abandonadas por su madre.	她们被母亲抛弃了。
06453	Quiero más.	我想要更多。
06454	El sonido está muy alto.	声音很响。
06455	Claramente él mintió.	他明显撒谎了。
06456	Por favor, piénsalo.	请考虑一下。
06457	Te pido que lo pienses.	请考虑一下。
06458	El profesor me autorizó a irme temprano a casa.	老师允许我提前回家。
06459	Este sombrero es demasiado pequeño para mí.	这顶帽子对我来说太小了。
06460	Ella quiere más.	她想要更多。
06461	Duerme bien, Sean.	肖恩，安稳睡啊。
06462	La niña sentada por ahí es Nancy.	坐在那里的女孩是南希。
06463	Actualmente el Burj Khalifa es el rascacielo más alto del mundo.	目前哈里发塔是世界上最高的摩天大楼。
06464	Hablo un poco de gaélico escocés.	我会说一点儿苏格兰盖尔语。
06465	Ellos fueron a Tottori.	他们去了鸟取。
06466	Ellos realizaron el proyecto.	他们实现了那个计划。
06467	¡Levántate!	起来吧！
06468	Él volverá dentro de unos días.	他几天后就会回来。
06469	Vivo en la casa de mi tía.	我住在我姑姑家。
06470	Café, por favor, con crema y azúcar.	麻烦你，咖啡，加奶油和糖。
06471	Tom tiene pelo corto.	汤姆留短发。
06472	Un cuervo es negro como el carbón.	乌鸦就和碳一样黑。
06473	Tal vez él no sea feliz.	他可能不高兴。
06474	No trabajo sábados ni domingos.	我周六不工作，周日也不工作。
06475	Su padre no viene porque está demasiado ocupado.	她的爸爸不来因为太忙了。
06476	El idioma nativo de Julia es el italiano.	Julia的母语是义大利语。 / Julia的母语是意大利语。
06477	Había una vez un enano que vivía en el bosque.	从前有个侏儒住在森林里。
06478	Tengo que pasar este examen.	我必须通过这场考试。
06479	Ella es una empleada en el supermercado.	她在超市做秘书。
06480	Le prometí que hoy vendría.	我答应过他今天会来。
06481	Hoy está nevando.	今天下雪。
06482	Leer libros es interesante.	看书很有意思。
06483	Tom tiene los ojos azules.	汤姆的眼睛是蓝色的。
06484	Ella no tiene amigos de verdad.	她没有真朋友。
06485	No te preocupes, ella no entiende alemán.	别担心，她不懂德语。
06486	La sala de reuniones está ocupada en este momento.	会议室正在使用中。
06487	Ese coche rojo golpeó a la furgoneta azul.	那辆红色汽车撞到了蓝色面包车。
06488	Muchos estudiantes pobres reciben becas.	许多贫困的学生得到奖学金。
06489	Inglaterra y Escocia son vecinos.	英格兰与苏格兰相邻。
06490	¿Cómo os conocisteis vosotros dos?	你俩是怎么认识的？
06491	No quiero perder mi tren.	我不想错过我的火车。
06492	No quiero volver allí.	我不想再次去那儿。
06493	Me corté.	我切到自己了。
06494	Me encanta esta canción.	我爱这首歌。
06495	Ellos se compraron un auto nuevo.	他们买了一辆新车。
06496	¿Ella sigue durmiendo?	她还在睡吗？
06497	Estos datos son para mi tesis.	这些资料是给我论文用的。 / 这些是我论文用的资料。
06498	Llegué anteayer a Narita.	我前天到达成田市。
06499	Tomás es mi hermano.	托马斯是我哥哥。 / 托马斯是我弟弟。
06500	¡Es nuestro autobús!	是我们的大巴！ / 是我们的公共汽车。 / 是我们的公交车。
06501	Mi estación favorita es el otoño.	我最喜欢的季节是秋天。
06502	Él sabe cómo atrapar pájaros.	他知道如何捕鸟。
06503	¿Me puedo ir a casa ahora?	我现在可以回家吗？
06504	¿Cuándo fue la última vez que hiciste feliz a tu esposa?	你最后一次让你妻子开心是什么时候？
06505	¿Quién ha escrito esas dos cartas?	那两封信是谁写的？
06506	Me gusta esa persona.	我喜欢那个人。
06507	Nadas mejor que yo.	你游泳游得比我好。
06508	Tom y María llevan un sombrero marrón.	汤姆和玛丽都戴着褐色的帽子。
06509	Tienes que barrer el suelo.	你必须扫地。
06510	Tom no mencionó que había visto a Mary.	汤姆没有提到他看见了玛丽。
06511	Tengo que ir al hospital.	我需要去医院。
06512	Una hora tiene sesenta minutos, un minuto tiene sesenta segundos.	一个小时有六十分钟，一分钟有六十秒。
06513	A ella no le gusta correr.	她不喜欢跑步。
06514	No me gusta su forma de reír.	我不喜欢他笑的样子。
06515	Hoy en día mucha gente viaja en coche.	现在很多人开车去旅行。
06516	Tengo que arreglar el frigorífico.	我要修冰箱。
06517	Él tiene cerca de sesenta años.	他年近六十。
06518	Tom no sabe si vendrá María.	汤姆不知道玛丽会不会来。
06519	Nuestra casa tiene tres dormitorios.	我们家有三个卧室。
06520	Mi amigo es vegetariano, pero yo no le he dicho que la sopa lleva carne.	我的朋友是吃素的，可是我没有告诉他汤里有肉。
06521	Coge cualquier cosa que desees.	你喜欢什么就拿吧。
06522	¡Por fin he conseguido trabajo!	我终于找到工作了。
06523	Hace demasiado frío para bañarse en el mar.	这天气在海里游泳太冷了。
06524	Muchos asiáticos tienen intolerancia a la lactosa.	许多亚洲人有乳糖不耐症。
06525	El profesor Wang nos enseña chino.	王老师教我们汉语。
06526	Estoy escuchando música.	我正在听音乐。
06527	Tom tiene docenas de amantes.	汤姆有几十个情人。
06528	¿A qué hora dice que viene?	他说他什么时候会来？
06529	¿Qué zapatos te vas a poner?	你将穿哪双鞋？
06530	Sabes dónde está el problema.	你知道问题在哪里。
06531	Bienvenido a nuestra casa.	欢迎来到我们家。
06532	Antonio tenía las piernas agarrotadas tras pasarse seis horas de pie.	Antonio站了六个小时后，腿变得僵硬。
06533	Su inglés es mejor que el mío.	她的英文比我好。
06534	La lengua materna de Julia es el italiano.	Julia的母语是意大利语。
06535	No se puede confiar en lo que ella dice.	不能相信她说的话。
06536	No os necesitamos.	我们不需要你们。
06537	Ella no tiene billete.	她没有票。
06538	Estudiaré inglés en casa.	我将在家学习英语。
06539	¡Cuánto tiempo sin verte! ¿Cómo estás?	好久不见。你怎么样？
06540	Estudio inglés en casa.	我在家学习英语。
06541	No sois perros.	你们不是狗。
06542	Él sabe leer en chino.	他看得懂中文。
06543	¿Qué tal si esta noche cenamos fuera?	今晚出去吃怎么样？
06544	Me gusta tener muchas cosas que hacer.	我喜欢有很多事情做。
06545	¿Puedes conducir un poco más despacio?	你可以开慢一点吗？
06546	Si dices "yo te quiero", yo también te diré estas tres palabras.	如果你说：“我爱你。”我也会对你说这三个字。
06547	Mi tío vivió en el extranjero durante muchos años.	我叔叔住在国外很多年了。
06548	Alí es una buena persona.	阿里是个好人。
06549	Necesito un ordenador nuevo.	我需要有台新电脑。
06550	¡Estoy lleno!	我吃饱了！
06551	¡Estoy llena!	我吃饱了！
06552	Mi abuelo suele desayunar a las seis.	我的祖父通常在六点钟吃早餐。
06553	Si no comemos, nos morimos.	如果我们不吃，就会死。
06554	Ella habla tres lenguas.	她会讲三种语言。
06555	A él le gustan los deportes, y también la música.	他喜欢运动，也喜欢音乐。
06556	Esa es nuestra escuela.	那是我们的学校。
06557	Él no sabe por qué le ha dejado su mujer.	他不知道为什么他的妻子要离开他。
06558	Disculpe, ¿podría decirme cómo se va a Dashijie?	请问去大世界怎么走？
06559	Ayer se fue a Londres.	她昨天离开去伦敦。
06560	¿Hay algo que quiera decir?	您有什么事要说吗？
06561	¿Me puede decir su apellido?	您可不可以告诉我您贵姓？
06562	¿Ella sabe montar en bicicleta?	她会骑自行车吗？
06563	Yo llevaba puesto un abrigo porque esta mañana hacía frío.	我穿了件外套，因为今天早上有点冷。
06564	El islam llegó por primera vez a China más o menos a mitad del siglo VII.	伊斯兰教大约在七世纪中传到中国。
06565	Las principales religiones de China son el taoísmo, el budismo, el islam y el cristianismo.	中国重要的宗教是道教、佛教、伊斯兰教和基督教。
06566	A él le gusta ir a pasear solo.	他喜欢独自一人散步。
06567	Tuvimos que quedarnos en casa por causa de la tormenta.	因为暴风雨的关系，所以我们必须待在家里。
06568	Quiero vivir en la ciudad.	我想住在城市。
06569	Ahora estoy en Pekín.	我现在在北京。
06570	¿Sabes lo que están diciendo?	你知道他们在说甚么吗？
06571	Soy un perro.	我是一只狗。
06572	Este libro es difícil de leer.	这本书很难读。
06573	Ella salió hace una hora, así que ya debe de haber llegado.	她是在一个小时前出发的，所以现在应该已经到了。
06574	Nunca he ido a Alemania.	我从来没有去过德国。
06575	Todo el mundo puede hacerlo.	每个人都能做。
06576	Mi padre se fue a los Estados Unidos.	我爸去了美国。
06577	Usted es una buena persona.	您是一个好人。
06578	Necesito cargar mi móvil.	我需要给手机充电。
06579	Claro que sí.	当然是的。
06580	No puedo encontrar ningún fallo en su teoría.	我在他的理论中找不到任何问题。
06581	Llegué a la estación de tren.	我到火车站了。
06582	Ven a disfrutar los rayos del sol.	来这享受阳光吧。
06583	No podía estar más de acuerdo contigo.	我非常同意你。
06584	¿Y tu hermana?	你的妹妹呢？ / 你的姐姐呢？
06585	Nunca la he oído decir "no".	我从来没听过她说‘不’。
06586	Ahora quiero beber algo helado.	我想现在喝冷的东西。
06587	Mi hermano menor nada todos los días en verano.	我弟弟夏天的时候每天都会去游泳。
06588	La guerra duró cuatro años.	战争持续了四年。
06589	A veces es necesario no decir la verdad.	有时候，不说出真相是必要的。
06590	No me gusto a mí mismo.	我不喜欢自己。
06591	¿Eres universitario?	你是大学生吗？
06592	Todos ellos son universitarios.	他们都是大学生。
06593	Yo aprecio mi niñez.	我很怀念我的童年。
06594	Ese hombre es francés. ¿Tú y tu hermana también lo sois?	那个人是法国人。你和你的姐姐也是吗？
06595	Alice no me gusta.	我不喜欢爱丽丝。
06596	Tom nunca ha llegado a tiempo.	汤姆从来都没有准时过。
06597	Me acuerdo de esta palabra.	我记得这个单词。
06598	Ken va a nadar día tras día.	肯每天去游泳。
06599	Debemos elegir entre la muerte y la sumisión.	我们要选择是死亡还是臣服。
06600	¿Bebes té verde?	你喝绿茶吗？
06601	Está armado hasta los dientes.	他武装到牙齿。
06602	Es un error.	这个不对。
06603	Tom debe estar furioso con Mary.	Tom应该是对Mary感到愤怒不已。
06604	Tom necesita la ayuda de Mary.	汤姆需要玛丽的帮助。
06605	Tom sale a caminar cada mañana.	Tom每天早上去散步。
06606	Tuve que caminar porque no había taxis.	我只能走路，因为打不到出租车。
06607	Dile adónde debería ir.	告诉他该去哪儿。
06608	¿Puede ayudarme?	您可以帮我一下吗？
06609	¿Qué oigo?	我听到了什么？
06610	Ella habla muy bien inglés.	她的英语说的很好。
06611	Todos los que le conocen le quieren.	认识他的人都爱他。
06612	¿Por qué no me miras a los ojos mientras hablamos?	我们交谈的时候，为什么你不看着我的眼睛？
06613	¿Puedes responder?	你能回答吗？
06614	Tengo un hogar.	我有一个家。
06615	No cuelo nunca el café.	我从不过滤咖啡。
06616	¿Tu amigo habla esperanto?	你朋友会说世界语吗？
06617	¿Quién te ha contado esta historia?	谁告诉你这个故事？
06618	La isla de Taiwán tiene un área de treinta y seis mil kilómetros cuadrados.	台湾岛的面积是三万六千平方公里。
06619	Sale.	好。
06620	No es un cerdo, sino un mono.	那不是猪，而是猴子。
06621	¿Tú padre vuelve a casa temprano?	你爸爸很早回家吗？
06622	Su nariz parece una patata.	他的鼻子看起来像土豆。
06623	Mamá, ¿por qué no tengo ningún tío con barba?	妈妈，为什么我没有长胡子的舅舅呢？
06624	Mamá, ¿por qué ninguno de mis tíos tiene barba?	妈妈，为什么我没有长胡子的舅舅呢？
06625	Tienes que hablar con Tom.	你必须和汤姆谈谈。
06626	Pienso que es una mujer honesta.	我认为她是一个诚实的女人。
06627	¡Repítelo, por favor!	请再说一遍!
06628	¡Dilo otra vez, por favor!	请再说一遍!
06629	En este mundo hay muchas paredes y cadenas que no se pueden ver.	这个世界上有许多看不见的墙和看不见的牢笼。
06630	Soy una buena persona.	我是一个好人。
06631	Por favor, espera aquí un poco.	请在这儿等一会儿。
06632	¿Cuánto tiempo estuviste enfermo?	你病了多久了？
06633	¿A qué hora cerráis?	你们几点关门？
06634	Tengo una molestia en el ojo derecho.	我的右眼不太舒服。
06635	La radio se ha roto.	收音机坏了。
06636	La radio está rota.	收音机坏了。
06637	Dicen que es un hombre muy capaz.	他们说他是一个很能干的人。
06638	Taninna va a estudiar a la biblioteca todos los días.	Taninna 每天都去图书馆学习。
06639	Tom y Ken juegan al tenis todas las tardes.	汤姆和肯每天下午都打网球。
06640	A muchos estudiantes les gusta estudiar por la mañana.	许多学生喜欢在早上学习。
06641	Creo que será fácil hacer esto.	我相信做这件事会很容易。
06642	En nuestra casa hay dos gatos: uno blanco y otro negro.	我们家有两只猫：一只白猫，一只黑猫。
06643	¿Dónde está María?	玛丽在哪里？
06644	Estos días has trabajado mucho. ¿No estás cansado?	这些天你工作太多了。你不累吗？
06645	Estos días has trabajado mucho. ¿No estás cansada?	这些天你工作太多了。你不累吗？
06646	No quiero ir allí otra vez.	我不想再次去那儿。
06647	¿Antes te gustaba?	你以前喜欢吗？
06648	Ella se olvidó de escribirle una carta.	她忘了写信给他。
06649	Deberías darle las gracias.	你应该感谢他。
06650	Deberías agradecérselo.	你应该感谢他。
06651	Los echo de menos.	我想念他们。
06652	Él la estuvo buscando durante cinco horas.	他找了她五个小时。
06653	Chino, ¿por qué no te enfadas?	中国人，你为什么不生气？
06654	Cogiste la llave equivocada.	你拿错钥匙了。
06655	Todavía no me he lavado la cabeza.	我还没有洗头。
06656	Mi madre no se levanta nunca pronto.	我的母亲从不早起来。
06657	¿Te has casado o no?	你结婚了或没结婚？
06658	Hoy he ido a comprar ropa.	我今天去买衣服了。
06659	¿A qué hora llegas mañana?	明天什么时候到？
06660	¿Tienes clase también por la noche?	晚上你还有课吗？
06661	¿Usted estudia todos los días?	您每天都读书吗？
06662	¿Estudiáis todos los días?	你们每天都读书吗？
06663	Este libro es demasiado difícil para mí.	这本书对于我来说太难了。
06664	Vámonos a casa.	让我们回家吧。
06665	Ya hace mucho tiempo que él no les escribe.	他已经很久没给他们写信了。
06666	Tom sabe nadar muy bien.	汤姆会游泳，游得很好。
06667	Me gusta mucho viajar al extranjero.	我很喜欢去国外旅游。
06668	Que no se te olvide devolverme la llamada.	别忘记给我回电话。
06669	Ella quiere mucho a sus hijos.	她爱她的孩子。
06670	Ella y yo somos compañeros de clase.	她和我是同学。
06671	Ayer hizo muy buen tiempo.	昨天天气非常好。
06672	Como pan.	我吃面包。
06673	Esta es mi segunda frase en alemán.	这是我的第二句德语句子。
06674	Leí todos tus libros.	你所有的书我都看过了。
06675	Vendí todas mis casas.	我把我所有的房子都卖了。
06676	¿Cuánto dinero gastaste en total?	你一共花了多少钱？
06677	El que se acuesta pronto y se levanta pronto tiene buena salud.	早睡早起身体好。
06678	Tom era el único que sabía prender fuego sin fósforos.	汤姆是唯一不用火柴就生得了火的人。
06679	Él canta mientras trabaja.	他一边唱歌一边工作。
06680	Nos alegramos de volver a verte.	我们很高兴再次见到你。
06681	Tom estaba seguro de que María no sabía conducir un auto.	汤姆肯定玛丽娅不会开车。
06682	Papá nos llevó ayer al zoo.	爸爸昨天带了我们去动物园。
06683	Le gusta leer el periódico.	他喜欢看报纸。
06684	¡Es muy alto!	他好高啊！
06685	Ocurrió hace muchos años.	这事发生在很多年以前。
06686	Estoy acostumbrado a irme a dormir tarde.	我习惯晚睡。
06687	Está empezando a caerme mal.	我开始不喜欢她了。
06688	El año que viene tendré 17 años.	我明年17岁。
06689	Anoche me acosté tarde.	我昨晚睡得晚。
06690	¡Vete! ¡No quiero hablar contigo!	出去！我不想跟你说！
06691	Tom le preguntó a Mary si sabía el nuevo número de teléfono de John.	汤姆问玛丽是否知道琼的新电话号码。
06692	Tom y Mary son íntimos amigos.	Tom和Mary是亲密的朋友。
06693	Estaba escribiendo una larga carta.	他在写一封长信。
06694	Te veo la semana que viene.	下星期见.
06695	Nuestra casa tiene siete habitaciones, entre las cuales una es la cocina.	我们家有七间房间，其中一间是厨房。
06696	¿Conoces esta canción?	你知道这首歌吗？ / 知道这首歌吗？
06697	Él quiere ir a África.	他想要去非洲。
06698	El mundo se parece a un libro, las personas que no viajan solo leen una página.	世界就像一本书，不旅游的人只读了一页。
06699	Nadie te obligó a ayudarme.	没有人强迫你帮我。
06700	Armenia es un país montañoso.	亚美尼亚是一个多山的国家。
06701	Me gusta tu camión.	我喜欢你的卡车。
06702	Me gusta tu música.	我喜欢你的音乐。
06703	Algunos niños están jugando en la hierba.	有些小孩在草地上玩。
06704	¿Cuántas veces has ido a Europa?	你去过欧洲几次？
06705	¿Podemos salvar el planeta?	我们能拯救这颗星球吗？
06706	¿Hizo frío ayer?	昨天天气冷吗？
06707	¿Está lloviendo?	下雨吗？
06708	Le gustan los animales.	他喜欢动物。
06709	Mi tío me obsequió el reloj.	我叔叔给了我这支表。
06710	Encontró por casualidad la cámara que había perdido.	我无意间找到从前弄丢的相机。
06711	La niña está comprando leche en el supermercado.	这个女孩在超市买牛奶。
06712	No tengo ganas de dormir, así que todavía estoy estudiando.	我还不想睡觉，所以我还在看书。
06713	Claro que habla inglés.	她当然会讲英语。
06714	Es profesor de inglés.	他是英语老师。
06715	Le gustan mucho las mujeres hermosas.	他非常喜欢漂亮的女人。
06716	Deja que te ayude, parece que tu bolsa pesa mucho.	让我来帮你吧。你的包看起来很重。
06717	Me gusta tu café.	我喜欢你的咖啡。
06718	Me gusta vuestra ciudad.	我喜欢你们的城市。
06719	Me gusta tu habitación.	我喜欢你的房间。
06720	Estudié chino en Pekín.	我是在北京学习的中文。
06721	¿Nací en mayo?	我是不是五月出生的？
06722	Él parece estar enfermo.	他好像病了。
06723	El zoo de nuestra ciudad es grande y nuevo.	我们城市的动物园又大又新。
06724	¿Quieres ir a nadar?	你想去游泳吗?
06725	Esta medicina te ayudará.	这个药会帮助你。
06726	Deberías haber venido ayer.	你昨天应该来的。
06727	Yumi estudió inglés ayer por la noche.	由美昨晚读英语。
06728	¿Por la tarde estás libre?	你下午有空吗?
06729	Todos están aquí menos él.	除了他每个人都在这里。
06730	Todos están aquí excepto él.	除了他每个人都在这里。
06731	¿Has limpiado tu habitación?	你打扫你的房间了吗？
06732	Él me ha comprado un diccionario nuevo.	他买给我一本新字典。
06733	¿Has ido alguna vez a París?	你去过巴黎吗？
06734	Lo que más me gusta es el verano.	我最喜欢夏天。
06735	¿Ayer fuiste a la escuela?	你昨天去上学了吗？
06736	No deberías ir solo.	你不应该一个人去。
06737	No deberías ir sola.	你不应该一个人去。
06738	Él quiere ayudar a otras personas.	他愿意帮助别人。
06739	Hizo una silla para su hijo.	他做了一把椅子给他儿子。
06740	Le hizo una silla a su hijo.	他做了一把椅子给他儿子。
06741	Acabo de volver de Inglaterra.	我刚从英国回来。
06742	A menudo juego al tenis con ella.	我常常和她打网球。
06743	Volverá sobre las cinco.	他五点左右会回来。
06744	Bob dijo a su amigo: "El pájaro está muerto."	鲍伯对他的朋友说：「小鸟死了。」
06745	Este cubo tiene un agujero.	这个桶有个洞。
06746	Tengo que volver al despacho.	我必须回办公室。
06747	Me gustaría oírte tocar el piano.	我想听你弹钢琴。
06748	Quiero probarme esta ropa.	我想试穿这件衣服。
06749	¿Cuántos países hay en África?	非洲有几个国家？
06750	¿Cuántas sílabas tiene esta palabra?	这个词有多少个音节？
06751	¿Por qué estudias inglés?	你为什么学英文？
06752	¿Cuántas lunas tiene Júpiter?	木星有几个卫星？
06753	¿Cuándo he mentido?	我什么时候说谎了?
06754	Me bajo en la próxima parada.	我在下一站下车。
06755	Ya has hecho lo que tenías que hacer.	你已经做了你该做的事。
06756	Mi casa está junto al mar.	我的房子在海边。
06757	Cuando volví a casa, mi hermana estaba tocando la guitarra.	我回到家时，我姊姊在弹吉他。
06758	Tengo un hermano mayor que vive en Kioto.	我有个住在京都的哥哥。
06759	Tráeme una toalla.	帮我拿一条毛巾来。
06760	¿Cuánto tiempo necesitaste para traducir este libro?	你用了多少时间来翻译这本书？
06761	Él me dio todo el dinero que tenía.	他把他所有的钱都给了我。
06762	¿Jugaste béisbol ayer?	你昨天打棒球了没有？
06763	¿Dónde trabaja él?	他在哪里工作？
06764	Donde sea que viva, ella siempre disfruta de sus alrededores.	无论在哪里生活, 她总是很喜欢她的生活环境。
06765	Conozco su verdadero nombre y sé dónde vive.	我知道他的真名，还知道他住哪里。
06766	Pagaré mis deudas tan pronto como sea posible.	我会尽快偿还我的债务。
06767	Él tiene 12 hijos.	他有12个孩子。
06768	¿Va a decirme la verdad?	他会告诉我真想吗？
06769	Marte es el "Planeta Rojo".	火星是「红色的行星」。
06770	Visité la casa en que nació Shakespeare.	我去参观了莎士比亚的故居。
06771	Ella fue de una tienda a otra.	她从一家店去了另一家店。
06772	¿Te comiste tus espinacas?	你把你的菠菜吃掉了吗？
06773	¿Quieres comer ahora o más tarde?	你想现在吃还是晚点吃？
06774	¿Cuántos cuencos de arroz te comiste?	你吃了几碗饭？
06775	Esta noche tengo que cenar con mi jefe.	今晚我要和我的老板吃饭。
06776	Ya he comido.	我已经吃过午饭了。
06777	¿Ella te enseñó la foto?	她给你看过照片了吗?
06778	¿Conoces su nombre?	你知道他的名字吗？
06779	Sabemos quiénes son.	我们知道他们是谁。
06780	Ella está en la cocina.	她在厨房。
06781	Nunca he tomado comida china.	我从来没有吃过中菜。
06782	¿Cuál es la próxima parada?	下一站是什么地方？
06783	Él no tiene móvil.	他没有手机。
06784	Es un bonito cuadro.	是一幅漂亮的画。
06785	Él y yo somos profesores.	他和我是老师.
06786	¡Siempre te estás quejando!	你总是在抱怨！
06787	Ahora son un cuarto para las tres.	现在是两点四十五分。
06788	Deberías dejar de fumar, porque no es saludable.	你应该戒烟，因为不健康。
06789	¿Por qué ustedes dos siempre están peleando?	为何两位总是在打架？
06790	¿Pueden hablar las plantas?	植物能说话吗？
06791	Este es un huevo de gallina.	这是个鸡蛋。
06792	Cedió su asiento a una anciana.	他把座位让给了一个老婆婆。
06793	Dormimos abrazados.	我们相拥而睡。
06794	No voy a lastimarte.	我不会伤害你。
06795	No me estás escuchando.	你没在听我说话。
06796	Él siempre se queja.	他总是抱怨。
06797	Solo es una broma.	这只是一个玩笑。
06798	Todavía no he acabado de leer este libro.	我还没有看完这本书。
06799	Ayúdame a pelar patatas.	帮我削一下土豆。
06800	¿Queda aún algún asiento disponible?	还剩座位吗？
06801	Di patata.	说“茄子”。
06802	Decid patata.	说“茄子”。
06803	¿Puedo probármelo?	我能试试吗？
06804	Es obvio que está enferma.	她一看就是生病了的。
06805	En caso de que se me olvide, por favor, recuérdamelo.	如果我忘记了请提醒我。
06806	Ella abrió la carta rápidamente.	她很快地打开了信。
06807	¿Cuándo llegó usted a China?	您什么时候来到中国的？
06808	¿Tu idea y la de ella se diferencian en algo?	你的想法和她的想法有甚么不同吗？
06809	¿Tu idea y la suya se diferencian en algo?	你的想法和她的想法有甚么不同吗？
06810	Cada cierto tiempo se paraba y miraba a su alrededor.	每隔一定的时间，他就会停下来，环顾四周。
06811	¿Me podrías despertar mañana a la misma hora?	你明天可以在同样的时间叫醒我吗？
06812	Amo a mi hijo.	我爱我的儿子。
06813	Me quiero ir a casa.	我要回家。
06814	Él prometió no mentir nunca más.	他保证不再撒谎。
06815	¿Te gusta el béisbol?	你喜欢棒球吗？
06816	Tengo algunos buenos amigos.	我有几个好朋友。
06817	Ella dejó los estudios.	她放弃了学业。
06818	He esperado una hora entera a mi amigo.	我等了我朋友整整一个小时。
06819	El pescado sabía a salmón.	这鱼吃著像三文鱼。 / 这鱼吃著像鲑鱼。
06820	Ella no me gusta especialmente.	我特别不喜欢她。
06821	¿Adónde quieres ir primero?	你想先去哪里?
06822	Él guardó silencio durante toda la interrogación.	他在讯问时全程保持沉默。
06823	Lamento haberle herido.	很抱歉我伤害了你。
06824	Todo individuo tiene derecho a la vida, la libertad y la seguridad de su persona.	所有个体都享有自身生活、自由和安全的权利。
06825	Él va a menudo a pie al colegio.	他常常走路去学校。
06826	¡Qué bien!	很好！
06827	El primer día de la semana es lunes.	星期的第一天是星期一。
06828	Al fin llegó la carta que estaba esperando.	他等的那封信终于到了。
06829	Quiere vivir en la ciudad.	她想住在城市里。
06830	¿Estabas llorando?	你在哭吗？
06831	¿Estabais llorando?	你们在哭吗？
06832	No era lo suficientemente rápido.	还不够快。
06833	No estés nervioso.	别紧张。
06834	Ella quiere el divorcio.	她想离婚。
06835	Quiero a mi hija.	我爱我的女儿。
06836	¿Qué hay de malo en lo que hacemos?	我们做的有什么问题？
06837	Aquí el pescado se vende por libra.	鱼在这里是以磅为单位来出售。
06838	¡Bienvenida de vuelta! ¡Te extrañamos!	欢迎回来。我们想你了!
06839	Ven pasado mañana.	后天来。
06840	Ayer cumplí diecisiete años.	昨天是我17岁生日。
06841	¡Eso debe de ser una tarta de cumpleaños!	它一定是个生日蛋糕。
06842	¿Qué es mejor que la amistad?	什么东西比友谊还好？
06843	Perdí mi gorra.	我把帽子弄丢了。
06844	Debería hacerte un examen vaginal.	你应该做个阴道检查。
06845	Juan no sabe que María es su hija.	胡安不知道玛丽亚是他的女儿。
06846	La palabra viene del griego.	这个词源自于希腊语。
06847	Es incorrecto.	不对。
06848	Solo somos amigos.	我们只是朋友。
06849	Tom se pasó la mejor parte del día escribiendo un artículo para una revista local.	Tom用一天中最美好的时间为当地的杂志写了篇文章。
06850	Quiero ser rica.	我想变有钱。
06851	Estoy bastante cómodo en esta habitación.	在这个房间里我很舒服。
06852	No hace falta ser lingüista para constatar que este bebé aún no sabe hablar.	不需要是语言学家也能断定这个孩子还不会说话。
06853	Él sabe hablar diez lenguas.	他会讲十门语言。
06854	Él sabe hablar inglés y francés.	他会说英语和法语。
06855	El fuego siempre es peligroso.	火是非常危险的。
06856	Mi hijo está casado con su secretaria.	我的儿子和他的秘书订婚了。
06857	Jack sabe hablar francés.	Jack会说法语。
06858	Cuando él era niño, su ambición era ser profesor de inglés.	他小时候的理想是当一名英语老师。
06859	Berna es la capital de Suiza.	伯恩是瑞士首都。
06860	Él apagó la luz.	他关上了灯。
06861	¿Él sabe hablar francés?	他会说法语吗？
06862	Empecé a estudiar esperanto.	我开始学习世界语了。
06863	¿De verdad está apagado el horno?	烤箱真的关了吗？
06864	¿Cómo se puede ser exitoso sin una buena educación?	要是你没有接受好的教育，怎么能成功呢？
06865	Ellos tienen hambre.	他们饿了。
06866	Yo no hablo japonés.	我不说日语。
06867	Ayer fui a la escuela.	我昨天去了学校。
06868	Me preguntó si yo estaba ocupado.	他问我是否很忙。
06869	Me ha mentido, por eso estoy enfadada con él.	他对我说了谎，这就是为什么我生他的气了。
06870	No he ido nunca a Nueva York, ni mi hermana pequeña tampoco.	我从没去过纽约，我妹妹也没有。
06871	Te estás quedando un poco calvo por la coronilla.	你有点秃顶了。
06872	Los preservativos ofrecen protección contra las enfermedades de transmisión sexual.	避孕套可以预防性传播疾病。
06873	¡Brr! ¡Realmente hace frío!	噗！真冷！
06874	¿Dónde te quitaste los zapatos?	你的鞋脱哪儿了？
06875	¿Te pondrás este kimono?	你会穿这件和服吗？
06876	¿Quién te enseña francés?	谁教你法语？
06877	La prostitución es legal en Alemania.	在德国，卖淫是合法的。
06878	De verdad no lo sé.	我真的不知道。
06879	No es mía.	不是我的。
06880	El salmón pone sus huevos en agua dulce.	三文鱼在淡水中产卵。 / 鲑鱼在淡水中产卵。
06881	Sos mi héroe.	你是我的英雄。
06882	Ahí es donde vimos a Tom el año pasado.	那是我们去年见到汤姆的地方。
06883	Te estás quedando un poco calvo por la zona de la coronilla.	你有点秃顶了。
06884	¡Qué interesante!	真有意思！
06885	Él es mi marido.	他是我老公。
06886	Todavía estás comiendo.	你还在吃。
06887	¿Cuál es tu sexo?	你的性别是什么？
06888	Esta escoba no barre bien.	这个扫把不好扫。
06889	¿Usaste preservativo?	你用了避孕套吗？
06890	Este helado no sabe a fresa.	这个冰淇淋不是草莓味的。
06891	No me gusta usar consoladores, prefiero las pollas de verdad.	我不喜欢假阳具，我更偏爱真的𣬠𣬶。
06892	Mi mamá me compró una falda nueva.	我妈妈给我买了一条新裙子。
06893	Cuando te vayas a correr dímelo.	你去跑步的时候叫我一声。
06894	Me gusta masturbarme oliendo las bragas de mi novia.	我喜欢闻著我女友的内裤自慰。
06895	Siempre hemos sido muy buenos follamigos.	我们一直是很好的炮友。
06896	Al final me gané la follamistad de aquella chica.	最后我成功和那个女孩成为了炮友关系。
06897	Es un libro cojonudo.	是一本非常出色的书。
06898	No soy gay, pero me gusta masturbarme con hombres.	我不是同性恋，但是我喜欢和男的一起自慰。
06899	Me cuesta creerlo.	我很难相信。
06900	Se le sale un huevo por los calzoncillos.	他从内裤中漏出了一个蛋蛋。
06901	Mi hija venía a verme con frecuencia.	我女儿常来看我。
06902	Ella lleva diez años casada con él.	她嫁给他十年了。
06903	Él lleva diez años casado con él.	他和她结婚十年了。
06904	Me encanta tomar sopa caliente.	我爱喝热汤。
06905	He oído esta historia decenas de veces.	这个故事我听了几十次了。
06906	Manuel, que es ateo, se rehusó a ir a la misa del séptimo día del amigo fallecido.	Manuel因为是无神论者，所以拒绝参加逝世朋友的第七天弥撒。
06907	Bien hecho.	辛苦了。
06908	Se nos acabó el agua.	我们的水喝完了。
06909	Ellos están oyendo la radio.	他们在听收音机。
06910	No oigo nada.	我什么都听不见。
06911	Yo preparo la cena.	我准备晚餐。
06912	Le he visto a veces en la televisión.	我有时在电视上看到他。
06913	No está mal esta idea.	这想法不错。
06914	Quiero ver a tu hermana.	我想见你的姐姐。
06915	Lo hizo por sí mismo.	是他自己做的。
06916	No, ese no es mi nuevo novio.	不，那不是我的新男朋友。
06917	Ella es igual de guapa que su madre.	她跟她妈妈一样漂亮。
06918	¿Por qué no puede jugar hoy al tenis?	为什么他今天不能打网球呢？
06919	No sé hablar japonés.	我不会说日语。
06920	Pienso que tienes mucha razón.	我认为你说得很对。
06921	No necesitas ir al dentista.	你不需要去看牙医。
06922	Sé que antes había una gran iglesia aquí.	我知道这里以前有个大教堂。
06923	¿Piensas que estoy loco?	你认为我疯了吗？
06924	¿Crees que estoy loca?	你认为我疯了吗？
06925	Ya he terminado de escribir la carta.	我已经写完信了。
06926	Me gustan más los gatos que los perros.	与狗相比，我更喜欢猫。 / 较之于狗，我更喜欢猫。
06927	Ellos se opusieron a la teoría de la evolución de Darwin.	他们反对达尔文的进化论。
06928	No podéis confiar en Tom.	你们不能相信汤姆。
06929	En el plato había un trozo de pollo, una patata y algunos guisantes.	在盘子里有一块鸡肉、一个土豆和一些豌豆。
06930	Aquí solo venden zapatos de mujer.	这里只卖女鞋。
06931	Quiero comerme un libro.	我要吃一本书。
06932	Todas las personas pueden encontrar a su media naranja.	每个人都可以找到他的另一半 。
06933	Todas las personas pueden encontrar a su otra mitad.	每个人都可以找到他的另一半 。
06934	Hoy no tenemos que ir a la escuela.	我们今天不用上学。
06935	Tienes que irte a la cama, apaga la radio.	你该上床了。把收音机关了。
06936	Suena muy interesante.	听起来很有趣。
06937	Hoy no tienes que estudiar.	你今天不必读书。
06938	Ha pasado lo que él dijo que pasaría.	他说会发生的事情已经发生了。
06939	Lo que dijo que pasaría ya ha pasado.	他说会发生的事情已经发生了。
06940	Puedo entender un poco, pero no lo hablo.	能听懂一点儿，但是不会讲。
06941	Su compleaños es el veintiuno de agosto.	他的生日是八月二十一日。
06942	Esta tarde, Mike ha llegado tarde a la reunión, lo cual sucede con frecuencia.	麦克今天下午的会议迟到了，这是常有的事。
06943	Ya he terminado el trabajo.	我已经完成了这项工作。
06944	Esperaré a que venga ella.	我会等到她来。
06945	Él quiere venir con nosotros.	他想和我们一起来。
06946	¿A qué hora sale de clase?	您几点下课？
06947	Allan es un poeta.	阿伦是诗人。
06948	¿Estabas en Estados Unidos el mes pasado?	你上个月在美国吗?
06949	Anoche estaba muy cansado.	我昨晚很累了。
06950	Anoche estaba muy cansada.	我昨晚很累了。
06951	¿Qué tiempo hace?	天气怎么样？
06952	Ella es tan inteligente como bonita.	她不但漂亮，而且聪明。
06953	Tony habla inglés igual de bien que tú.	汤尼英语说得和你一样好。 / 托尼的英语和你说得一样好。
06954	Nueva York es la ciudad más grande del mundo.	纽约是世界上最大的城市。
06955	El budismo viene de la India.	佛教来自印度。
06956	Él es tres años más joven que mi papá.	他比爸爸年轻三岁。
06957	Él siempre le da regalos a su esposa.	他一直会给他妻子送礼物。
06958	Espero que comprendas.	我希望你能明白。
06959	¿Estás levantado?	你起床了吗？ / 你起了吗？
06960	Mi país está lejos de Japón.	我的国家离日本很远。
06961	Había un puente allí.	那里曾有一座桥。
06962	Supongamos que este señor ha cometido un error.	让我们来假设，这位先生犯了一个错误。
06963	Si tienes una pregunta, por favor alza tu mano derecha.	如果有问题，请举起你的右手。
06964	Sin aire, el hombre no puede existir.	没有空气，人无法存在。
06965	No olvides madar esta carta por correo.	别忘了把这封信寄了。
06966	Si Bob hubiera seguido mi consejo, todo estaría en orden ahora.	如果Bob 听从了我的忠告，一切都还应该好好的。
06967	Ella es rica pero infeliz.	她很有钱却很不幸。
06968	Aparte de algo de fruta, él no ha comido nada.	除了水果，他什么都没吃。
06969	Tendrás tres relaciones antes de que encuentres a tu verdadera alma gemela.	要经历三段感情才能遇到真命天子。
06970	Si lo comprendes, entonces hazlo correctamente.	懂了就正确做。
06971	Esto es difícil de creer.	这让人难以置信。
06972	Él es el líder de la próxima generación.	他是下一代人的领袖。
06973	Ya nadie me deja divertirme.	已经没有人能逗乐我。
06974	Mi madre es una buena mujer.	我妈妈是个好女人。
06975	Mi nombre es Hopkins.	我的名字叫Hopkins。 / 我的名字叫霍普金斯。
06976	Dime, ¿quién es esta joven?	告诉我，这个年轻人是谁？
06977	No soy tu madre.	我不是你的妈妈。
06978	Compré este libro para mí, no para mi esposa.	这本书我是买给自己的，不是买给老婆的。
06979	Encontré dónde comprar fruta barata.	我找到一个买水果很便宜的地方。
06980	¿Por qué no me dijiste antes?	你为什么没有提前跟我说。
06981	Ayer te vi.	我昨天看见你了。
06982	El camino va paralelo al río.	这条路与河流平行。
06983	Es una noticia de gran importancia.	这是一个很重要的消息。 / 这是一个很重要的新闻。
06984	Mi hermano durmió en el jardín.	我的兄弟在花园睡了一觉。
06985	Los elefantes son animales enormes.	大象是巨大的动物。
06986	Él no es más tonto que tú.	他不比你傻。
06987	Te ayudaré a buscar un buen médico.	我会帮你找个好医生。
06988	Él tiene muchas ganas de tener una bicicleta.	他非常想要一辆自行车。
06989	Me robó mi reloj nuevo.	他偷了我的新手表。
06990	Ella le mató con un cuchillo.	她用一把刀杀死了他。
06991	Todos los días hago deporte durante una hora.	我每天运动一小时。
06992	¿Quiénes son ellos?	他们是谁？
06993	Se me olvidó su nombre.	我忘记了他的名字。
06994	Este libro no es mío, sino de mi hermano.	这本书不是我的, 而是我哥哥的。
06995	Él está en casa.	他在家里。
06996	Todos saben que eres rico.	都知道你很有钱。
06997	São Paulo es al mismo tiempo una de las ciudades más pobres y una de las más ricas del mundo.	圣保罗同时是全世界最贫困的城市之一也是最富有的城市之一。
06998	Voy a acabarlo tan pronto como sea posible.	我要尽可能地早点结束。
06999	Estoy escuchando.	我在听。
07000	No tengo ningún motivo para mentirte.	我没有任何理由骗你。
07001	El pueblo chino es muy trabajador.	中国人民非常勤劳。
07002	Había seis niños en la familia Evans.	伊文思家有六个孩子。
07003	Un montón de niños se reunieron en el jardín.	一大群孩子聚集在花园中。
07004	Apunta su dirección.	写下他的地址。
07005	No me gusta.	我不喜欢她。 / 我不喜欢。
07006	Nadie se creyó lo que dije.	没人相信我说的话。
07007	Necesito un lápiz. ¿Puedo coger el tuyo?	我需要一支铅笔。我可以借你一支吗？
07008	Ese es mi hijo.	那是我儿子。
07009	No tiene dinero para comprarse un coche nuevo.	他没钱买新车。
07010	Todos sus amigos creen que es feliz.	他的所有朋友都认为他很幸福。
07011	¿Cuál es tu libro: este o ese?	你的书是这本还是那本？
07012	Ella compró un ordenador nuevo.	她买了一台新电脑。
07013	Siempre es mejor llegar tarde que no llegar.	迟到总比不到好。
07014	Quiero un mapa.	我想要一张地图。
07015	Mi abuelo no oye muy bien.	我爷爷的听力不太好。
07016	¿Usted tiene hermanos?	您有兄弟姐妹吗？
07017	¿Tenéis hermanos?	你们有兄弟姐妹吗？
07018	Además de inglés, también sabe hablar alemán.	除了英文，她还会说德文。 / 除了英文，他还会说德文。
07019	Estamos escuchando música.	我们在听音乐。
07020	No me gustan los perros.	我不喜欢狗。
07021	Mañana te acompañaré a la biblioteca.	我明天要跟你去图书馆。
07022	Perdí mi sombrero.	我丢了我的帽子。 / 我的帽子丢了。
07023	¿Tenéis alguna pregunta?	你们有没有问题？
07024	La besé en la frente.	我亲了她的额头。
07025	Esa regla puede ser interpretada de diferentes maneras.	这条规则可以按不同方式解释。
07026	Todas las personas son diferentes.	每个人都是不同的。
07027	El verano que viene quiero ir a Hawái.	明年夏天我想去夏威夷。
07028	Ella habla inglés mejor que cualquiera de sus compañeros de clase.	她的英语说得比班上任何人都好。
07029	Él quería saber más de ellos.	他想进一步了解他们。
07030	Quisiera ganar más dinero.	我想赚更多钱。
07031	Debes escribir tu nombre con tinta.	你应该要用墨水写你的名字。
07032	Hay muchos libros en la biblioteca.	图书馆里有很多书。
07033	Deberíamos trabajar más rápido.	我们的工作应该要加快。
07034	Él es un borracho.	他是个酒鬼。
07035	Las vacaciones se me han pasado volando.	我的假期一下就过完了。
07036	Escuché la noticia en la radio.	我从收音机听到了这个消息。
07037	He comido patatas fritas.	我吃了炸薯条。
07038	Me gustaría estudiar alemán, pero no tengo tiempo.	我想学德语，但是我没有时间。
07039	Agradezco vuestra ayuda.	我很感谢你们的帮助。
07040	Juguemos tenis después de clases.	我们放学以后一起打了网球。
07041	¿Ella ya terminó su trabajo?	她完成了她的工作吗？
07042	Necesitaré tu ayuda.	我将会需要你的的帮助。
07043	Tienes muchos libros.	你有许多书。
07044	Yo no hablo alemán.	我不会说德语。
07045	Esto es un libro.	这是一本书。
07046	¿Me enseñarás a tocar la guitarra?	你会教我弹吉他吗？
07047	La vida es dura, pero yo lo soy aún más.	生活很困难，但我更坚强。
07048	Él es mucho más alto que tú.	他比你高得多。
07049	Hay algunos libros encima de la mesa.	桌上有些书。
07050	El papel es blanco, el carbón negro.	纸是白的，碳是黑的。
07051	Tengo un perro. Es negro y su nombre es Tiki.	我有一只狗。它是黑色的，也叫Tiki.
07052	¿Quién se ríe ahora?	现在谁在笑？
07053	Estuvo lloviendo durante una semana.	雨下了一周。
07054	«¿Quién es tu dentista?» «Es el doctor Dupont.»	“谁是你的牙医？”“是杜本特医生。”
07055	¿Eres filipino?	你是菲律宾人吗？
07056	¿Estás buscando trabajo?	你在找工作吗？
07057	Podemos ayudar a Tom.	我们可以帮汤姆。
07058	¿Qué es ese olor?	那是什么味道？
07059	Ella va a la escuela en bicicleta.	她骑自行车去上学。
07060	Quiere más.	他想要更多。
07061	¿Los gatos sueñan?	猫会做梦吗？
07062	El examen es fácil.	考试很简单。
07063	¿Qué haces el domingo?	在星期天，你做什么？
07064	Ella tiene una familia grande.	她有一个大家庭。
07065	Pensé que estarías orgulloso de mí.	我以为你会为我感到骄傲。
07066	Ella lleva una bufanda alrededor del cuello.	她脖子上围了条围巾。
07067	Cinco más tres es ocho.	五加三等于八。
07068	Cinco más tres es igual a ocho.	五加三等于八。
07069	Estas ciruelas están maduras.	这些梨子熟了。
07070	¿Tú a qué hora puedes llegar a la estación?	你几点会到车站？
07071	Yo soy ciudadano del mundo.	我是世界公民。
07072	¡Tom, respóndeme!	汤姆，回答我！
07073	Lleva zapatos de tacón.	她穿著高跟鞋。
07074	Quieren más.	他们想要更多。
07075	Japón no es rico en recursos naturales.	日本并不拥有丰富的自然资源。
07076	Hagamos más.	我们做多一点。
07077	Ayer hacía mucho viento.	昨天风很大。
07078	Donamos sangre para ayudar al niño.	我们捐血来帮助这个孩子。
07079	No es una pregunta fácil.	这不是一个简单的问题。
07080	Es demasiado pronto.	太早了。
07081	Tom no encuentra a María.	汤姆找不到玛丽。
07082	Nunca la he visto reír.	我从没见她笑过。
07083	¿Quién es este chico?	这个男孩是谁？
07084	Tom se preocupa mucho por el dinero.	汤姆很担心钱的问题。
07085	Estoy hablando por teléfono con mi amigo.	我正在和朋友打电话呢。
07086	Dentro de poco te acostumbrarás a la comida japonesa.	你很快就会习惯日本料理。
07087	El tiempo es la cosa más valiosa del mundo.	时间是世界上最宝贵的东西。
07088	¿El amor existe?	爱存在吗？
07089	¿Yo escribí eso?	这是我写的？
07090	No puedo encontrar el clítoris de mi amiga.	我找不到我女朋友的阴蒂。
07091	Es un mujeriego.	他是个花花公子。 / 他是个花心大萝卜。
07092	Él se aclaró la garganta.	他清了清喉咙。
07093	Quiero tu amor.	我要你的爱。
07094	¿Cuándo empezasteis a estudiar inglés?	你们什么时候开始学英语的？
07095	No sé ni quiero saberlo.	我不知道，我也不想知道。 / 我不知道，也不想知道。
07096	No tienes que levantarte pronto.	你不必早起。
07097	Me gusta esa película.	我喜欢这部电影。
07098	¿Hay muchos castillos hermosos en Alemania del Norte?	在德国北部有很多美丽的城堡？
07099	En esta ciudad ya no se respeta la moral pública.	在这座城市里，公共道德不再受到尊重。
07100	Siempre me pongo nervioso antes del partido.	比赛前我一直都很紧张。
07101	En verano hace mucho calor en Japón.	日本的夏天很热。
07102	Todos queremos la paz mundial.	谁都希望世界和平。
07103	No se veía a nadie en la calle.	街上谁也看不见。
07104	¿De verdad es mío?	这真的是我的吗？
07105	Es amigo de mi hermano.	他是我哥哥的朋友。
07106	Ella ayuda a su madre a preparar el desayuno en la cocina todas las mañanas.	她每天早上都帮母亲在厨房准备早餐。
07107	Soy un estudiante universitario.	我是一名大学生。
07108	Se casó a los diecisiete.	她十七岁结婚。
07109	Alguien me ha robado el pasaporte.	我的护照被人偷了。
07110	Este anciano no ve por un ojo.	这个老人一只眼看不见了。
07111	Tom me dio las gracias por el regalo que le di.	汤姆谢谢我送他礼物。
07112	Ojalá hubiera comprado una entrada para el concierto.	我当初要是买音乐会的票就好了。
07113	El que se acuesta pronto y se levanta pronto tiene una larga vida.	早睡早起的人活得久。
07114	Esta es la casa donde vivo.	这是我住的房子。
07115	Ella juega al tenis por la mañana.	她早上打网球。
07116	Es vegetariana, así que comió tofu en lugar de pavo.	她是素食者，所以她没吃火鸡，而是吃了豆腐。
07117	Solo quiero visitar a Tom.	我只想拜访Tom。
07118	Ellos hundieron diez naves enemigas.	他们击沉了10艘敌船。
07119	Él es tu amigo.	他是你的朋友。
07120	Se ha infectado con el VIH.	他感染了爱滋病。
07121	Había un número pequeño de extranjeros entre los visitantes del museo.	博物馆的参观者中有少数是外国人。
07122	Mercurio es el planeta más cercano al sol.	水星是离太阳最近的行星。
07123	El auditorio parecía aburrirse.	观众似乎觉得无聊。
07124	Yo también quiero ir a verlo.	我也好想去看喔。
07125	Lo siento, pero se me olvidó hacer las tareas.	很抱歉我忘了写作业。
07126	Tu libro está aquí.	你的书在这里。
07127	No dijo nada.	他什么也没说。
07128	Quizás necesites una calculadora ahora.	你现在也许需要一台计算机。
07129	No puedo tomar esa decisión por ti.	我没有办法替你做这个决定。
07130	No me gusta este lugar.	我不喜欢这个地方。
07131	¿Tienes?	你有吗？
07132	Ahora entiendo por qué no fue a la universidad.	现在我明白他为什么没去上大学了。
07133	Hoy no hace falta que vayamos a la escuela.	我们今天不用上学。
07134	Estaba enfermo, así que no fue a clase.	他病了，所以没有上学。
07135	¡Qué vaso más bonito!	多漂亮的一个杯子啊！
07136	Coja la segunda salida en la rotonda.	走转盘的第二个出口。
07137	Los policías de la ciudad de Nueva York llevan un uniforme azul oscuro.	纽约警察穿深蓝色制服。
07138	Jim miró a la izquierda y a la derecha antes de cruzar la calle.	吉姆过马路前先看左右。
07139	Como de costumbre, dejó la llave sobre la mesa.	他习惯性地将钥匙放在了桌子上。
07140	Soy rubia natural, no soy teñida.	我是天然的金发，不是染的。
07141	La caja estaba vacía cuando la abrí.	我打开盒子的时候，它是空的。
07142	John fue ayer a Francia.	琼昨天去法国了。
07143	Esta es la ciudad en la que nació.	这是他出生的城市。
07144	¿Tocáis la guitarra?	你们弹吉他吗？
07145	¿Qué le gusta hacer?	您喜欢做什么？
07146	¡Finalmente!	终于！
07147	La comida está lista.	饭做好了，来吃吧！
07148	Se me ha retrasado la regla.	我的月经延迟了。
07149	Él tiene un hijo de más o menos tu edad.	他有个和你差不多大的儿子。
07150	Sonó el móvil de Tom.	Tom的手机响了。
07151	Vivimos en una época maravillosa.	我们生活在一个精彩的时代。
07152	No puedo aguantar el dolor.	我无法忍受这个痛苦。
07153	María no ha comido nada todavía.	玛利亚什么还没吃。
07154	Comparado con los suecos, los sueldos españoles son bajísimos.	与瑞典人相比，西班牙人的收入太低了。
07155	Si estás feliz, estoy feliz.	如果你高兴，我就高兴。
07156	El mes pasado era noviembre, ¿verdad?	上个是十一月，是吗？
07157	Tiene tetas grandes.	她有两个很大的咪咪。
07158	Sois más altos que ella.	你们比她高。
07159	Voy a Vancouver la semana que viene a ver a mi hermana.	下周我去温哥华看我妹妹。
07160	Se fue hace dos semanas.	他走了有两周了。
07161	A ella le sorprendió mucho la noticia.	她对那个消息非常惊讶。
07162	¡Sal inmediatamente!	请马上离开！
07163	Fui al banco y, afortunadamente, no tuve que hacer cola.	我到银行去，很幸运地不必排队。
07164	Juan murió de tuberculosis.	Juan死于结核病。
07165	¡De verdad que no necesito ayuda!	我真的不需要帮助。
07166	Nuestras montañas en realidad no son muy altas. Las suyas son mucho más altas.	我们的山不怎么高，你们的高多了。
07167	Ella es tu amiga.	她是你的朋友。
07168	Vi a un amigo.	我见了一个朋友。
07169	Vi a una amiga.	我见了一个朋友。
07170	¿Esta es tu familia?	这是你的家人吗？
07171	Trabajó duro para hacer feliz a su hijo.	他为了孩子的幸福，拼命的工作。
07172	Trabajó duro para hacer feliz a su hija.	他为了孩子的幸福，拼命的工作。
07173	Algunas mujeres no llevan sujetador.	一些女士不穿内衣。 / 一些女士不穿文胸。
07174	¿Por qué no lo hiciste?	你为什么没做？
07175	Ese planeta se llama Saturno.	那个行星叫土星。
07176	Recuerdo haberme encontrado con él en París.	我记得在巴黎见过他。
07177	De los seis miembros, un tercio son mujeres.	六个成员中有三分之一是女性。
07178	La fiesta será al aire libre si el tiempo lo permite.	若天气许可的话，派对将会在户外举行。
07179	Todos morirán.	人固有一死。
07180	María y yo planeamos tener dos hijos.	Mary和我计划生两个孩子。
07181	"¿Qué tipo de música quieres oír?" "¡Pon algo romántico!"	“你想听哪种音乐？”“放点浪漫的！”
07182	¿Pasó algo bueno?	发生了什么好事吗？
07183	¿Sabes bailar?	你会跳舞吗？
07184	Soy un gato.	我是猫。
07185	Me pidieron que enseñara mi pasaporte en la frontera.	在边境上，我被要求出示我的护照。
07186	Es muy interesante.	非常有趣。
07187	Solo necesitamos un plan.	我们只是需要个计划。
07188	¡Por favor, no se lo digas!	求你不要告诉他。
07189	Te necesitamos.	我们需要你。
07190	Es un perro.	那是一条狗。
07191	Linda es la mujer más bella de todo el mundo.	Linda是世上最美的女人。
07192	¿No quieres ir?	你不想去吗 ?
07193	Él estaba tras las rejas.	他在栏杆之后。
07194	¿Cuántas personas murieron?	死了多少人？
07195	Es mejor no ir ahí.	还是不去那儿的好。
07196	Tom no tiene mucha energía hoy.	Tom今天没什么活力。
07197	Trabajó demasiado y se puso enfermo.	他工作得太多，病倒了。
07198	No quiero esperar.	我不想等。
07199	Soy.	是我。
07200	Estaba muy cansado, así que me fui a dormir pronto.	我很累所以早睡了。
07201	Tengo un computador.	我有一台电脑。
07202	¿Por qué estás pintando flores?	你为什么在画花？
07203	¿Esta joven conoce al señor Darcy?	这个年轻人认识Darcy先生吗？
07204	Ha escrito un nuevo libro.	他写了本新书。
07205	Hemos oído voces en la habitación.	我们听到卧室里有声音。
07206	Estoy haciendo los deberes.	我正在做我的作业。
07207	Lo siento, ¿qué acabas de decir?	不好意思，你刚才说甚么？
07208	Cuando volvió yo acababa de terminar de escribir la carta.	他回来的时候，我刚好写完了信。
07209	La biblioteca está en el cuarto piso.	图书馆在四楼。
07210	El tren sale hoy a la una y media de la tarde.	火车在今天下午一点半出发。
07211	Él no tiene más amigos aparte de mí.	除了我，他没有更多的朋友了。
07212	¿Has llegado a tiempo al trabajo hoy?	你今天准时上班了吗？
07213	Deseamos comida y sexo por naturaleza.	食色性也（孔子）。
07214	Me gustan ellas dos.	我喜欢她们两个。
07215	Quiero irme a casa.	我要回家。
07216	Es más alta que yo.	她比我更高。
07217	Está jugando al Tetris.	他在玩俄罗斯方块。 / 她在玩俄罗斯方块。
07218	¿Sabes el nombre de esta flor?	你知道这花的名字吗？
07219	¿Te gusta el deporte?	你喜欢运动吗？
07220	¿Puedes volver a llamar más tarde?	你可以晚点再打电话来吗？
07221	Hace mucho que no le veo.	我好久没见过他了。
07222	Helen acabó el instituto el año pasado.	海伦去年从高中毕业了。
07223	Por favor, dé un paso adelante.	请向前一步。
07224	Las patatas son muy baratas.	土豆很便宜的。
07225	Estaba enfermo, así que no fui a la escuela.	我病了，所以没有上学。
07226	¿Volverá usted mañana?	您明天回来吗？
07227	¿Tomas té verde?	你喝绿茶吗？
07228	¿Estás seguro de que no quieres ir al médico?	你确定你不想去看医生？
07229	Soy el mejor.	我是最好的。 / 我最好。
07230	¿Quién cuida de los niños?	谁照顾孩子？
07231	Las huérfanas fueron traídas para este orfanato.	孤儿们被带到这间育幼院。
07232	¿Cuál de ellos?	哪个？ / 他们中的哪个？ / 哪一个？
07233	Todo lo que necesitamos para ser felices está en nuestro interior.	我们需要获得快乐的一切元素都在我们的内心中。
07234	Solo unos pocos alumnos entendieron el problema.	只有少数的学生理解了这道问题。
07235	Conozco a Taro desde hace ya diez años.	我认识太郎已经十年了。
07236	Necesito mis botas.	我需要我的靴子。
07237	¿Cuál es la más fácil?	哪一个最简单？
07238	Su hermano murió el mes anterior.	他的哥哥上个月去世了。
07239	¿Tu madre trabaja aquí?	你妈妈在这里工作吗？
07240	¡Quiero una explicación, y la quiero ahora!	我要一个解释，而且现在就要！
07241	No hace falta que lo digas, ya lo sé.	你不用说了，我知道。
07242	Él es igual de alto que ella.	他和她一样高。
07243	¿Se ha enfadado?	您生气了吗？
07244	¿Te acabaste de leer ese libro?	你读完那本书了吗？
07245	Esa no puede ser Mary, ahora ella está en el hospital.	那不可能是玛丽，她现在在医院。
07246	Estaba muy nervioso cuando despegó el avión.	飞机起飞的时候我很紧张。
07247	Estaba muy nerviosa cuando despegó el avión.	飞机起飞的时候我很紧张。
07248	¿Qué haces con ese libro?	你用那本书做什么？
07249	Ahora a mí también me gusta.	现在，我也喜欢。
07250	No entiendo por qué tengo que ir a tu casa a medianoche.	我不明白为什么我要半夜去你家。
07251	Venimos de diferentes países.	我们是从不同国家来的。
07252	Es difícil enseñar a la gente cosas que no quieren aprender.	教人们那些他们不想学的东西是很困难的。
07253	Su perro está muy gordo.	您的狗非常胖。
07254	Ha enseñado durante veinte años.	他教书教了20年了。
07255	Esa es muy grande.	那是很大的。
07256	Ese es muy grande.	那是很大的。
07257	Te ayudaré a aprender bien francés.	我会帮助你好好学习法文。
07258	Le dimos un reloj de pulsera.	我们送给他一块手表。
07259	Mi diccionario de español recomienda no usar la palabra "desgraciado" en Ecuador.	我的西班牙语词典说不要在厄瓜多尔用“desgraciado”这个词。
07260	Los niños estaban jugando en el parque.	孩子们在公园里玩耍。
07261	Vives en mi corazón.	你住在我心里。
07262	No debes comer en exceso.	你不该吃太多。
07263	Es el perrito más lindo que he visto.	这是我见过最可爱的小狗。
07264	Es el cachorro más bonito que he visto.	这是我见过最可爱的小狗。
07265	Podía hacer lo que quisiera.	他想做甚么就能做甚么。
07266	¡Muere!	去死吧！
07267	Tom tiene tres hermanas mayores.	汤姆有三个姐姐。
07268	Me encantan estas historias.	我非常喜欢这些故事。
07269	Al niño le sangra la nariz.	男孩流鼻血。
07270	Ya han pasado diez años desde que murió.	他死后已经过了十年的时间了。
07271	Han decidido casarse el mes que viene.	他们已经决定下个月结婚。
07272	Ellos no lo oyeron.	他们没听。
07273	De verdad que quiero ir a Italia.	我真想去意大利。
07274	Estoy plantando judías en mi jardín.	我在我的花园里种刀豆。
07275	Ella quiere saber quién le envió flores.	她想知道是谁送的花。
07276	¿Son estadounidenses?	他们是美国人吗?
07277	¿Debería comprarle algo?	我应该买些东西给他吗？
07278	Tom está nadando.	汤姆在游泳。
07279	Quiero que te relajes.	我要你放松一下。
07280	¡Estoy indignada!	我很生气！
07281	Soy finlandés.	我是芬兰人。
07282	No hay problema.	没问题。
07283	Puedo hacerlo solo.	我可以独自做。
07284	La vi desnuda.	我看见她裸体的。
07285	Esto es un hospital.	这是医院。
07286	Me gustan el pan y la leche.	我喜欢牛奶和面包。
07287	¿A qué hora sales del despacho?	你几点离开办公室？
07288	La escuela empieza el lunes que viene.	下周一开学。
07289	¿De dónde son ustedes?	你们是哪里人？
07290	Quiero comer mango.	我想吃芒果。
07291	¡Espera!	等等！
07292	Ellos llaman a este planeta 'Tierra'.	他们称这个星球为「地球」。
07293	Juego al tenis todos los días.	我每天打网球。
07294	Quiero comer algo rico.	我想吃点好吃的。
07295	¿Quién la ayuda?	谁帮帮她？
07296	Es mi caballo.	这是我的马。
07297	Pensé que era Tom, pero era John.	我以为是汤姆，但是其实是琼。
07298	Júpiter es muy grande.	木星非常巨大。
07299	Hay más de 800.000 hablantes de euskera en el mundo.	世界上有超过八十万的巴斯克语使用者。
07300	Apunta tu nombre, por favor.	请写下你的名字。
07301	¿Qué escribes?	你在写什么？
07302	Cada día el tiempo viene más frío.	天气一天天冷下来了。
07303	Hoy el tiempo es muy bueno, pero estos últimos días ha estado lloviendo todo el rato.	今天天气很好，但是最近总是下雨。
07304	Me duele el culo.	我屁股痛。
07305	¿En qué curso vas?	你接下来要上几年级？
07306	Por favor, no digas eso.	请不要这样说。
07307	Mi madre es abogada.	我妈妈是律师。
07308	Esta es una buena película.	这是一部好电影。
07309	Mi amigo está estudiando coreano.	我的朋友在学韩语。
07310	Llena la tetera con agua hirviendo por favor.	请用开水把茶壶灌满。
07311	¿Por qué tus ojos son tan grandes?	你的眼睛为什么那么大？
07312	Ese libro se vende bien.	那本书卖得很好。
07313	Anoche Tom no volvió a casa, espero que esté bien.	昨晚汤姆没有回家，希望他没事。
07314	Miles de personas perdieron su trabajo.	数千人失业。
07315	¿Quién está viendo la televisión?	谁在看电视？
07316	Una niña me llamó por teléfono.	一个女孩打了电话给我。
07317	Mi padre me ha comprado una cámara.	父亲买了部相机给我。
07318	¿Sabes hablar mandarín?	你会讲普通话吗？
07319	Estoy trabajando.	我正在工作。
07320	Eso es Saturno.	那是土星。
07321	Hemos jugado. Hemos perdido. ¿Qué tal si empezamos de nuevo?	我们玩过了。我们输了。咱们从新来过吧？
07322	Si lloras porque te has perdido el sol, entonces también te perderás las estrellas.	如果，错过太阳的时候你在流泪，那么你也将错过群星。
07323	Apruebes o no el examen de chino, vamos al pub a tomar una cerveza.	不管你有没有通过中文考试，我们一起去酒吧喝啤酒。
07324	Él intentó cruzar el río a nado pero fracasó.	他试图游过河，但是失败了。
07325	Intentó suicidarse pero no lo consiguió.	他试图自杀，但是失败了。
07326	Ellos intentan abrirse paso entre la línea enemiga.	他们试图冲破敌军防线。
07327	Él trató de concentrarse en la carta.	他试图把注意力集中在信上。
07328	Voy a la oficina en coche e intento salir de casa lo antes posible para evitar el tráfico.	我开车去办公室，我试图尽可能早的从家里出发，以便能避开交通拥堵。
07329	Él trata de expandir su área de influencia.	他试图扩大自己的势力范围。
07330	Esas flores son hermosas.	那些花很漂亮。
07331	Tom siempre fue un soñador.	Tom总是在做白日梦。
07332	No es fácil enseñar a niños pequeños.	教小孩并不容易。
07333	¿Puedo quizás invitarte a comer esta noche?	我能邀请你今晚共进晚餐吗？
07334	Vivimos en un mundo globalizado.	我们生活在一个全球化的世界中。
07335	¿Hay alguien que sepa conducir?	有人会开车吗？
07336	¡Sos un asqueroso bolacero!	你是个恶心的大骗子！
07337	Últimamente veo poco a mi padre.	最近很少见到我爸。
07338	Ya era tarde, así que volví a casa.	己经晚了，所以我回了家。
07339	Desayuné en pijama.	我穿著睡衣吃早饭。
07340	Lo único que quiero hacer es ir a pescar.	我唯一想做的是去钓鱼。
07341	Tom está cantando.	汤姆唱歌。
07342	—Hablas demasiado —dijo él.	"你说得太多了。"他说。
07343	Soy turco.	我是土耳其人。
07344	Soy turca.	我是突厥人。
07345	No te hablo hasta que reconozcas que te equivocabas.	在你意识到你的错误前，我都不会和你说话。
07346	Marte tiene dos lunas.	火星有两个卫星。
07347	¿Qué has encontrado?	你找到什么了？
07348	Su madre solía ser cantante.	他的妈妈以前是个歌手。
07349	¿Qué lugar es este?	这是什么地方?
07350	No queremos causarte ningún problema.	我们不想给你添麻烦。
07351	Él se rompió dos costillas en un accidente.	他在意外中断了两根肋骨。
07352	Éramos pobres, pero felices.	我们从前很穷，但很快乐。
07353	Además de inglés, habla alemán.	除了英文，他还说德文。
07354	China es un mercado emergente.	中国是一个新兴市场。
07355	Le gustan los trenes.	他喜欢火车。
07356	Estoy interesado en la política.	我对政治很感兴趣。
07357	Nosotras tocamos el piano.	我们弹钢琴。
07358	No nos emocionemos.	让我们别激动。
07359	Esta habitación tiene tres ventanas.	这个房间有三个窗户。
07360	Quiero que regreses a Boston mañana.	我想让你明天回波士顿。
07361	Hay dos alumnos ausentes hoy.	今天有两个学生缺席。
07362	¿El chino es tu lengua materna?	你的母语是中文吗？
07363	No sabes inglés, ¿me equivoco?	你不会说英语，是吗？
07364	Te llamaré.	我会打电话给你。
07365	Me alegro de haberla visto.	见到她我很高兴。
07366	Me alegré de verla.	见到她我很高兴。
07367	Ese libro está aquí.	那本书在这里。
07368	Siempre prueba cosas nuevas.	她总是尝试新事物。
07369	Miras la tele todas las noches.	你每天晚上都看电视。
07370	Ella cocina sin sal.	她煮菜不加盐。
07371	Empieza a gustarle esa casa.	她开始喜欢那套房子。
07372	No sé si vendrá esta noche.	我不知道他今晚会不会来。
07373	Dick toca el piano y Lucy canta.	迪克弹钢琴露西唱歌。
07374	Deberías empezar por las preguntas más sencillas.	你应该先从最简单的问题开始。
07375	Ella habla japonés.	她会说日语。
07376	¿Crees que un poco de sal le mejore el sabor?	你觉得再加一点盐味道会更好？
07377	No sé si te gusta ella o no.	我不知道你喜不喜欢她。
07378	Somos pobres, pero somos felices.	我们很穷，不过我们过的很快乐。
07379	Jane espera que Mary le ayude.	Jane希望Mary帮忙她。
07380	Todas las noches me voy a la cama a las veintidós horas.	我每天晚上十点上床睡觉。
07381	Perdí mi lápiz.	我的铅笔掉了。
07382	Hay siete hombres y cuatro mujeres en mi área.	在我的部门里有七男四女。
07383	Ellas le dispararon a Mary.	她们对玛丽开了枪。
07384	¿Tienes móvil?	你有手机吗？
07385	¿Compraste zumo?	你买果汁了吗？
07386	Tom quiere saber si tienes tiempo para ayudarle.	Tom想知道你是否有时间帮助他。
07387	Mira la casa con el techo rojo.	看看那间红色屋顶的房子。
07388	¿Quién es Pedro?	彼得是谁？
07389	No es lo que se viste, sino cómo se viste.	关键不在穿什么，而是怎么穿。
07390	El sol se pone en el oeste.	太阳在西边下山。
07391	No ha hecho nada malo.	他啥也没做错。
07392	¿Me conoces?	你认识我吗？
07393	No es un caballo, es un asno.	那不是只马，是只驴子。
07394	La gente local también puede hacer historia.	小人物同样可以创造历史。
07395	Quiero llegar al banco antes de que cierre.	我想在银行关门之前赶到那里。
07396	Esta silla de madera cuesta 60 libras.	这张木制的椅子六十英镑。
07397	¿Te gusta la escuela?	你喜欢学校吗?
07398	Me encanta comer melón.	我特别爱吃哈密瓜。
07399	¿De qué quieres hablar conmigo?	你想跟我说什么？
07400	Ella vivió muchos años.	她活了很久。
07401	Entró en la habitación.	他走进了房间。
07402	No pierdas el tiempo haciendo eso.	别浪费时间做那个。
07403	Él se subió al avión.	他上了飞机。
07404	Me prometió llevarme al cine.	他答应要带我去看电影。
07405	Estoy sentado en la estación de tren.	我坐在火车站里。
07406	No tiene ningún amigo.	她一个朋友都没有。
07407	No estoy casado.	我未婚。
07408	No soy tu hijo.	我不是你儿子。
07409	Ha estado enfermo en la cama desde el lunes pasado.	他从上周一就一直卧病在床。
07410	Anoche le robaron el coche.	昨晚他的车被偷了。
07411	Tom no sabía cómo darle las gracias a Mary.	汤姆不知道该怎么感谢玛丽。
07412	Tom no sabe por qué Mary llegó tarde.	汤姆不知道为什么玛丽来晚了。
07413	Sí, yo también soy estudiante.	是的，我也是学生。
07414	¿Los billetes de tren son caros?	火车票贵吗？
07415	Se conocieron en España hace siete años.	他们七年前在西班牙认识的。
07416	Es brasileña.	她是巴西人。
07417	¿Estás preparado para oír la mala noticia?	你准备好听坏消息了吗？
07418	Marte tiene dos satélites naturales.	火星有两个天然卫星。
07419	Nos vemos mañana.	明天见。
07420	Estoy sentado en el sofá.	我坐在沙发上。
07421	Si eso es falso, ella es una mentirosa.	如果那是假的，她就是一个爱说谎的人。
07422	No me vuelvas a llamar.	别再给我打电话了。
07423	Quiero que toque la guitarra.	我要他弹吉他。
07424	El niño está comiendo pan.	那个孩子在吃面包。
07425	Emily va a visitar a sus padres.	艾米丽要去看她的父母。
07426	Habla chino.	他说中文。 / 她说中文。
07427	Soy originario de China.	我起初来自中国。
07428	¿Cómo nos ha encontrado?	他怎么找到我们的？
07429	Era alumno mío, ahora enseña a mis hijos.	他曾是我的学生，现在在教我的孩子们。
07430	¿Tienes un mapa?	你有地图吗？
07431	¿Puedes aparcar aquí?	你能把车停在这儿吗？
07432	Respóndeme, por favor.	请回答我。
07433	¿Dónde está tu bolsa?	你的包在哪里？
07434	Los elefantes viven en África y en Asia.	大象生活在亚洲和非洲。
07435	Son las dos.	两点了。
07436	Él nada muy rápido.	他游泳游得很快。
07437	Estoy descansando.	我在休息。
07438	Gente buena puede encontrarse en cualquier parte.	哪里都看得到好人。
07439	Me robaste el corazón.	你偷了我的心，
07440	¿Dónde está mi plato?	我的盘子在哪?
07441	La torre estaba un poco inclinada hacia el oeste.	塔有点向西边倾斜。
07442	El padre de Kate va andando a casa desde la estación.	Kate的爸爸从车站走路回家。
07443	Esta es su llave.	这是您的钥匙。
07444	¿Aprendes chino mandarín allí?	你在那里学中文吗？
07445	¿Cuántos años estudiaste chino mandarín?	你学了几年的汉语？
07446	Son las cinco.	现在五点钟.
07447	Muchos jóvenes se van al extranjero durante las vacaciones de verano.	许多年轻人在暑假时出国。
07448	Vuelve a intentarlo.	再试一下。
07449	¡Papá, te amo!	爸爸，我爱你！
07450	Esto no es amor.	这不是爱。
07451	Soy extranjero.	我是外国人。
07452	¿Qué quieres hacer mañana?	明天您想作什么？
07453	Dame un vaso de agua.	给我一杯水。
07454	Ahora estoy comiendo.	我正在吃东西。
07455	Lleva tu carné de estudiante.	带上你的学生卡。
07456	Odio las espinacas.	我讨厌菠菜。
07457	Esa solo es una excusa.	这只不过是个借口。
07458	Dicen que él lleva dos años muerto.	他们说他死了两年了。
07459	En esta ciudad hay muchas escuelas.	这个城市有很多学校。
07460	Ahora estoy en el colegio.	我现在在学校。
07461	Él no me escucha.	他不听我说话。
07462	Su respuesta es correcta.	您的答案是正确的。 / 你的答案是正确的。
07463	Él estaba furioso por no haber sido invitado.	他因为没有被邀请而气得快疯了。
07464	¡Qué hombre tan extraño!	好奇怪的一个人！
07465	Todo miembro debe asistir.	所有的成员都必须参加。
07466	¡Adelante!	请！
07467	Siempre es el primero en quejarse.	他总是第一个抱怨的。
07468	Tres cuartos de este pueblo no vota.	这个村四分之三的人没有投票。
07469	Los bandidos le pusieron una mordaza en la boca.	土匪们把她的嘴塞住了。
07470	Llegaron a ser buenos amigos.	他们成为了好朋友。
07471	Pásame mi toalla.	帮我递一下毛巾。
07472	Cuando él recibió esa carta, la quemó sin leerla.	他收到这封信后，读也没读就把它烧了。
07473	No le diga al jefe.	别跟老板说。
07474	Buenos días.	早上好。 / 早！
07475	Lo escribió a la carrera.	他写得很匆忙。
07476	Es un hombre muy antipático.	他是个很讨人烦的男人。
07477	No puedo alcanzar esa lata de tomate.	我搆不到那罐番茄罐头。
07478	Tengo que dar una clase mañana a las dos y media.	我明天上午两点半要教一节课。
07479	Espero que usted vuelva algún día.	希望您有一天能回来。
07480	Por este camino les atajaremos.	我们从这儿走就能追上他们。
07481	Me ha causado muchos problemas.	她给我惹了很多麻烦。
07482	Él me besó el cuello.	他亲了我的脖子。
07483	Quiero estudiar chino el año que viene.	我明年想学汉语。 / 我明年想学普通话。
07484	¿Ganaste la carrera?	你赢了比赛了吗？
07485	Tenga cuidado al bajar.	下来的时候小心点。
07486	Él tiene un hábito de chupar su lápiz.	他有咬铅笔的毛病。
07487	Engañó a su amigo.	他欺骗了他的朋友。
07488	Tiene un cuello muy largo.	他的脖子很长。
07489	Mi hija no me va a escuchar.	我的姐姐(妹妹)不听我的话。
07490	¿Cuántas cobijas tiene la cama?	床上有多少张毯子？
07491	Estoy de acuerdo con usted.	我同意您的意见。
07492	Extraño mucho a mi madre.	我十分想念我的妈妈。
07493	Deseo comprar unos lentes oscuros.	我想买几副墨镜。
07494	Fue un accidente desdichado.	是个不幸的意外。
07495	¡Qué lástima que usted no haya venido anoche!	您昨晚没来真是太可惜了！
07496	Está lloviendo mucho.	雨下得很大。
07497	La enfermedad sigue su curso.	病患持续他的疗程。
07498	La rueda no gira.	轮子不转。
07499	Esta calle es de dirección única.	这条街是单向的。
07500	Este colchón es muy duro.	这个床垫很硬。
07501	El sombrero es suyo.	帽子是您的。
07502	Necesito un par de zapatos nuevos.	我需要一双新鞋。
07503	¡Qué linda mujer!	好漂亮的一个女人！
07504	¿Quién es el dueño de esta casa?	屋子的主人是谁？
07505	Me pidieron que diera un discurso en inglés.	他们让我用英语做个演讲。
07506	Estamos a seis grados bajo cero.	现在零下六度。
07507	No se lo digáis a nadie.	你们别和任何人说。
07508	No puedes enseñarle trucos nuevos a un perro viejo.	老狗学不出新把戏。
07509	Él es un cliente regular en los bares y cantinas de por aquí.	他是这里附近酒吧和酒馆的常客。
07510	Echo de menos la universidad.	我想念大学。
07511	Ayer llegué tarde a la escuela.	昨天，我上学迟到了。 / 我昨天上学迟到了。
07512	Quiero un café.	我想要一杯咖啡。
07513	Quiero vivir aquí.	我想住在这里。
07514	El escritorio es mío.	书桌是我的。
07515	¡Qué pena que no sepas bailar!	可惜你不知道如何跳舞！
07516	El texto debe ser traducido al bielorruso.	文章应该被翻成白俄罗斯文。
07517	No entiendo esta oración.	我不明白这句话。
07518	Deberías escuchar su consejo.	你应该听听他的建议。
07519	Me preguntó qué había comprado.	他问我买了什么。
07520	No sabe nada del plan.	关于计划他什么也不知道。
07521	¿Quién es la chica de la entrada?	在门口的女孩是谁？
07522	¿Sabe de algún hotel barato por aquí cerca?	您知道这附近有便宜的旅馆吗？
07523	¿Esa es tu opinión?	这是你的看法？
07524	¿Él trabaja mañana?	明天他工作吗？
07525	¿Cuándo me lo dijiste?	你什么时候告诉过我？
07526	En mis momentos libres me gusta juntarme con mis amigos.	在我闲暇之时我喜欢和朋友们聚聚。
07527	¿Sois estudiantes?	你们是学生吗？
07528	Yo ni siquiera conocía tu nombre.	我连你叫什么都不知道。
07529	La vi hace una semana.	我一个星期前看到她。
07530	¿Quieres más?	你想要更多吗？
07531	¿Todavía estás aquí?	你还在这里 ?
07532	Yo crecí cerca de un río.	我在一条河的附近长大。
07533	Yo crecí en Boston.	我在波士顿成长。
07534	He perdido mi pluma.	我把我的钢笔弄丢了。 / 我的钢笔掉了。
07535	Ellos no tardarán mucho en casarse.	他们很快就会结婚了。
07536	Ahora no estoy cansado.	我现在不累。
07537	El libro está sobre la mesa.	书在桌子上。
07538	El libro está en la mesa.	书在桌子上。
07539	Este es mi ordenador.	这是我的电脑。
07540	Si alguien es indispensable para una empresa, esa empresa está mal organizada.	若是有人对公司来说是不可或缺的，那么这家公司组织得不好。
07541	Hola, ¿quieren comer algo?	你好。您想要什么吃的吗？
07542	Tom se está riendo.	汤姆在笑。
07543	Eso es un hotel.	那是一家宾馆。
07544	La vida es un sueño.	人生即是一场梦。
07545	Odio estudiar.	我讨厌学习。
07546	No puedo hacer esto.	我做不了这个。 / 我不能做这个。
07547	Si mañana hace buen tiempo, iremos a jugar al béisbol.	如果明天天气好，我们就去打棒球。
07548	Me llamo Tom.	我叫Tom。 / 我叫汤姆。
07549	Está demasiado caliente.	太烫了。 / 太热了。
07550	Uso Twitter.	我用Twitter。
07551	¿Podéis andar?	你们能走吗？
07552	Te he oído.	听见你说的了。
07553	Amo de verdad a su hermana mayor.	我真的很爱他姐姐。
07554	Yamamoto es uno de mis amigos.	山本是我的一个朋友。
07555	Estoy buscando novelas eróticas de ciencia ficción.	我在找科幻色情小说。
07556	Mi hermana pequeña me quiere matar.	我妹妹想要杀我。
07557	«¿Por qué sonríes?» «¿Se necesita una razón para sonreír?»	「你干什么笑啊？」「笑还需要理由啊？」
07558	Que todos tengáis una buena semana.	祝你们这一周都过得很好。 / 祝你们有快乐的一周。
07559	No es un estudiante.	他不是学生。
07560	Ahora tengo muchas cosas que hacer.	我现在有很多事要做。
07561	El único acceso al pueblo es desde el río.	去那个村庄的唯一途径是过河。
07562	La chica cerró los ojos y escuchó al pastor.	小女孩闭上了眼睛听了牧师。
07563	He oído que vendió su casa.	我听说他卖掉了房子。
07564	Tom es bastante inteligente.	汤姆相当聪明。
07565	Nunca sabré la razón por la que me mintió.	我永远无法知道他对我说谎的理由。
07566	No quiero cambiar.	我不想改变。
07567	Todo el mundo comete un error alguna vez.	每个人都会有犯错误的时候。
07568	Si yo fuera tú, no me iría a vivir con él.	如果我是你，我就不会和他住在一起。 / 如果我是你的话，我不会跟他一起住。
07569	¿Crees que puedo usar el móvil mientras me ducho?	你觉得我可以在淋浴时用手机吗？
07570	¡Es un asesino, debería estar entre rejas!	他是个凶手，应该进到牢里。
07571	Hazlo de nuevo, tal como antes.	再做一次，和之前一样。
07572	Este verano voy a Francia.	今年夏天我去法国。
07573	¡Te quiero!	我爱你！
07574	Este camino conduce a Hong Kong.	这条是去香港的路。
07575	¿Qué tal a las 6?	六点您行吗？
07576	¿A dónde vamos ahora? ¿Al teatro o al cine?	我们现在去哪里？去剧场还是电影院？
07577	Oí la noticia por la radio.	我从收音机听到了这个消息。
07578	Como fruta y bebo agua.	我吃水果、喝水。
07579	No te creas lo que dice.	不要相信她说的话。 / 不要相信他说的话。
07580	¿Dónde compras diccionarios?	你在哪里买词典？
07581	Yo le indiqué el camino.	我给他指了路。
07582	Hace mucho tiempo que conozco a Tom.	我已经认识汤姆很久了。
07583	¿Todavía está ahí?	你还在那里吗？
07584	¡No es asunto tuyo!	这不干你的事！
07585	¿Nos hemos visto antes?	我们以前见过吗？
07586	Esto no es dinero.	这不是钱。
07587	Ahora deberías irte.	你现在该离开了。
07588	Soy tan estúpida.	我真蠢。
07589	Lavá los platos.	把盘子洗了。
07590	Él se gana por lo menos $1000 dólares por semana.	他每个星期至少赚一千美金。
07591	Nací en México un bonito mes de mayo.	我出生在墨西哥美丽的五月
07592	El año que viene tendré tres veces tu edad.	明年我的年纪会是你的三倍。
07593	Me he comido tres trozos de tarta.	我吃了三块蛋糕。
07594	Mientras el padre va a comprar, la madre se queda en el coche.	父亲去买东西的时候，母亲留在车里。
07595	Ella no se ha casado con ese hombre.	她没和那个男人结婚。
07596	Generalmente, a los estadounidenses les gusta el café.	美国人一般都很喜欢喝咖啡。
07597	¿Está bueno?	好喝吗？
07598	Tom abrió la puerta y entró.	汤姆打开了门并走了进去。
07599	Tres niños juegan en el parque.	三个孩子在公园里玩。
07600	Hoy es un bonito día.	今天是美好的一天。
07601	¿Tom está enfermo?	汤姆生病了吗？
07602	¿Tom está soñando?	汤姆在做梦吗？
07603	¿Tom está muerto?	汤姆死了吗？
07604	El experimento fracasó.	实验失败了。
07605	Paul, ¿crees que llegaremos a tiempo al aeropuerto?	保尔，你觉得我们能准时到达机场吗？
07606	Sé que solo era un sueño.	我知道那只不过是一场梦。
07607	Mi ingreso se ha reducido en un 10 porciento.	我的收入减少了百分之十。
07608	Deja el pasado atrás y preocúpate por el presente.	放弃过去而注重目前。
07609	Solo déjame ayudarte.	就让我帮你。
07610	¿Cogemos un taxi?	我们坐出租车吗？
07611	Este es el lugar de trabajo de mi padre.	这里是爸爸工作的地方。
07612	Ellos no saben nada.	他们什么都不知道。
07613	La ciudad tiene muchos habitantes.	这个城市人口众多。
07614	Creo que quiero casarme con él.	我想我想嫁给他。
07615	Tengo dos gatos.	我有两只猫。
07616	Yo vine aquí a estudiar.	我来这里读书。
07617	¿Por qué estoy llorando?	为什么我在哭？
07618	Tienes tres diccionarios.	你有三本词典。
07619	Estamos en Boston.	我们在波士顿。
07620	No sé alemán.	我不会说德语。
07621	Estamos cenando.	我们在吃晚餐。
07622	María no lee libros en inglés.	玛丽娅不读英语书。
07623	El monte Fuji es hermoso visto desde la bahía Suruga.	从骏河湾看, 富士山很美丽。
07624	Quiero que vengas a trabajar conmigo.	我希望你能来和我一起工作。
07625	Tom es un viejo amigo mío.	汤姆是我多年的朋友。
07626	En clase no debéis hablar los unos con los otros.	上课不能交头接耳。
07627	Soy el abuelo de Tom.	我是Tom的爷爷。
07628	Soy la hija de Tom.	我是汤姆的女儿。
07629	Necesito más dinero.	我需要更多的钱。
07630	El francés es un idioma muy interesante.	法语是一种很有趣的语言。
07631	Tom es canadiense.	汤姆是加拿大人。
07632	Por favor, vuelve a llamarme a las 6:30.	请在六点半给我打电话。
07633	Llamame a las 6:30.	六点半给我打电话。
07634	Él es una persona apasionada.	他是个多情的人。
07635	(Si no mal recuerdo) ¿Hay alguien por venir?	（如果我没记错的话）是不是还有人要来？
07636	Cada mes, èl gana 500,000 yenes.	他每个月挣50万日元。
07637	El estudiante inteligente terminó el examen rápidamente.	聪明的学生很快完成了测验。
07638	Si yo fuera tú, yo le ayudaría.	如果我是你，我会帮他一把。
07639	Si yo fuera tú, le echaría una mano.	如果我是你，我会帮他一把。
07640	Me gustaría que una persona me enseñe acerca de la composición del inglés.	我希望有人能教我英语作文。
07641	Ella plantó en el jardín algunas verduras.	她在花园里种了一些菜。
07642	A ella le gustaría mucho ser intérprete.	她非常想当口译。
07643	No tuvimos tiempo para terminar nuestro informe.	我们没有时间来完成我们的报告。
07644	Se lleva bien con todos sus compañeros.	他和所有同事的关系都不错。 / 他和所有同学的关系都不错。
07645	La hora del desayuno es desde las siete hasta las nueve de la mañana.	早餐时间在七点到九点。
07646	El clima de esta noche, no está nada mal.	今晚的天气不错。
07647	Tom, ¡levántate!	汤姆，快起来！
07648	Tom es mejor nadando que María .	汤姆比玛丽更擅长游泳。
07649	El avión volaba en dirección a Hong Kong.	飞机在往香港方向飞行。
07650	Me gusta comer peras.	我喜欢吃梨。
07651	Quiero saber dónde están ellas.	我想知道他们在哪里。
07652	Ahora mismo estoy muy cansado.	我现在很累。
07653	Te preocupás demasiado por tu peso.	你太担心你的体重了。
07654	Volvamos al hotel.	让我们回酒店吧。
07655	Son ricos.	很美味。
07656	No le gustan los gatos.	他不喜欢猫。
07657	El asunto no tiene importancia.	这件事不重要。
07658	Siguieron caminando.	他们继续走。
07659	Anoche estudié.	我昨晚读书。
07660	Responda a mis preguntas.	回答我的问题。
07661	Estudiemos francés.	我们来读法文吧。
07662	Tengo que ir a encontrarme con Tom.	我必须去见汤姆。
07663	Tengo que confiar en Tom.	我要相信汤姆。
07664	Mary y Alice son hermanas.	玛丽和爱丽丝是姐妹。
07665	Odio el francés.	我讨厌法语。
07666	Estudiamos francés.	我们读法文。
07667	El francés no es mi idioma nativo.	法语不是我的母语。
07668	¿Por qué decidiste aprender francés?	你为什么决定学法语？
07669	Éste libro es rojo.	这本书是红色。
07670	Ambos han sufrido una mala experiencia.	我们俩都经历过不幸。
07671	Usted ¿Entiende latín?	您懂拉丁语？
07672	Hoy caminé diez kilómetros.	今天我走了10公里。
07673	Yo puedo leer en alemán, pero no puedo hablarlo.	我能看德语，但是不能说。
07674	No quiero volver a ver sus caras.	我才不想看到你们的脸呢。
07675	En esta ciudad, es muy complicado coger un taxi.	这个城市很难打到出租车。
07676	Frecuentemente, Tom le dice mentiras a María.	汤姆经常对玛丽说谎。
07677	Últimamente ¿Tu cuerpo ha estado en malas condiciones o no?	你最近是不是身体有点不舒服？
07678	¡Vaya! He olvidado mi medicina.	哎呀- 我忘了我的药。
07679	Quiero algunas patatas.	我要几个土豆。
07680	Sólo tú sabes entenderme.	只有你懂我。
07681	Tienes tres gatos.	你有三只猫。
07682	Esa es la madre de Tom.	那是汤姆的妈妈。
07683	Un dragón vive en la cueva.	一条龙住在洞穴里。
07684	¿Qué ocurrió entre tú y Tom?	你和汤姆之间发生了什么？
07685	Como aún no te vas, llegarás tarde.	再不走就迟到了。
07686	Afuera está lloviendo, no olvides llevar el paraguas.	外面要下雨，别忘记带伞。
07687	El viento viene del norte.	风从北边来。
07688	¿Vacaciones? ¿Qué son las vacaciones?	暑假？暑假是什么意思啊？
07689	Mi familia solo tiene tres integrantes.	我家只有三口人。
07690	Justamente ella viene a casa hoy.	她就是今天回家来的。
07691	¿Tienes algo que decir? Sólo dilo.	你有什么话，只管说。
07692	¿Hay alguna persona que quiera andar por la playa?	有人想去海边走走吗？
07693	¿Es un sarcasmo?	是说反话吗？
07694	En esta vida...¿Cuándo has sido feliz?	你这辈子什么时候开心过吗？
07695	Hay una biblioteca en todas las ciudades de Estados Unidos.	美国的每个城市都有一个图书馆。
07696	Creo que deberías leerlo tú mismo.	我觉得你该自己念。
07697	¿Hace tanto frío en Alemania como en Canadá?	德国有加拿大冷吗？
07698	Eres delgada.	你很瘦。
07699	Estoy realmente preocupada.	我很着急。
07700	Sé que ustedes también están ocupados.	我知道您们也很忙碌。
07701	Sé que usted también está ocupado.	我知道，您也很忙。
07702	Me duele el cuello.	我脖子痛。
07703	Soy tu abogado.	我是你的律师。
07704	Las bicicletas eléctricas todavía son demasiado caras.	电瓶车依然很贵。
07705	¿Estudias francés?	你读法文吗？
07706	Estudio francés todos los días después de cenar.	我每天吃过晚饭后都会学法语。
07707	No soy bueno para el francés.	我的法语不好。
07708	Soy profesora de francés.	我是法语老师。
07709	Tom no tiene un buen diccionario francés-inglés.	Tom没有一本好的法英字典。
07710	Han pasado tres años desde que empecé a aprender francés.	从我开始学法文，已经过去三年了。
07711	Después de que los residentes se fueron, la casa quedó vacía.	居民走后，房子就空了。
07712	Te preocupas demasiado por tu peso.	你太担心你的体重了。
07713	¿Tom vive lejos de aquí?	Tom住得离这里远吗？
07714	Ella se encogió de hombro.	她耸了耸肩。
07715	¿Puedo besarte?	我可以吻你吗？
07716	Ellos vinieron a asistirnos.	他们来帮助我们。
07717	Todavía estoy viviendo en casa de mi padre.	我还住在我父亲的房子里。
07718	Espero que venga Tom.	我希望汤姆能来。
07719	Su esposa es sueca.	他的妻子是瑞典人。
07720	Tom es tu amigo.	汤姆是你的朋友。
07721	Tom es tu hermano.	汤姆是你的哥哥。 / 汤姆是你的弟弟。 / 汤姆是你的兄弟。
07722	Tom está allí solo.	Tom独自在那。
07723	Ella se encogió de hombros.	她耸了耸肩。
07724	Queremos que seas el capitán del equipo.	我们要你做队长。
07725	María me enseña noruego.	玛丽亚在教我挪威语。
07726	Quitaron las cortinas.	他们把窗帘拿掉了。
07727	¿Puedo tomar una taza de té?	我能喝杯茶吗？
07728	Mastico chicle.	我嚼口香糖。
07729	Yo no creo que ella hable hebreo.	我不相信她会说希伯来语。
07730	No sé quién es usted.	我不知道您是谁。
07731	¿Cuándo llegaste a Londres?	你什么时候到伦敦的？
07732	Sé hablar algo de japonés.	我会说一点点日语。
07733	Ven y ayúdame a lavar los platos.	去帮我洗碗。
07734	Este es el mejor restaurante que conozco.	这是我所知道的最好的餐厅。
07735	Compré esto en España.	我在西班牙买的这个。
07736	¿Estás enamorada de mí?	你爱上我了？
07737	¡No seas tímido!	别害羞！
07738	Colgó el abrigo en una percha porque no quería que se le arrugara.	他将大衣挂在衣架上，因为他不想要大衣起皱纹。
07739	El presidente estaba seguro de que habría una guerra.	总统很确信会有战争发生。
07740	¿No le has escrito una carta?	你没写信给他吗？
07741	En ese momento ella no se atrevía a decir nada.	那时她甚么也不敢说。
07742	Los niños necesitan dormir mucho.	孩子需要很多睡眠。
07743	Me escribe una carta todas las semanas.	他每周写一封信给我。
07744	No vino a clase porque estaba enfermo.	他因为生病没来上课。
07745	¿Cuánto cuesta esta pluma?	这支钢笔多少钱？
07746	¿Qué tipo de películas te gustan?	你喜欢什么样的电影？
07747	Por lo general me baño de noche.	一般我在晚上洗澡。
07748	Ella lleva medias.	她穿著丝袜。
07749	Ella lleva pantis.	她穿著裤袜。
07750	El semáforo está en verde.	现在是绿灯。 / 红绿灯现在是绿色的。
07751	Esta tijera vale para zurdos y diestros.	这把剪刀左右撇子都适用。
07752	Muchas personas sueñan.	很多人做梦。
07753	Porque están viendo la televisión.	因为他们在看电视。
07754	Me encontré con una amiga.	我遇见一个朋友。
07755	La Tierra, Marte y Júpiter son planetas.	地球、火星和木星是行星。
07756	Quiero soñar.	我想做梦。
07757	Por favor quítate toda la ropa excepto las bragas y el sujetador.	请脱去除内裤和内衣外的所有衣物。
07758	Mi deseo es convertirme en cantante.	我的愿望是成为一个歌手。
07759	Ella terminó su trabajo antes de las 5.	她在五点钟前做完了她的工作。
07760	No conozco a ninguna de estas cinco mujeres.	这五个女人我一个都不认识。
07761	Hemos tomado medidas drásticas para evitarlo.	我们使用了强大的措施来预防。
07762	Poco a poco el cielo está clareando.	天空逐渐明亮了起来。
07763	Mi trabajo es lavar platos.	我的工作是洗盘子。
07764	¿Por qué no se lo dices a Tom?	你为什么不和Tom 说这件事呢？
07765	No puedo ir con vosotros porque estoy muy ocupado.	我不能和你们一起去，因为我很忙。
07766	¿Puedo saber tu nombre?	我能知道你的名字吗 ?
07767	Necesita un abrigo.	他需要一件外套。
07768	Esta noche me iré de Tokio a Osaka.	我今天晚上离开东京到大阪。
07769	Mis amigos y yo vamos con frecuencia al bar.	我跟我朋友常常去酒吧。
07770	El año pasado acabé el instituto.	去年我从高中毕业了。
07771	Con frecuencia cena pescado.	他晚饭经常吃鱼。
07772	Su libro es muy interesante.	她的书非常有趣。
07773	Hay algo que quiero darte.	我有东西要给你。
07774	No deberías comer tanto helado.	你不应该吃这么多冰淇淋。
07775	Si quieres este bolígrafo, te lo dejo.	你想用这支笔，我就借给你吧。
07776	Ese niño se parece mucho a su padre.	那孩子和他父亲很像。
07777	¡Me encanta el español!	我爱西班牙语！
07778	Yo lo llamé ayer.	我昨天打电话给他。
07779	Puede que esto sea verdad, o puede que no.	这可能是真的，也可能不是。
07780	Fui al hospital.	我去了医院。
07781	¿Cuál es la diferencia entre A y B?	A和B的区别是什么呢？
07782	Cogeré el próximo bus.	我会搭下一班公车。
07783	Estoy listo, ¿y vosotros?	我准备好了，你们呢？
07784	Estoy lista, ¿y vosotros?	我准备好了，你们呢？
07785	Estoy listo, ¿y vosotras?	我准备好了，你们呢？
07786	Estoy lista, ¿y vosotras?	我准备好了，你们呢？
07787	Prohibido estacionar.	禁止停车。
07788	Quiero ir de compras en la Quinta Avenida de Nueva York.	我想在纽约的第五大道购物。
07789	Tom me mandó un mensaje interesante.	汤姆给我发了一条有趣的短信。
07790	No pareces estar tan ocupado.	你看起来没有很忙。
07791	Tienes que creerme.	你得相信我。
07792	Llámame cuando llegues.	你到的时候打给我。
07793	Quiero que vayas a Boston.	我希望你去波士顿。
07794	¿Por qué queréis matarme?	你们为什么想杀我？
07795	¿Por qué quieres matarme?	你为什么想杀我？
07796	Tom, quiero hablar contigo.	Tom，我想和你谈谈。
07797	Es Tom con quien quiero hablar.	我想和Tom聊聊。
07798	Quiero quedarme en casa.	我想待在家里。
07799	Quiero ser tan alto como Tom.	我想和Tom一样高。
07800	¿Por qué no estás casado?	你为什么没有结婚？
07801	¿Por qué no estás en la cárcel?	你为何没有在牢里？
07802	Me encantan los perros.	我真的很喜欢狗。
07803	Estabas allí, ¿verdad?	你以前在那儿，对不对？
07804	Tienes que venir aquí mañana.	明天你得来这儿。
07805	No necesito un coche.	我不要一辆车。
07806	No deberías fumar.	你不该吸烟。
07807	Tom no sabe de dónde es Mary.	Tom不知道Mary是从哪里来的。
07808	¿Qué vas a hacer mañana?	你明天会做什么？
07809	Vosotros no me enseñasteis.	您们没教我。
07810	Estoy leyendo tu libro.	我在读你的书。
07811	Él tiene una bonita casa.	他的房子很漂亮。
07812	¡Qué guapa es!	她真美丽。
07813	Ella me invitó a comer.	她请我吃饭了。
07814	Su reloj es más caro que el mío.	他的钟比我的贵。
07815	Mi padre se baña antes de cenar.	吃晚饭以前我爸爸洗澡。
07816	Mañana volveré a Japón.	我明天会回日本。
07817	Él me gusta.	我喜欢他。
07818	En México hay muchas personas estadounidenses.	在墨西哥有很多美国人。
07819	Ella pasa mucho tiempo practicando con el piano.	她花很多时间练钢琴。
07820	¿No has comido nunca un kiwi?	你从来没吃过猕猴桃吗？
07821	¡Bebamos té y comamos chocolate!	让我们喝茶吃巧克力吧！
07822	Solo era una broma.	只是一个玩笑。
07823	Hoy me siento mejor que ayer.	我今天感觉比昨天好。
07824	Esperé tres horas.	我等了三个小时。
07825	María cogió un huevo y lo rompió contra en borde del cuenco.	玛丽娅拿了一个鸡蛋，并将它在碗沿上敲开。 / 玛丽娅拿了一个鸡蛋，并在碗沿上将它敲开。
07826	¡No te mueras!	不要死！ / 别死！
07827	¿Cuál es el diente que molesta?	哪颗牙痛？
07828	Tú sabes quién soy yo.	你知道我是谁。
07829	¿Es él un amigo?	他是一个朋友吗？
07830	Muchos judíos fueron deportados por los alemanes.	许多犹太人被德国人驱逐。
07831	¿Cuántos hermanos y hermanas tienes?	你有多少个兄弟姊妹？
07832	Los perros tienen 39 pares de cromosomas.	狗有39对染色体。
07833	Ya nos conocemos.	我们早就认识了。
07834	Nos vemos el lunes.	星期一见。
07835	Tom quiere a su esposa.	汤姆爱他的妻子。
07836	Australia es aproximadamente veinte veces mayor que Japón.	澳大利亚差不多比日本大二十倍。
07837	Este es el paraguas de Tom.	这是汤姆的雨伞。
07838	¿Fuiste a la escuela?	你去学校了吗？
07839	Odio la química.	我讨厌化学。
07840	Soy tailandés.	我是泰国人。
07841	Yo vivo en Colombia.	我住在哥伦比亚。
07842	Yo vivo en Chile.	我住在智利。
07843	Eso me está poniendo nervioso.	这个让我紧张。
07844	No vuelvas nunca.	你永远别回来了。
07845	Tom nunca fue mi amigo.	汤姆从来就不是我的朋友。
07846	¿Cómo se conocieron Tom y Mary?	汤姆和玛丽是怎么认识的？
07847	¿Qué clase de persona es Tom?	汤姆是个什么样的人？
07848	Ayudo a mi madre a preparar la comida.	我帮忙妈妈做菜。
07849	Conozco a todos aquí.	我认识这里的每个人。
07850	Quiero encontrarme con Tom.	我想跟汤姆见面。
07851	¿Vais a venir conmigo?	你们要和我一起去吗？
07852	Después de tener sexo anal con mi novio, usualmente necesitamos lavarnos bien.	跟我男友肛交后，我们一般需要把自己洗干净。
07853	Después de tener sexo anal con mi novia, usualmente necesitamos lavarnos bien.	跟我女友肛交后，我们一般需要把自己洗干净。
07854	Los niños son las flores de nuestra vida.	孩子是我们生命中的花朵。
07855	Las arterias transportan sangre oxigenada desde el corazón a los tejidos.	动脉将带氧的血液从心脏传送到组织。
07856	Estoy seguro de que la voy a extrañar mucho.	我肯定会很想她的。
07857	Nadie la conoce.	没有人认识她。
07858	¿Puedes venir mañana?	你明天能来吗？
07859	Llegué a Pekín el mes pasado.	我是上个月来的北京。
07860	¿Quién te ha contado eso?	这件事是谁告诉你的？
07861	¿Dónde os conocisteis?	你们是在哪里认识的？
07862	Espera a que termine de escribirte una carta.	等我一到就写信给你。
07863	Nos conocimos en Xian.	我们是在西安认识的。
07864	Estoy esperando la carta de mi amigo.	我在等待朋友的回信。
07865	Tom estaba haciendo preguntas.	汤姆在提问。
07866	Tom se cayó del balcón.	汤姆从阳台上掉了下去。
07867	5.000 yuanes es mucho dinero.	五千元是很多钱。
07868	No estaré callado.	我不会保持沉默的。
07869	No eras tan malo.	你没有这么坏。
07870	¡No, gracias, ya estoy embarazada!	不，谢谢，我已经怀孕了！
07871	Ella se llama Mari, es mi secretaria.	她叫玛丽，是我的秘书。
07872	Ellos son muy felices juntos.	他们在一起很愉快。
07873	Necesito saber su nombre.	我需要知道他的名字。
07874	Debo usar botas.	我该穿靴子。
07875	¿Conoces al niño que está llorando allá?	你认识那个哭著的男孩吗？
07876	Me alegro de ver que has regresado.	很高兴看到你回来了。
07877	Deberías agradecerme.	你应该感谢我。
07878	¿Tienes bicicleta?	你有自行车吗？
07879	No me dijo ni hola.	他没和我说话，甚至没打招呼。
07880	Taro se concentró en memorizar palabras en inglés.	塔罗聚精会神地背英语单词。
07881	No fue mi culpa.	那不是我的错。
07882	Kyoto es famoso por sus santuarios y templos.	京都以其祭坛和寺院闻名。
07883	Adoro las flores.	我喜欢花。
07884	Yo pienso que él va a volver pronto.	我想他会很快回来的。
07885	¿Ya votó?	您已经投了票了吗？
07886	¿Cómo llego a la estación de tren?	请问火车站怎么走？
07887	No quiero caminar a casa.	我不想走回家。
07888	¿Por qué no estás en casa?	你为什么不在家？
07889	Las manzanas comúnmente son verdes, amarillas o rojas.	苹果通常是绿色、黄色或红色。
07890	Acabo de terminar de escribir una carta.	我刚写完信。
07891	No lo puedo explicar.	我不会解释。
07892	Bali es tremendamente caluroso y húmedo en diciembre.	12月份巴厘岛极其炎热和潮湿。
07893	África es la cuna de la humanidad.	非洲是人类的摇篮。
07894	Espero que este sea el comienzo de una hermosa amistad.	希望这是美好友谊的开始。
07895	Iré en taxi.	我坐出租车去。
07896	Odio los tomates.	我讨厌番茄。
07897	El amor es egoísta.	爱很自私。
07898	Yo no quiero abrir la ventana.	我不想打开窗户。
07899	Tom está solo en su oficina.	汤姆一个人在办公室。
07900	Necesito contratar a un contador.	我需要雇用一个会计。
07901	Necesito tomar apuntes.	我需要作笔记。
07902	La declaración de variables es extremadamente importante en C y C++.	变量的声明在C和C++中极其重要。
07903	Me gustaría ser poeta.	我想要成为诗人。
07904	Cierra el libro.	把书合上。
07905	Bueno, estoy de acuerdo.	好。我同意。
07906	Lo único importante en la vida es el amor y el trabajo.	生命中唯一重要的事情是爱情和工作。
07907	No es tu problema.	不是你的问题。
07908	Es fácil de decir, pero no es fácil de hacer.	说起来容易，做起来难。
07909	Está ocupada con el cuidado de sus hijos.	她忙着照料孩子。
07910	Necesito un taxi.	我需要一辆出租车。
07911	Necesito un lugar donde pueda estudiar.	我需要个可以读书的地方。
07912	Necesito una toalla.	我要一块毛巾。 / 我需要一块毛巾。
07913	Necesito más espacio.	我需要更多空间。
07914	Él no sabe contar.	他不会数数。
07915	Su carácter se parece mucho al de su mamá.	她的性格很像她母亲。
07916	Se robó mi cartera.	我的钱包被抢了。
07917	Me gusta trabajar aquí.	我喜欢在这儿工作。
07918	Rara vez ocurre un eclipse solar.	日蚀只会偶尔发生。
07919	No es bonita.	不好看。
07920	Así fue como llegué a conocerla.	我就是这样认识她的。
07921	Cierra la oficina con llave.	把办公室锁上。
07922	Perdí mi cuaderno hoy.	今天我的笔记本掉了。
07923	¿Qué haces en el balcón?	你在阳台上做什么？
07924	Tú corres.	你用跑的。
07925	Quisiera matricularme en la escuela de posgrado.	我想在研究生院注册。
07926	¿Por qué no vas a echar un vistazo?	你为什么不去看看？
07927	Creo que es la mejor manera.	我想那是最好的方法。
07928	Creo que te estás riendo de nosotros.	我觉得你在笑我们。
07929	Yo soy estudiante, pero él no.	我是学生，但是他不是。
07930	Aprendí alemán por medio de un curso de autoaprendizaje.	我自学了半个学期的德文。
07931	El mundo que vi en mi sueño era un mundo pacífico carente de guerra.	我梦见的是一个没有战争的、和平的世界。
07932	No es mi auto.	这不是我的车。
07933	Mary me conoce.	Mary认识我。
07934	Para esta prueba, compré especialmente un tester.	为了这次的测试，我特地买了电压测试仪。
07935	He estado en la India.	我到过印度。
07936	Se dice que, "No se debería ser engañado por rumores falsos," no crees que, "Decir es fácil y hacer es difícil" ?	俗话说：「不应被流言蜚语所惑」，但你不觉得「知易行难」吗？
07937	¿Debería lavar la lechuga?	生菜要洗吗？
07938	¿Está usted ocupado ahora?	现在您忙吗？
07939	¿Está usted ocupada ahora?	现在您忙吗？
07940	¿Está usted ocupada?	您忙吗？
07941	Yo soy de ella y ella es mía.	我是她的，而她是我的。
07942	A veces nadamos en el lago.	我们偶尔在湖里游泳。
07943	¿Hay perros que comen pescado crudo?	有吃生鱼的狗吗？
07944	Danos espacio.	给我们空间。
07945	Ellos no se conocen tan bien.	他们不太认识对方。
07946	El rumor se cree que es verdad.	这则谣言令人信以为真。
07947	Bebimos mucho.	我们喝了很多。
07948	Comparado con los perros, me gustan más los gatos.	比起狗，我更喜欢猫。
07949	No entiendo nada de esto.	这个我一点也不懂。
07950	Me temo que nunca veré a Tom de nuevo.	我怕再也见不到Tom。
07951	A veces odio mi trabajo.	有时我很讨厌我的工作。
07952	Puede que sea viejo, pero no estoy loco.	我可能老，但我不疯。
07953	Abra con cuidado.	小心打开。
07954	Tengo lo que necesitás.	我有你需要的。
07955	Los especialistas son gente que tiene solo una cuerda en su violín.	专家就好像一台只有一根弦的小提琴一样。
07956	Los plátanos son deliciosos.	香蕉很好吃。
07957	¿Cuánto tiempo estuviste ahí?	你在那里待了多久？
07958	Ella tiene una caligrafía terrible.	她写的字很难看。
07959	Este cuarto tiene tres ventanas.	这个房间有三扇窗。
07960	María lleva una sandía.	玛丽娅抱著一个西瓜。
07961	Mi padre no me deja tener un perro.	我父亲不让我养狗。
07962	¿Te sientes cansada?	你觉得累吗？
07963	Esta tarde podría nevar.	下午可能会下雪。
07964	Eso se llama amor verdadero.	那叫做真爱。
07965	¿De quién es la pizza?	披萨是谁的？
07966	Estudio matemáticas.	我读数学。
07967	Siempre recordaré la primera vez que la vi.	我会永远记得见她的第一次。
07968	No pensé que era tan malo.	我还没觉得有那么糟糕。
07969	Juan está a favor de la reforma política.	胡安支持政治改革。
07970	La causa de la muerte es desconocida.	死因不明。
07971	Haceme el favor de no llamarme más.	请你别再打我电话了。
07972	La literatura es el futuro de una nación.	文学是一个国家的未来。
07973	El año 2014 está llegando.	2014年要到来了。
07974	¿Cuántos autos hay en Estados Unidos?	美国有多少汽车？
07975	María es doctora.	玛丽是一位医生。
07976	La gente en Taiwan trabaja duro.	在台湾人们工作很努力。
07977	¿Quién es la novia de Tom?	汤姆的女朋友是谁？
07978	La risa es el mejor remedio para el mal humor.	笑容是坏心情的最佳药方。
07979	Ella está con los padres.	她和她的父母在一起。
07980	Ya se los dije.	我早就和他说过这些了。
07981	Yo trabajo aquí ya desde hace varios años.	我很多年前就开始在这里工作了。
07982	¿Por qué aprendes inglés?	你为什么学英文？
07983	¡Oh! ¿Es en serio?	哦！真的吗？
07984	Fui allí en autobús y tren.	我搭公车和火车去那里。
07985	Definitivamente, no conozco a esa mujer.	我完全不认识那个女人。
07986	Si yo fuera tú, iría.	要是我是你，我就会去。
07987	Quiero ir a la tienda.	我想去商店。
07988	¿Cómo se llama tu papá?	你的爸爸叫什么？
07989	¿Cómo se llama tu marido?	你丈夫叫什么？
07990	Él no es maestro, sino médico.	他不是老师，而是医生。
07991	Quisiera unos zapatos así.	我想要那样的鞋。
07992	Él tiene una flor en la mano.	他手上有一朵花。
07993	Gracias por decirme la verdad.	谢谢你告诉我真相。
07994	¿Estás en la plaza?	你在广场上吗？
07995	El rojo es lindo, pero no tanto como el azul.	红色很漂亮，但还比不过蓝色。
07996	El puente estará terminado a final de año.	大桥将在年底完工。
07997	Repítelo, por favor.	请再说一遍。
07998	Sé demasiado.	我知道的太多了。
07999	Tengo que bajar en la próxima parada.	我下一站下车。
08000	Ponete el termómetro abajo de la axila.	把温度计放到腋下。
08001	Estos libros son míos y esos son de él.	这些书是我的，而那些是他的。
08002	¿Tenés amigos?	你有朋友吗？
08003	¿Tom se volvió loco?	Tom疯了吗？
08004	¿Te gusta la comida picante?	你喜欢吃辣的食物吗？
08005	Tom cree que estamos locos.	汤姆认为我们疯了。
08006	Tom come arroz al menos dos veces al día.	汤姆一天至少吃两次米饭。
08007	Estoy en contra de la reforma política.	我反对政治改革。
08008	Estoy a favor de la reforma política.	我支持政治改革。
08009	Ha llovido fuerte durante toda la mañana.	下了一个上午的大雨。
08010	Tom canta.	汤姆唱歌。
08011	Estoy tan feliz de verte de nuevo.	我很高兴再次见到你。
08012	María dijo que quería casarse conmigo.	玛丽娅说要嫁给我。
08013	¿Tom se va contigo?	汤姆和你一起离开吗？
08014	No puede asistir a clase porque está enferma.	她无法来上学，因为她病了。
08015	¿Has visto ese río?	你看到那条河了吗？
08016	¿Tom también está aquí?	汤姆也在这？
08017	¿No quieres saber por qué?	你不想知道为什么吗？
08018	Colecciono cucharas de plata.	我收集银勺子。
08019	Sí, hablo de los errores de esta frase.	没错，我在说这个句子的错误。
08020	Tom le pidió perdón a María.	Tom祈求María的原谅。
08021	¿Dónde están mis botas?	我的靴子在哪里？
08022	Están muertos.	他们死了。
08023	¿Alguien tiene un lápiz?	有谁有铅笔吗？
08024	¡Se ve muy difícil!	看起来很难！
08025	Tom y María cultivan lechuga en su jardín.	汤姆和玛利亚在他们的院子里种生菜。
08026	Ellos pidieron más dinero.	他们要更多的钱。
08027	Me gustó ese cuaderno.	我喜欢这本笔记本。
08028	Tom sabe lo que tiene que hacer.	汤姆知道他该做什么。
08029	La estrella más cercana a nuestro sistema solar es Próxima Centauri.	离我们太阳系最近的恒星是比邻星。
08030	Se casaron en secreto.	他们秘密地结婚了。
08031	Este libro aún está protegido por derechos de autor.	那本书仍受版权保护。
08032	Es una palabra difícil de traducir.	这是一个难以翻译的字。
08033	Si hace falta, voy contigo.	如果必要的话, 我会和你一起去。
08034	¡Déjame dormir otros diez minutos!	让我再睡十分钟！
08035	No hay nadie en tu dormitorio.	你的卧室里一个人也没有。
08036	La ciudad estaba llena de soldados hambrientos.	城市里充满了饥饿的士兵。
08037	Estas naranjas están podridas.	这些橙子烂了。
08038	El cazador mató al zorro.	猎人杀死了狐狸。
08039	En resumen, él ganó mucho dinero.	总而言之，他赚的钱很多。
08040	Este dolor de estómago es insoportable.	胃疼得难以忍受。
08041	No puedo sencillamente dejar que Tom me mate.	我不能让汤姆这么轻易杀了我。
08042	La amo, pero ella dice que lo nuestro es solamente una amistad.	我喜欢她，但她说我们只是朋友。
08043	El regresó muy tarde a casa anoche.	他晚上很晚回家。
08044	Me dormí muy tarde anoche.	我晚上很晚就寝。
08045	Se está nublando.	云开始多了起来。 / 天阴了起来。
08046	Sé que no quieres estar solo.	我知道你不想一个人呆著。
08047	Quiero tomar el metro para ir.	我想乘地铁去。
08048	Siempre me duermo y me despierto temprano.	我一向都早睡早起。
08049	Esto tal vez es real, tal vez no.	这可能是真的，可能不是。
08050	Lo siento, mi mamá no está en casa.	不好意思，我母亲不在家。
08051	Todos saben que en la guerra él perdió su pierna.	大家都知道他在战争中失去了他的腿。
08052	El pequeño restaurante de hoy mañana puede ser un gran hotel .	今天的小饭馆明天就可以变成大饭店了。
08053	Él es un hombre capaz.	他是个能干的男人。
08054	Ya comí suficiente, gracias.	我已经吃饱了，谢谢。
08055	El jefe tiene muy buena opinión de tu trabajo.	老板对你的工作有很高的评价。
08056	Él es diplomático en la embajada americana.	他是美国大使馆的外交官。
08057	Él es bien recibido donde sea que llegue.	他无论到哪儿都很受欢迎。
08058	Él disfruta mucho su vida estudiantil.	他很享受他的校园生活。
08059	¿Puedo leer un poco tu periódico?	我能不能看一下你的报纸？
08060	Tenemos un muy buen cocinero.	我们有一位非常好的厨师。
08061	Tengo dos hijas y dos hijos.	我有两个女儿和两个儿子。
08062	Después de dormir bien, me siento mucho mejor.	好好睡了一觉以后，我感觉好多了。
08063	Ya han pasado diez años que mi padre murió.	爸爸去世已经十年。
08064	Eres muy perezoso.	你多懒啊！
08065	Ella ya debería haber llegado a casa.	她现在应该已经到家了。
08066	Paseo a mi perro por el parque cada mañana.	我每天早上到公园里遛狗。
08067	Se sentó en un banco.	她坐在长椅上。
08068	Su compañía abrió el año 2005.	他的公司2005年开的。
08069	Yo como pasta.	我吃面
08070	Como pasta.	我吃面。
08071	Esta información es muy importante para nosotros.	这些信息对我们非常重要。
08072	Es difícil para mí responder esta pregunta.	这个问题对我来讲很难回答。
08073	Deberías pensar antes de hablar.	你在说话前应该先思考。
08074	¿Que tal salir a caminar?	出去散步怎么样？
08075	Aquella montaña es fácil de escalar.	那座山很容易爬。
08076	En esta tienda compré este reloj.	我在这家店买了这支手表。
08077	Todos excepto yo recibieron invitación.	除了我，每个人都受到了邀请。
08078	Ellos parecen muy sanos.	他们看起来很健康。
08079	Ellos quieren participar en los juegos olímpicos.	他们想参加奥运会。
08080	¿Por qué ustedes abandonaron el salón ayer?	你们昨天为什么离开教室？
08081	Esa historia me recordó a un viejo amigo.	那个故事让我想起了一个老朋友。
08082	En China la historia comenzó hace treinta años, no podemos saber lo que ocurrió hace más de treinta años.	在中国，历史以三十年为极限，我们不可能知道三十年以前的事。
08083	Es mi error.	这是我的错。
08084	En realidad es buena idea comenzar justo ahora.	其实马上开始会是个好主意。
08085	Pero tú no estás allí.	但你不在那里。
08086	Gracias por su regalo.	谢谢您的礼物。
08087	¿Puedo ver tu licencia de conducir?	我可以看看你的驾驶执照吗？
08088	¿Conoces este hotel?	你知道这家旅馆吗？
08089	A él le gusta beber café sin azúcar.	他喜欢喝咖啡不加糖。
08090	Este semestre tenemos dos exámenes.	这个学期我们有两次考试。
08091	Él me enseñó su fotografía.	他给我看了她的照片。
08092	Tengo un poco de diarrea.	我有点拉肚子。
08093	¿Por qué se quieren ir hoy?	你们为什么想今天走？
08094	Tengo algunos amigos.	我有一些朋友。
08095	En verdad quiero saber su nombre.	我很想知道她的名字。
08096	¿Por qué te gusta Hawái?	你为什么喜欢夏威夷？
08097	No tenemos otra opción.	我们没有别的选择。
08098	¿Necesitas carro?	你需要车吗？
08099	No encuentro mi boleto.	我找不到我的票。
08100	Venus no tiene luna.	金星没有卫星。
08101	Mi tío vive en un departamento.	我叔叔住在公寓里。
08102	Queremos quedarnos tres noches.	我们要住三晚。
08103	En Japón hay muchos lugares hermosos.	日本有很多漂亮的地方。
08104	¿Ya has ido al extranjero?	你已经出过国了吗？
08105	Ella no tiene suficiente experiencia.	她没有足够的经验。
08106	Tom mintió.	汤姆说谎了。
08107	Estoy usando la computadora.	我正在用电脑。
08108	Tom es tímido y cobarde.	汤姆害羞而胆小。
08109	Ella no solo era una actriz, además era una famosa pintora.	她不但是一个演员，她还曾是一个著名的画家。
08110	Estamos buscando una bonita casa para vivir.	我们在找一个漂亮的屋子住。
08111	¿Él es dueño de aquel carro?	他是那辆车的主人吗 ?
08112	Soy solo una persona ordinaria.	我只是个老百姓。
08113	Sí, tienes que practicar todos los días.	是的，你需要每天练习。
08114	Iremos a bailar mañana.	我们明天要去跳舞。
08115	No fui a trabajar ayer.	我昨天没去上班。
08116	Él está muy satisfecho con su nuevo automovil.	他对他的新车很满意。
08117	Hemos estado casados 3 años.	我们结婚已经有3年了。
08118	¿Te divertiste el fin de semana?	周末玩得开心吗？
08119	Ella no estuvo allí el último mes.	她上个月不在。
08120	Ella puede hablar francés, y lo habla muy fluido.	她能说法语，而且说得很流畅。
08121	¿Quieres sentarte?	你想坐下吗？
08122	Eso lo hizo perder su trabajo.	这件事让他丢了工作。
08123	Su libro es rojo.	他的书是红色的。
08124	Brasil es un país gigante.	巴西是一个幅员辽阔的国家。
08125	Yo usé el mapa durante mi viaje.	我在旅行中用了地图。
08126	Yo usé el mapa durante mis viajes.	我在旅行中用了地图。
08127	Yo usé los mapas durante mi viaje.	我在旅行中用了地图。
08128	Yo usé los mapas durante mis viajes.	我在旅行中用了地图。
08129	No debes juzgar a un hombre por su apariencia.	你不应该以貌取人。
08130	A pesar de ser mi vecino, no sé mucho acerca de él.	虽然他是我的邻居，但是我对他并不太了解。
08131	El caballo no es blanco.	这匹马不是白色的。
08132	Volvió a Japón.	他回日本了。
08133	Podemos descansar.	我们可以休息。
08134	Mañana tengo que comprar uno.	明天我必须买一个。
08135	Deseo que no me digas mentiras.	我希望你不要讲谎话。
08136	Tienes que ir a la reunión.	你必须去会议。
08137	¿Dónde fueron tomadas estas fotos?	这些照片是在哪儿拍的？
08138	¿Qué tan seguido comes pescado?	你多久吃一次鱼？
08139	Disculpa, no entiendo.	抱歉，我不太明白。
08140	¿Ya ha vuelto mi padre?	我父亲已经回来了吗?
08141	Creo que es necesario que estudies con más ganas.	我认为你需要更努力学习。
08142	Durante el siglo 20, Manchuria era un estado títere.	在20世纪期间，满洲国是一个傀儡国家。
08143	Es el beneficio del pescador.	渔人得利。
08144	Hay que cocer las castañas por al menos quince minutos.	栗子至少要煮15分钟。
08145	Por favor responde a todas las preguntas.	请回答所有问题。
08146	¿Entonces dónde está el problema?	所以，哪里有问题？
08147	En cuanto Tom prendió la televisión, se quemó el fusible.	汤姆一打开电视，保险丝就烧了。
08148	El paciente puede morir en cualquier momento.	病人随时会死。
08149	¿De dónde salen los autobuses aeroportuarios?	机场大巴从哪里出发？
08150	Reparte las cartas, por favor.	请发一下牌。
08151	¿Me lo puedo probar?	我能试一下吗？
08152	Ben aprendió a hacer fuego sin usar fósforos.	Ben学会了不用火柴就能生火。
08153	Ella nunca me daba ningún regalo.	她从没送过我任何礼物。
08154	Es mi única preocupación.	这是我唯一关心的。
08155	Alquilemos una bicicleta.	让我们租一辆自行车。
08156	Demos un paseo por el parque.	让我们在公园里散步吧。
08157	Ahora mi hermano no tiene trabajo.	我兄弟现在没工作。
08158	Esto es lo que más quiero.	这是我最喜欢的。
08159	Según el horóscopo chino, nací en el año de la serpiente.	依据中国的生肖，我出生在蛇年。
08160	Nunca he dicho esto a nadie.	我从来没对任何人说起过这个。
08161	Su manera de hablar me molesta.	他说话的方式让我很不好受。
08162	Tu gato es negro.	你的猫是黑色的。
08163	La bicicleta azul es nueva.	那辆蓝色的自行车是新的。
08164	Me ha telefoneado.	他给我打了电话。
08165	No eres una mujer.	你不是一个女人。
08166	No eres un hombre.	你不是一个男人。
08167	He terminado de escribir.	我写完了。
08168	Ella es una buena estudiante.	她是个好学生。
08169	Voy a comprar carne, arroz, azúcar y verduras.	我要去买肉、米、糖和蔬菜。
08170	Su coche no es bueno.	他的车不怎么好。
08171	Sólo tienes dos opciones para seleccionar.	你只有两种选择。
08172	Ella tiene flores rojas.	她有红色的花。
08173	¿Tiene ella un ordenador nuevo?	她有一台新电脑吗？
08174	Sigue leyendo.	继续看。
08175	Este lago es el más profundo de Japón.	这片湖是日本最深的。
08176	Jane escribió la carta personalmente.	珍自己写了这封信。
08177	Mi hermana mayor sabe tocar la guitarra muy bien.	我的姐姐很会弹吉他。
08178	Es por eso que quieren estudiar inglés.	这就是为什么他们要学英文。
08179	Un invierno en el que no nieva no es un invierno.	没有雪的冬天不是冬天。
08180	Cuéntame tu plan.	告诉我你的计划。
08181	Tom tiene algo en la mano izquierda.	汤姆的左手拿著什么东西。
08182	¡No mires a Tom, mírame a mí!	不要看汤姆。看著我。
08183	¿Adónde me lleváis?	你们要带我去哪？
08184	Este libro es sobre la vida en Inglaterra.	这本书关于生活在英国。
08185	De los tres coches que tiene, uno es azul y los otros dos blancos.	她的三台车有一辆是蓝色的，其余两辆是白色的。
08186	Esta habitación no es grande.	这个房间不大。
08187	¿Cuándo estudias?	你什么时候读书？
08188	Yo leí un libro.	我看了一本书。
08189	«¿Te molestaría llevarme a casa?» dijo ella.	"你介意送我回家吗?" 她说。
08190	Tom perdió el equilibrio y se cayó.	Tom失去平衡并跌到了。
08191	Marca las palabras que no entiendas.	你不懂的词做个记号。
08192	Te ves muy cansada.	妳看上去非常累。
08193	Tápate con la cobija si tienes frío.	如果你冷，就把毯子盖上。
08194	Me gusta mucho comer mariscos.	我很喜欢吃海鲜。
08195	He estado muy ocupado desde que regresé del extranjero.	我回国后很忙。
08196	Yo he estado muy ocupado desde que regresé del extranjero.	我回国后很忙。
08197	He estado muy ocupada desde que regresé del extranjero.	我回国后很忙。
08198	Yo he estado muy ocupada desde que regresé del extranjero.	我回国后很忙。
08199	Tom se compró una cámara ayer.	汤姆昨天买了一部相机。
08200	Tom siempre fue diferente de los otros niños.	汤姆总是跟别的小孩不一样。
08201	Tom me conoce.	Tom认识我。
08202	El portugués está cerca del español.	葡萄牙语很像西班牙语。
08203	No hemos visto nada.	我们什么都没看见。
08204	¿Adónde va el tranvía número tres?	有轨电车三号线是去哪里的？
08205	La escuela se cerró por la amenaza de bomba.	学校因为炸弹威胁关闭了。
08206	Yo tampoco sé.	我也不知道。
08207	¿Es usted su madre?	您是他的母亲吗？
08208	Este cruce es peligroso.	这个十字路口很危险。
08209	Este diccionario me ha sido de gran utilidad.	这本字典对我有很大用处。
08210	El agua está subiendo.	水在升高。
08211	Ellos beben Coca-Cola.	他们喝可口可乐。
08212	¿Cuánto me conoces?	你什么时候认识我的？
08213	¿Le has escrito una carta?	你给他写了一封信？
08214	¿Cuál es tu sistema operativo favorito?	你最喜欢的操作系统是哪个？
08215	Tom está casi listo.	汤姆基本准备好了。
08216	¡Hablas tantos idiomas!	你会说好多语言！ / 你会说这么多语言！
08217	¿Ha muerto Tom?	汤姆死了吗？
08218	Tom le mostró a Mary su nuevo tatuaje.	汤姆向玛丽展示了他的新纹身。
08219	Pronto te acostumbrarás a vivir en una residencia.	你很快会适应在宿舍的生活的。
08220	A ella le gusta el pop ruso.	她喜欢听俄罗斯流行音乐。
08221	Él debe comprarle una nueva bicicleta a su hijo.	他应该为他儿子买一台新的脚踏车。
08222	Tom se rio.	汤姆笑了。
08223	Tom dijo que quería aprender francés.	汤姆说他想学法语。
08224	No hace falta que te vayas inmediatamente.	你不必马上出门。
08225	Escuchó música durante varias horas.	她听音乐听了好几个小时。
08226	En cuanto salió por la puerta, empezó a llover.	他一出门，雨就开始下了。
08227	¿Ustedes no aceptan tarjeta de crédito?	你们不接受信用卡？
08228	Todos están muy ocupados.	大家都很忙。
08229	¿Notaste algo sospechoso?	你有注意到什么可疑的地方吗？
08230	África es un continente muy grande.	非洲是一块非常大的大陆。
08231	Del escaparate salió un monstruo de tres manos.	从橱窗里跳出一个三只手的怪物。
08232	Prefiero las novelas con un final feliz.	我偏好结局圆满的小说。
08233	Esta habitación está fría.	这间房间很冷。
08234	¡Hola, Tom! ¿Cuándo has venido?	你好汤姆！你什么时候来的？
08235	Muchas gracias.	多谢。
08236	Esta tarde va a hacer bueno.	今天下午天气会很好。
08237	Vi ese partido de principio a fin.	那场比赛，我从头看到尾。
08238	Ella iba vestida de rojo.	她穿着红色的衣服。
08239	Pareces estar muy nervioso.	你看起来很紧张。
08240	Hoy no quiero comprar el periódico.	我今天不想买报纸。
08241	Tom dice que necesitan más tiempo.	汤姆说他们需要更多时间。
08242	Empecé a pensar en Tom.	我开始想起汤姆。
08243	Tom le pidió a María que comprara un regalo para Juan.	汤姆叫玛丽买一份礼物给约翰。
08244	Yo tampoco lo sé.	我也不知道。
08245	¡Mira! ¡El coche está ardiendo!	看看！车子着火了。
08246	No duerme.	他不睡觉。
08247	Soy una persona completamente feliz.	我是一个沉浸在快乐中的人。
08248	Busco mis botas.	我在找我的靴子。
08249	Sé que tienes novia.	我知道你有女朋友！
08250	¿Por qué en los aviones hay chalecos salvavidas en vez de paracaídas?	为什么在飞机上只有救生衣，没有降落伞？
08251	Quiero una golosina.	我要一颗软糖。
08252	Te perjudicarás a ti mismo si hicieres daño a otros.	你若是伤害别人，你也会伤害到自己。
08253	Mi hermoso bolígrafo es violeta.	我漂亮的圆珠笔是紫色的。
08254	Tom también habla francés.	汤姆也会说法语。
08255	No puedes entrar en esta habitación.	你不能进这个房间。
08256	Quizá no te acuerdes de mí, pero yo sí que me acuerdo de ti.	或许你不记得我了，但是我记得你。
08257	Si bebes, no conduzcas. Si conduces, no bebas.	喝酒不开车，开车不喝酒。
08258	Mi mamá y yo somos completamente diferentes.	我妈妈和我完全不同。
08259	A mí no me gusta el maíz.	我不喜欢玉米。
08260	No soy Tom.	我不是汤姆。
08261	Todos lo sabían.	他们都知道。
08262	Todos me conocen.	大家都认识我。
08263	Él sacó su pluma.	他拿出他的钢笔。
08264	Déjame terminar esto primero.	让我先把这个做完。
08265	Mi madre es secretaria.	我妈是秘书。
08266	No estacionar.	禁止停车。
08267	Usted debería haberlo visto.	您本应该看看它的。
08268	Sólo hay una pequeña diferencia entre los dos.	两者之间只有很小的差别。
08269	Este automóvil hace 13 kilómetros por litro de combustible.	这辆车每升油能跑十三公里。
08270	Muchos residentes de esta calle tienen bajo nivel de educación.	这条路上的许多居民素质都很差。
08271	A ella le gusta leer revistas.	她喜欢读杂志。
08272	Los rumores eran falsos.	谣言是假的。
08273	Tom es demasiado honesto que ni puede mentir.	汤姆太老实了，连撒谎都不会。
08274	Por favor llene esta forma, el examen será el veinte de este mes.	请你把这张表格填好，考试就在这个月二十号。
08275	He estado trabajando toda esta semana.	这周我一直在工作。
08276	¡Eso es un circo!	那是个马戏团！
08277	No puedes venir con nosotros.	你不能跟我们一起去。
08278	Espera un momento, creo que deberías ir con ellos.	等一下… 我觉得你应该跟他们一起去。
08279	Empezó a encontrarse enfermo.	他开始感到病。
08280	Yo conozco a una chica estadounidense que habla muy bien japonés.	我认识一个美国女孩日语说得很好。
08281	Esto no está hecho de plata.	这不是银做的。
08282	Tom ya no está casado.	汤姆没跟任何人结婚。
08283	Voy a vivir en Camboya.	我将去柬埔寨生活。
08284	¿Puedo preguntaros algo?	我能问你们一些问题吗？
08285	Ceno a las siete y cuarto.	我在七时十五分吃晚饭。
08286	Todos dicen que me parezco a papá.	每个人都说我看起来像我爸爸。 / 人人都说我长得像我爸。
08287	¿Te gusta el café?	你喜欢咖啡吗？
08288	Su casa está aquí en algún lugar.	他家在这儿某处。
08289	Sé quién es ella.	我知道她是谁。
08290	¿Por qué tengo que ir a la escuela?	为什么我应该去学校？
08291	Compramos pan y leche.	我们买了面包和牛奶。
08292	Esto no es complicado.	这个不难。
08293	¿Hay alguien?	有人吗？
08294	Esto es difícil para ti, ¿verdad?	这对你来说很难，对不对？
08295	¿No tienen sed?	你不渴吗？
08296	Tom está enamorado de otra mujer.	Tom和别的女人陷入爱河。
08297	Él le pidió disculpas al profesor por haber llegado tarde a la escuela.	他为上学迟到一事向老师道了歉。
08298	El primer día del curso él compró el libro de texto el cual necesitaba para hacer sus deberes.	在学期的第一天，他买了写作业要用到的教科书。
08299	Papá escribe todos los días en su diario.	爸爸每天写日记。
08300	Tuvimos que mentir para protegernos.	为了保护自己，我们只好说谎。
08301	¿Jugo de naranja o champaña?	柳橙汁或香槟?
08302	La matemática pura es religión.	纯粹数学是宗教。
08303	Realmente necesita tu ayuda.	她真的需要你的帮助。
08304	Él me va a llamar a eso de las seis.	他六点左右要给我打电话。
08305	Mi abuela tiene osteoporosis.	我外婆患有骨质疏松症。 / 我奶奶患有骨质疏松症。
08306	Primero quiero decírselo a la policía.	我想先跟警察说。
08307	A menudo estoy en este sitio.	我常常在这个地方。
08308	¡Mirad todos hacia la pizarra!	请大家看看黑板。
08309	Soy mujer.	我是女人。
08310	Leí su libro.	我看了他的书。
08311	Anteayer hizo viento.	前天风很大。
08312	Por eso te llamé.	所以我给你打了电话。
08313	Mike, ¿es tuyo este libro?	迈克，这是你的书吗？
08314	Vivo en este planeta.	我住在这个行星。
08315	Allá hace frío, incluso en verano.	那里连夏天也冷。
08316	Qué pepino tan largo.	这根黄瓜好长啊！
08317	Yo ya sé inglés.	我已经会英语了。
08318	Tom se subió al taxi.	汤姆上了出租车。
08319	Se casó con ella.	他和她结婚了。 / 他娶了她。
08320	Él se casó con él.	他和他结婚了。
08321	Él se casó con ella.	他和她结婚了。 / 他娶了她。
08322	Ella se casó con ella.	她和她结婚了。
08323	Me matricularé en esa clase.	我会注册那个班的。
08324	La gente está protestando en Hong Kong.	人们在香港抗议。
08325	¿Te gusta más la leche o el café?	你喜欢牛奶还是咖啡?
08326	¿Qué te dijo?	他对你说了些什么？
08327	Ella me besó sin decir una palabra.	她一句话都没说，就亲了我。
08328	Llené el vaso.	我把杯子倒满了。 / 我把水杯倒满了。
08329	Tuvo que compartir su habitación con su hermana.	她要和她的妹妹共享她的房间。 / 她要和她的姐姐共享她的房间。 / 他要和他的姐姐共享她的房间。 / 他要和他的妹妹共享她的房间。
08330	¿Cuántas estaciones de autobuses hay en esta ciudad?	这座城市有几个汽车站？
08331	¿Dónde está tu madre?	你妈妈在哪？
08332	¿Cómo leen ustedes esta palabra?	你们怎么读这个词？
08333	Él es portugués.	他是葡萄牙人。
08334	El amor es cuando dos se aman mutuamente. Cuando solo uno ama es una enfermedad.	“爱”是指两个人相互的爱，如果一个人单相思，那是一种病。
08335	Me has herido mucho.	你把我伤透了。
08336	Eres realmente hermosa.	你真的很漂亮。
08337	Me gusta la actitud de Tom.	我喜欢Tom的态度。
08338	Nunca me ha gustado Tom.	我从来都不喜欢汤姆。
08339	¿Te traigo una almohada?	我再给你拿一个枕头来？
08340	¿Podemos volver ahora?	我们现在能回去吗？
08341	Tráeme mi taza.	把我的茶杯给我。 / 把我的咖啡杯给我。
08342	Eso fue un gran error.	那是个非常大的错误。
08343	Me acosté con mi jefa.	我把我老板睡了。
08344	¡Cuidado en la carretera!	在公路上小心点！
08345	¿Cuántos bocatas quedan?	还剩多少个三明治？
08346	Escucha música en su habitación.	她在自己的房间里听音乐。
08347	¿Por qué no dices nada?	为什么你不说话?
08348	Este poema fue escrito por un poeta anónimo.	这首诗是匿名诗人写的。
08349	¡No tomes agua!	不要喝水！
08350	¡No tomes el agua!	不要喝水！
08351	Gracias.	谢谢。
08352	Madre Teresa recibió el premio Nobel.	特蕾莎修女被授予诺贝尔奖。
08353	¡Muchas gracias por tu traducción!	谢谢你的翻译。
08354	¿Por qué atacaste a Tom?	你为什么攻击汤姆？
08355	Todos mis amigos me llaman Tom.	我的朋友都叫我汤姆。
08356	¿Bueno?	喂。
08357	Mi mundo interior es muy amplio. ¡No sé cómo expresarlo!	内心世界很丰富，不知该如何表达了！
08358	Ya es muy de noche.	现在太晚了。
08359	Puede que Tom vuelva.	汤姆可能会回来。
08360	Él de seguro no es ningún caballero.	他肯定不是什么绅士。
08361	¿Has comprendido?	你明白了吗？
08362	Rápidamente se hicieron amigos íntimos.	他们很快就变成亲密的朋友。
08363	No sé por qué va a la peluquería si está todo calvo.	我不明白为什么他全秃还要去理发店。
08364	Aquellas flores se murieron.	那些花死了。
08365	Vos también.	你也是。
08366	No sé cuál sea el siguente paso.	我不知道下一步做什么。
08367	Vivo a un lado del mar así que seguido voy a la playa.	我住在海边所以经常去海滩。
08368	Ya pedimos comida china.	我们点了中餐。
08369	Creo que este libro es muy sencillo.	我觉得这本书很简单。
08370	Los libros están regados por el cuarto.	书散落在房里。
08371	Quiero oír la historia secreta de la industria.	想听业界秘闻。
08372	La chica de repente se echó a llorar.	那个少女一下子哭了起来。
08373	Me atrevo a decir que no es un chico malo.	我敢说他不是个坏男生。
08374	El cerebro humano pesa alrededor de 1500 gramos.	人类的大脑大约重1500克。
08375	¡Es una chulada la concentración de changarritos y el surtido de mercancía!	好多马路商店集中，商品琳琅满目，真好看！
08376	Ella ha estado entrando y saliendo del hospital.	她一直在进进出出医院。
08377	Encontré una olla con varias monedas viejas adentro.	我找到一个装有几枚古钱币的锅子。
08378	Jamás he confiado en él.	我一直不相信他。
08379	Esta es la habitación de Tom.	这是Tom的房间。
08380	No está en la ciudad.	他不在城里。
08381	Tom parece inteligente.	汤姆看上去像个聪明人。
08382	¿Quieres que te dibuje algo?	想要我给你画点什么吗？
08383	¿Qué estás escondiendo?	你在藏什么？
08384	Tom actuó sin pensar.	汤姆不加思索地行动。
08385	Los escolares van a la escuela con las carteras colgando de los hombros.	学生去学校，肩上背着书包。
08386	Conozco al periodista que lleva una cámara colgada del hombro.	我认识肩上背着照相机的记者。
08387	La situación de esa factoría no es tan buena, tiene muchas deudas.	那家工厂的境况不太好，背了很多债务。
08388	Todavía no hay autopistas en esa área montañosa. Todo el cargamento tiene que ser transportado sobre las espaldas de un hombre o un caballo.	那多山地区还没有高速路。所有货运被驮在人的背上或在马的背上。
08389	Soy capaz de llevar esta caja sobre mi espalda.	我背上能够驮这个箱子。
08390	Cuando termina lo amargo llega lo dulce y cuando terminan las bendiciones llega la tristeza.	吃苦了苦、苦尽甘来，享福了福、福尽悲来。
08391	Por favor, libera los pájaros capturados.	请放走笼中的鸟儿。
08392	No pares el coche al azar en el arcén de la carretera.	不要随意在路边停车。
08393	Saludaba con la mano a la muchedumbre mientras dejaba el avión.	他向群众挥手欢迎，同时放下了飞机。
08394	Han dado muchas razones a favor de su posición y me urgieron a apoyarles.	他们摆出了很多理由来支持他们的立场，且敦促我们支持他们。
08395	La televisión no debería estar demasiado cerca, colócala un poco más lejos.	电视机不应该摆太接近，摆更远一点。
08396	Las personas reservadas no alardean de sus logros en público.	含蓄的人不会公然标榜自己的成绩。
08397	No es capaz de encontrar un trabajo que tenga una excelente remuneración.	他没能找到待遇优厚的工作。
08398	Se pone mucho pintalabios al maquillarse.	她化妆时擦了很多的口红。
08399	El nombre de ese héroe nunca podrá borrarse de sus mentes.	那个英雄的名字在人民记忆中将不会被抹去。
08400	La bicicleta irá más deprisa si la engrasas.	如果给自行车上油，它会跑得更快一些。
08401	La frase de la pizarra ha sido borrada.	黑板的句子被抹掉了。
08402	Su casa es limpiada a conciencia una vez a la semana.	他的家每周彻底打扫一次。
08403	El niño abraza a su madre mientras le escucha contar una historia.	孩子搂在妈妈怀里，听妈妈讲故事。
08404	Este árbol de 600 años no puede rodearse ni tan siquiera con los brazos extendidos de cinco personas.	这棵600年的树，一人抱不住，甚至五人伸开手臂也合围不了。
08405	Este deportista volvió con el trofeo.	这个运动员把奖杯抱回来了。
08406	La hermana mayor bajó las escaleras llevando a su hermano menor en brazos.	大姐下了楼，拥抱着哥哥。
08407	¿Puedes perdonarme?	可以原谅我吗？
08408	¿Qué os apetece hacer esta noche?	你们今晚想做什么？
08409	Allen es poeta.	Allen是个诗人。
08410	No tengo hijos.	我没有孩子。
08411	Resolver el problema me llevó cinco minutos.	我花了五分钟解决问题。
08412	Soy aburrido.	我很乏味。
08413	Si haces eso, traicionarás la confianza de tus amigos.	你这样做，辜负了朋友对你的信任。
08414	¿Te gusta nadar?	你喜欢游泳吗？
08415	A esto se le llama "chivatear".	这种行为叫做 “打小报告”。
08416	Me arrestaron.	我被逮捕了。
08417	¡Eres verdaderamente guapo!	你真的很帅！
08418	Rusia es más grande que Plutón.	俄罗斯比冥王星大。
08419	Estudio lingüística.	我读语言学。
08420	Hay islas en el mar.	海里有岛。
08421	Me sentí engañado.	我觉得我被骗了。
08422	Su abuela le pasó la peina y sacó siete piojos; dos de ellos bien crecidos ya.	她奶奶用梳子帮她梳出了七只虱子；其中两只已经长得很大了。
08423	Qué pena, ese arbusto ha sido pisoteado.	真可惜，那个灌木被踩了。
08424	Según se dice, es tan tímido que ni tan siquiera se atreve a pisar un mosquito.	听说他是很胆怯，以至于他不敢踩虫子。
08425	Un famoso escritor chino dijo que el camino solo aparece tras pisar muchas veces.	有名中国的作家曾说道路只会被发现在多次踏以后。
08426	Ese joven no tiene experiencia ya que acaba de empezar a trabajar.	那个年轻人没有经验，因为他才开始工作。
08427	Quiero irme a casa a dormir.	我要回家睡觉了。
08428	No estábamos peleándonos.	我们没在打架。
08429	Esta victoria hizo que él consiguiese una enorme fama.	这次胜利为他带来了巨大的声誉。
08430	El intermediario considera que ganar dinero no tiene límites.	经纪人觉得赚钱是无止境的。
08431	Xue insiste en ver la televisión en la cama.	薛偏要在床上看电视。
08432	El cuchillo del carnicero está en el cajón.	屠夫的刀子在抽屉里。
08433	La llegada de McCartney a China fue un hito muy importante.	马戛尔尼的到来在中国是重要里程碑了。
08434	Creo que Perla es un buen nombre para una empresa de sanitarios.	我认为珍珠对于一家位于公司，是很好的名字。
08435	Ella me contó sobre su maestro.	她告诉我关于她老师的事。
08436	Te presento a mis amigos.	我给你介绍介绍我的朋友。
08437	¿No has oído que te acabo de llamar?	你没听到我在叫你吗?
08438	Siempre está conectado.	他总是在网上。
08439	Tom quiere que me mantenga lejos de ti.	Tom要我离他远一点。
08440	Abre la puerta para que entre, por favor.	请把们们打开让他进来。
08441	Ha progresado considerablemente en inglés.	他的英文进步得很快。
08442	¿Cuál es la fórmula para calcular el área del círculo?	圆的面积计算公式是什么？
08443	He estado estudiando toda la mañana, ahora estoy cansado... necesito energía extra.	我整个上午一直在看书，现在很累……需要补充能量。
08444	¿De dónde ha copiado este libro?.	他是从哪里抄来这本书的？
08445	Esta tienda tiene muchos productos, quizás tenga también lo que quieres comprar.	这家商店有很多商品，说不定也有你想买的东西。
08446	La ladera de la montaña hizo que las aguas torrenciales de la inundación girasen hacia el oeste.	山坡让滔滔的洪水往西流。
08447	Hoy estamos muy atareados, de ningún modo podemos terminar el trabajo.	我们今天很忙，肯定交不了差。
08448	Él no tiene amigos, dinero, casa... pero se lo pasa bien igualmente.	他没有朋友，没有钱，没有房子……他照样玩得很开心。
08449	Este libro es aburrido, cuanto más lo leo más ganas tengo de cerrarlo.	这本书没劲儿，越看越想合上它。
08450	Si quieres estar más fuerte, come espinacas.	如果你想变得更强，就吃点菠菜。
08451	Puedes descansar sobre la hierba pero no la pisotees.	你可以休息在草地上，但是别踩它。
08452	Cuando le hago una pregunta ella me mira enfurecida.	问她问题的时候她冷冷地瞪了我一眼。
08453	Nos sentimos sin duda extremadamente honrados por su presencia.	你肯光临使我们感到无比荣幸。
08454	Si estás constipado deberías evitar la falta de sueño.	如果你生病了，要避免睡眠不足。
08455	El software libre no es gratis.	自由软件不是免费软件。
08456	Al principio nosotros creemos que sabemos todo, pero después descubrimos que la realidad es que no sabemos nada.	开始的时候，我们以为我们什么都知道，但后来发现，事实是我们什么都不知道。
08457	Tom es más talentoso que yo.	汤姆比我更有才干。
08458	Allí no hay ningún gato.	那儿没有猫。
08459	Tom y Mary son hijos únicos.	Tom和Mary都是独生子女。
08460	Tienes unos ojos realmente hermosos.	你的眼睛真漂亮。
08461	Yo soy tres años más joven que él.	我比他年轻3岁。
08462	Tu mano está realmente fría.	你的手真冷。
08463	Londres era muy importante por razones económicas y culturales.	伦敦过去因为经济和文化的缘故，十分重要。
08464	La sala de mi casa nueva es muy amplia.	我新家的客厅很宽敞。
08465	Estoy ocupado buscando apartamento.	我正忙著找公寓。
08466	Yo soy chaozhou.	我是潮州人。
08467	Ambas respuestas son correctas.	两个答案都正确。
08468	¿Estás seguro de que era él?	你确定那是他？
08469	Traduzca la palabra.	翻译这个词。
08470	Yo escuché su historia.	我听过她的故事。
08471	Si vamos por acá los alcanzaremos.	我们从这儿走就能追上他们。
08472	Enciende la vela.	把蜡烛点燃。
08473	No puedes hacer buena sopa con carne barata.	你无法用廉价的肉煮出美味的汤。
08474	Mary es una mujer muy ocupada.	Mary是个忙碌的女人。
08475	Fui ofendido.	我被冒犯了。
08476	Casi no tengo ganas de ir al otro extremo de la ciudad.	我几乎不想到城市的另一端。
08477	Oí un ruiseñor japonés.	我听见红嘴相思鸟在叫。
08478	Soy un fotógrafo freelance.	我是个自由摄影师。
08479	Mi novia lloró.	我女朋友哭了。
08480	Hay muchos huevos en la cesta.	篮子里有很多鸡蛋。
08481	¿Sabes qué hicimos?	你知道我们做了什么吗？
08482	Tarde o temprano se sabrá.	迟早会知道的。
08483	¿Por qué cierras la puerta con llave?	你为什么用钥匙将门锁上？
08484	Tom acusó a Mary de no ser honesta.	汤姆指控玛丽不诚实。
08485	¿Ya lavaste el carro?	你洗过车子了吗？
08486	A ella no le gusta el color de esta falda.	她不喜欢这条裙子的颜色。
08487	Ayer fui a la tienda de ropa y compré una blusa azul y tres pantalones.	昨天我去衣服店买了一件蓝色的衬衫和三件裤子。
08488	Disculpe, ¿dónde está el banco de China?	请问，中国银行在哪里？
08489	Ella se bebió tres vasos de café.	她喝了三杯咖啡。
08490	¿Conoces a esta niña?	你认识不认识这个女孩？
08491	Que no se te olvide llamarme.	别忘了给我打电话。
08492	Esa es una gran mentira.	这是一个巨大的谎言。
08493	Aquellos perros no paran de ladrar.	那些狗不停的叫声。
08494	¡Sabía que tenías novia!	我就知道你有女朋友！
08495	Yo soy siempre el primero en llegar.	我总是第一个到的。
08496	¿Puedo tomarte una foto?	我可以帮你照相吗？
08497	No creemos eso.	我们不相信那个。
08498	¿Sabéis quién dijo eso?	你们知道这是谁说的吗？
08499	Voy al coro a ensayar villancicos.	我要去唱诗班排练圣诞歌。
08500	En Japón hay muchos terremotos.	日本有许多地震。
08501	¿Dónde está mi cuaderno?	我的笔记本在哪里？
08502	Mi hermano esconde sus revistas pornográficas debajo de su colchón.	我的兄弟把色情杂志藏在床垫下面。
08503	En el mercado compramos melocotones, alcachofas, calabacines, fresas y berenjenas.	在菜场我们买了桃子、洋蓟、西葫芦、草莓和茄子。
08504	No quiero reprobar mis exámenes.	我不想考试失败。
08505	Usaba sombrero negro.	她戴著顶黑色的帽子。
08506	Tom está casado con Mary, ¿no?	汤姆是和玛丽结婚的吧？
08507	Fumar es un suicidio.	吸烟等于自杀。
08508	¿Por qué no me dijiste la verdad?	为什么你不告诉我真相？
08509	Ojalá pudiera dejar de pensar en Tom.	希望我可以不再想Tom。
08510	El frigorífico está abierto.	冰箱开著。
08511	¿Dónde se encuentra la embajada de Méjico?	墨西哥大使馆在哪里？
08512	Júpiter es el mayor planeta del sistema solar.	木星是太阳系中最大的行星。
08513	Entiendo.	我明白。
08514	Ellos son humanos.	他们是人类。
08515	Me gustan mucho los pimientos verdes.	我很喜欢青椒。
08516	Le interesa mucho la biología.	他对生物学很感兴趣。
08517	Tom es el único canadiense de aquí.	汤姆是这里唯一的加拿大人。
08518	¿Tienes un cuenco para sopa?	你有碗盛汤吗？ / 你有汤碗吗？
08519	Estamos trabajando para usted.	我们正在为您工作。
08520	Soy de otro planeta.	我来自别的行星。
08521	Olvidé mi pluma.	我忘带我的钢笔了。
08522	Tom está en su cuarto, haciendo una maleta.	汤姆在他房间整理行李。
08523	Si esto es un problema, ¿cuál es la respuesta?	如果这是问题，那答案是什么？
08524	Lo debiste haber terminado hace mucho.	你们很久前就应该完成了。
08525	Tengo un perro negro grande.	我有只大黑狗。
08526	El pájaro está en el cielo.	鸟在天上。
08527	¿Tuviste relaciones sexuales con él?	你和他有过性关系吗？ / 你和她有过性关系吗？
08528	Él casi no puede hablar francés.	他不怎么会法语。
08529	¿He cambiado tanto?	我变了这么多吗？
08530	Vosotros erais buenos, ahora sois mejores.	你们从前很好，现在更好了。
08531	¿Cuándo emigraste a nuestro país?	你何时移民到我们国家?
08532	¿Cuándo emigró a nuestro país?	你何时移民到我们国家?
08533	Destacó la importancia de observar la ley.	他指出了遵守法律的重要性。
08534	A Mike le encantan los animales.	Mike非常喜欢动物。
08535	Este autobús lo llevará al museo.	这辆公车会载你去博物馆。
08536	Quiero saber cuánto tiempo se ocupa.	我想知道这需要用多久时间。
08537	Eres muy bonita.	你非常美丽。
08538	Eres bellísima.	你非常美丽。
08539	Tengo un hijo y una hija. Mi hijo vive en Nueva York y mi hija en Londres.	我有一个儿子和一个女儿。我儿子住在纽约，我女儿住在伦敦。
08540	"123456" es una contraseña usada a menudo.	“123456”是一个常用的密码。
08541	Cada quien debería saber su lengua materna.	每个人都该会讲他的母语。
08542	Tom tuvo una intoxicación de mercurio porque comía atún enlatado todos los días.	Tom汞中毒，因为他每天吃罐装鲔鱼。 / Tom汞中毒了，因为他每天都吃罐装金枪鱼。
08543	Por la esquina apareció una furgoneta grande.	街角出现了一辆大面包车。
08544	No solamente habla inglés, sino que también habla francés.	他不仅说英语，还说法语。
08545	Tuvieron una vida feliz.	他们生活得很幸福。
08546	Llevan una vida muy feliz.	他们生活得很幸福。
08547	¿Tienes casa?	你有屋子吗？
08548	Tu problema es igual al mío.	你的问题和我的一样。
08549	Tu problema se parece al mío.	你的问题类似于我的。
08550	El hombre finalmente confesó sus crímenes.	那个男人最终供认了他的罪行。
08551	Él fue humillado.	他丢脸了。
08552	Deberías haberte presentado.	你本来应该介绍自己的。
08553	No hace falta que vengas específicamente a mi casa.	不用特地来我家了。
08554	El pan es hecho con harina y agua y en ocasiones se le agrega levadura.	面包是用面粉和水做的，有时还会加入发酵粉。
08555	Soy tan estúpido.	我真蠢。
08556	No hable por mí.	不要替我说话。
08557	No hable en mi nombre.	不要替我说话。
08558	Esta mañana, el tiempo está nublado.	今天早上天气多云。
08559	Él hace buen uso de sus talentos.	他善用他的天赋。
08560	Danos dos cuchillos y cuatro tenedores, por favor.	请给我们两把刀和四把叉。
08561	Tenemos un montón de comida.	我们有一堆吃的。
08562	El aire es puro en el bosque.	森林中的空气很纯净。
08563	Tú también.	你也是。
08564	Esas flores se han marchitado.	那些花已经枯死了。
08565	Ya no podía soportar el dolor.	他再也无法忍受这种痛苦。
08566	Ya no podía aguantar el dolor.	他再也无法忍受这种痛苦。
08567	Yo estoy contento.	我很高兴。
08568	¿Dónde está tu cuarto?	你的房间在哪? / 你的房间在哪里？
08569	Marta te ama.	Marta爱你。
08570	¿Qué había en el cajón?	抽屉里面有什么？
08571	Si te pones enfermo, vete al médico.	如果你生病了，就去看医生。
08572	Quieren comprar una casa y un coche nuevos.	他们想要买一套新房子和一辆新车。
08573	El italiano no es difícil.	意大利语不难。
08574	¿Debo lavar la lechuga?	我应该洗莴苣吗？ / 我该洗生菜吗？
08575	El pez rojo está nadando en el océano.	红色的鱼在海里游。
08576	Se me ponchó una goma.	我有个轮胎瘪了。
08577	Tom no es un ángel.	汤姆不是天使。
08578	Tom se fue a la escuela a las 7:30.	汤姆7:30去了学校。 / 汤姆7:30去的学校。
08579	¿Por qué eres tan lista?	你为什么这么聪明？
08580	Tom tiene sed.	汤姆渴了。
08581	Sí, esto pasa seguido.	是的，这经常发生。
08582	Es más fácil despegar que aterrizar.	起飞比降落容易。
08583	No olvides cerrar la ventana.	别忘记关窗户。
08584	Voy a freír unos boniatos y les pongo azúcar por encima.	我去炸一点红薯，然后在上面撒上糖。
08585	¡Me pasé toda la noche soñando con unos boniatos fritos!	我整个晚上梦见的都是炸红薯。
08586	Tengo asma.	我有哮喘。
08587	Como hemos visto, el fracaso escolar es muy alto en nuestra región. Por otro lado, me gustaría añadir que el presupuesto escolar ha bajado este año.	如我们所见，我们这边地区的学校失学率很高。 另一方面，我想补充说一点，今年学校预算减少了。
08588	Tendría que haberlo hecho ayer.	我应该昨天就把这个做完。
08589	¿Te gusta tu trabajo?	你喜欢你的工作吗？
08590	Solo quiero descubrir qué ha pasado.	我只想弄清楚发生了什么。
08591	Cada uno lee un párrafo.	每人读一段。
08592	Conozco a estos estudiantes.	我认识这些学生。
08593	Nadie puede predecir el futuro.	没人能预测未来。
08594	¿Cómo ayudarás a Tom?	你要怎么帮汤姆？
08595	Ella llevaba un sombrero nuevo.	她戴了顶新帽子。
08596	El olor de su comida le dio hambre a todo el mundo.	她的食物的气味让大家都犯馋了。
08597	Siempre a tu servicio.	始终为你效劳。
08598	Incluso en el chocolate hay vitaminas.	连巧克力中也含有维他命。
08599	¿Qué haces?	你在干什么啊？ / 你在干什么？ / 你做什么？
08600	Ven, bebemos una más y después te llevo a casa.	来吧，我们再喝一杯，之后我再带你回家。
08601	¡Sí!	是的！
08602	Tom y Mary discuten día y noche.	汤姆和玛丽没日没夜地吵架。
08603	Ellos se separaron.	他们俩吹了。
08604	En 1957, la Unión Soviética envió al espacio a una perra llamada Laika.	一九五七年，苏联将一只叫Laika的母狗送到太空。
08605	Felices pascuas.	复活节快乐。
08606	Ella está buscando trabajo.	她在找工作。
08607	Mi hermana es enfermera.	我的妹妹是护士。
08608	Es una reja muy fuerte.	那是个坚固的栏杆。
08609	Dame la pala.	把锅铲给我。
08610	Los demás estudiantes rieron.	其他学生都笑了。
08611	Tom no es muy buen conductor.	汤姆不是一个好司机。
08612	No me gusta Tom.	我不喜欢汤姆。
08613	Un caballo no come ensalada de pepinos.	马不吃黄瓜沙拉。
08614	Tom quiere comprar una casa.	汤姆想买栋房子。
08615	Dame el cuaderno.	把笔记本给我。
08616	Quiero preguntarle cuál es su número de telefóno.	我想问他的电话号码是多少。 / 我想问他要电话号码。
08617	Su torta de arándano azul estaba deliciosa.	他做的蓝莓蛋糕很好吃。
08618	Me duele el codo aún.	我的手肘还在痛。
08619	Son quince minutos andando.	走路要十五分钟。
08620	Tom escribió este libro.	汤姆写了这本书。
08621	Quizás sea la misma persona.	或许是同一个人。
08622	¡Eh!, ¿dónde está Tom?	诶！汤姆在哪里？
08623	Kobe es la ciudad donde nací.	神户是我出生的城市。
08624	¿Por qué necesito un abogado?	我为什么需要一个律师？
08625	No comí mucho pero he aumentado cinco quilos en medio año.	我吃得不多，但是我这半年胖了五公斤。
08626	No entiendo absolutamente nada.	我完全看不懂。
08627	El suelo estaba todo cubierto de sangre.	地板上全是血。
08628	Ella le dio todo el dinero a él.	她把钱全给了他。
08629	Lo que dice es del todo increíble.	他说的话全不可信。
08630	Tarde o temprano me lo dirá todo.	他早晚会全告诉我的。
08631	Este avión aterrizó de forma segura.	这架飞机安全著陆了。
08632	Obreros del mundo, ¡uníos!	全世界无产者，联合起来！
08633	Lo que usted dijo estuvo completamente fuera de lugar.	您说的话完全跑题了。
08634	¡Mi mamá es la mejor del mundo entero!	我的妈妈是全世界最好的！
08635	No entendí nada de lo que me contó esa persona.	这人讲的我完全听不懂。
08636	Estando contigo, todo el año es verano.	和你在一起，全年都是夏天。
08637	Hasta ahora, todo bien.	迄今，一切妥当。
08638	Sé todo lo tuyo.	你的一切我都知道。
08639	Espero que todo esté bien al final.	我希望最后一切都好。
08640	Le gustan todas las cosas dulces.	他喜欢一切甜的东西。
08641	Él habló una hora entera.	他讲了整整一小时。
08642	No pude decir nada.	我可什么都没说呢。
08643	Este lugar tiene de todo.	这个地方什么都有。
08644	Nadie piensa así.	没有人这么想。
08645	Nadie puede decir por qué.	没有人能告诉原因。
08646	¿No viste a ese hombre?	你没看到那个男人吗？
08647	No hay nada de jabón.	没有任何肥皂。
08648	Me han picado los mosquitos, pica mucho. ¿Traes alguna medicina?	被蚊子叮了，好痒哦。你带什么药了吗？
08649	No sabemos exactamente.	不是特别清楚。
08650	Bienvenidos a Wikipedia.	欢迎来到维基百科。
08651	El mes pasado gasté una fortuna en la factura telefónica.	上个月我在话费上花了很多钱。
08652	Aunque estés rico, dudo que seas feliz.	虽然你很有钱，但是我不相信你很开心。
08653	¿Tienes una televisión?	你有电视吗？
08654	Tengo que montar en ese tren.	我要坐那班火车。
08655	Eso huele como queso.	那闻起来像奶酪。
08656	Las chicas ucranianas son las más bellas de todo el mundo.	乌克兰姑娘是全世界最漂亮的姑娘。
08657	Deberías hacerlo tú mismo.	你应该自己做。
08658	No estoy seguro de que esto sea correcto.	我不肯定这是不是对的。
08659	No hay manera.	没办法。
08660	Comprar una televisión nueva no va a hacerte feliz.	买新的电视不会让你幸福。
08661	A río revuelto, ganancia de pescadores.	渔人得利。
08662	¿A quién buscas, Tom?	你在找谁，汤姆？
08663	Devuélveme mi billetera.	把钱包还我。
08664	Yo escribí eso.	我写了那些东西。
08665	¿Qué le pasó a la cabeza de Tom?	汤姆的头怎么了？
08666	¿Dónde lo compró Tom?	汤姆是在哪里买的？
08667	Tom come espárrago pero su hermano, no.	汤姆爱吃芦笋，但是他的弟弟不爱吃。
08668	Tom come espárragos, pero su hermano no.	汤姆爱吃芦笋，但是他的弟弟不爱吃。 / 汤姆吃芦笋，但是他弟弟不吃。
08669	Este es mi proyecto.	这是我的项目。
08670	Esto debería ser fácil.	这个应该不难。 / 这个应该很简单。
08671	Ella es una muy buena niña.	她是一个很好的女孩。
08672	El hombre morirá tarde o temprano.	人早晚会死。
08673	Tom está en la cocina.	汤姆在厨房。
08674	Haz una lista.	列一个列表。
08675	Tengo que plantar unos árboles en el jardín.	我要在花园里种些树。
08676	Tom habló sobre Boston.	汤姆说了关于波斯顿的事。
08677	El juego empieza a ponerse interesante.	游戏开始变得有趣。
08678	Mejor voy a escribir sobre otra cosa.	我最好写点别的东西。
08679	Josefina era católica y franquista.	Josefina过去是天主教教徒及佛朗哥支持者。
08680	Mañana nos vemos.	我们明天见。
08681	En Colombia prevalecen las costumbres católicas.	在哥伦比亚，天主教习俗盛行。
08682	Si me arrastro por debajo de esa reja, tal vez pueda salir.	如果我用爬行的，也许能从栅栏下离开。
08683	Toma café. Creo que está muy bueno.	喝咖啡吧。我觉得很好喝。
08684	Tus tetas son preciosas.	妳的咪咪很美。 / 妳的咪咪很漂亮。
08685	Súbase las medias.	把丝袜拉上去。
08686	Subite las medias.	把你的丝袜拉上去。
08687	Ellos no le temen a la muerte.	他们不怕死。
08688	¡Deja de decir eso!	别再说了！ / 别说了！
08689	¿Te gusta la tarta de ciruela?	你喜欢李子蛋糕吗？
08690	¿Qué te dije?	我跟你说了什么?
08691	Dormí en el sofá.	我在沙发上睡的。
08692	Rompí la foto de Tom.	我把汤姆的照片弄坏了。
08693	Necesito pastillas para dormir.	我需要安眠药。
08694	Es imposible vivir sin agua y sin oxígeno.	在没有水和氧气的状态下是不可能存活的。
08695	Perdí mi bolígrafo favorito.	我弄丢了我最喜欢的笔。
08696	Estoy seguro de que Tom estuvo aquí ayer.	我很肯定汤姆昨天来过这里。
08697	¿Hay mucha gente?	有很多人吗？
08698	La he hecho enfadarse.	我让她生气了。
08699	Tengo que dar de comer al perro.	我要去喂狗。
08700	¿Cuántos profesores de español hay en este liceo?	学校里有多少位教西班牙语的老师呢？
08701	¿Cuántos profesores de español hay en esta escuela?	学校里有多少位教西班牙语的老师呢？
08702	Debería irme a dormir.	我该去睡觉了。
08703	Me acordaste de Tom.	你让我想起了汤姆。
08704	Me recordaste de Tom.	你让我想起了汤姆。
08705	Soy alérgico al maíz.	我玉米过敏。
08706	Soy alérgica al maíz.	我玉米过敏。
08707	Tom está listo para aceptar las consecuencias.	汤姆准备承担后果。
08708	Tom encendió el ventilador.	汤姆打开了电风扇。
08709	No quiero decir más mentiras.	我不想再说谎了。
08710	Prometo trabajar duro.	我保证努力工作。
08711	¿Vas a usar la batidora para batir los huevos?	你要用搅拌器打蛋吗？
08712	Tu madre me quiere.	你母亲喜欢我。
08713	Tom lleva estudiando francés mucho tiempo.	汤姆已经学了很久的法语了。
08714	¿Dónde está todo el mundo? ¿Por qué no hay nadie aquí?	所有的人都到哪里去了？为什么一个人也没有？
08715	He dejado las notas en la residencia. Vuelvo cogerlas ahora.	我把笔记落在宿舍了，我现在就回去拿。
08716	¿Cuántos meses llevas embarazada?	你怀孕几个月了？
08717	¿Debo ir inmediatamente?	我一定要马上去吗？
08718	Estoy seguro que esto es pescado fresco.	我肯定这是淡水鱼。
08719	Seguro que alguien ha cogido mi paraguas por error.	肯定有人拿错了我的雨伞。
08720	Absolutamente imposible.	绝对不可能。
08721	Seguro que ya lo hizo ayer.	她昨天一定已经做过了。
08722	Casi muere ahogada.	她差点被淹死。
08723	El pomelo está muy agrio.	柚子很酸。
08724	Que no te maten.	别被杀了。
08725	Que no te moje la lluvia.	别被雨淋了。
08726	¡Lo habéis roto vosotros otra vez!	又是你们打破的！
08727	El pensamiento hace la vida dolorosa.	思想让人生痛苦。
08728	Esta canción me hace pensar en mi hogar.	这首歌让我想家了。
08729	Es obvio que hay problema.	很明显地有问题。
08730	¡Cómete tu espinaca!	把你的菠菜给吃掉！
08731	Nuestro sistema solar tiene 8 planetas: Mercurio, Venus, Tierra, Marte, Júpiter, Saturno, Urano y Neptuno.	我们的太阳系有八大行星：水星、金星、地球、火星、木星、土星、天王星和海王星。
08732	No sabe siquiera leer, mucho menos escribir.	他连字都不会念，更别说写了。
08733	A las personas les gusta hablar.	人们都爱说话。
08734	A mi padre le gusta la pizza.	我爸爸很喜欢吃披萨。 / 我父亲很喜欢吃披萨。 / 我父亲很喜欢披萨。
08735	Apaga el radio, por favor.	请你把收音机关掉。
08736	Les gusta la fruta.	他们喜欢水果。
08737	Me gusta la ópera.	我喜欢歌剧。
08738	Oigo todo.	我什么都听到。
08739	¡Ay, esos rusos!	那些俄罗斯人啊
08740	Tom escribió una carta a Mary esta mañana.	Tom今天早上写了封信给Mary。
08741	¿Por qué preocuparse por Tom?	为什么要担心Tom？
08742	Marte es planeta.	火星是一颗行星。
08743	Comí manzanas.	我吃了苹果。
08744	Yo comí manzanas.	我吃苹果了。
08745	Me comí unas espinacas.	我吃了些菠菜。
08746	Guardá esto.	把这个收起来。
08747	Saturno es planeta.	土星是一颗行星。
08748	¡Impulse es el diablo!	冲动是魔鬼！
08749	Llovió fuerte ayer.	昨天下大雨。
08750	¿En cuál calle?	在哪条街？
08751	Soy de Sapporo.	我来自札幌。
08752	¡Tonterías!	屁话！
08753	Tom tiene una hija de 13 años.	Tom有个十三岁的女儿。
08754	La casa de Tom tiene tres habitaciones.	Tom的房子有三个房间。 / 汤姆家有三间房。
08755	Todos están aquí ahora.	现在每个人都在这里。
08756	El Internet está muy lento.	网速很慢。
08757	A él le gustan las mujeres negras.	他喜欢黑人。
08758	Estas botas son caras.	这些靴子很贵。
08759	Tom seguramente es bostoniano.	汤姆一定是波士顿人。
08760	¡Mucho!	很多! / 多!
08761	Sin embargo, la realidad era diferente.	然而，现实并不一样。
08762	¿A qué hora empieza la película?	电影什么时间开始？
08763	Intente amar a todos.	我尝试爱所有人。
08764	Lo están buscando.	他们在找它。
08765	¿Por qué no haces lo que te he dicho?	你问什么不按我跟你说的做？
08766	Tom tuvo sexo con Mary.	汤姆和玛丽发生了关系。
08767	Mi madre compró varias manzanas en la tienda de frutas.	我母亲在水果店买了好几个苹果。
08768	Esta habitación tiene buena ventilación.	这个房间很通气。
08769	Por lo general, salgo a trabajar a las 8:40.	一般来说，我8:40下班。
08770	No evito quererlo a pesar de sus muchos defectos.	虽然他有很多缺点，但仍然不能阻挡我对他的喜欢。
08771	¿Sabes comer con palillos?	你会用筷子吃饭吗？
08772	Mary escondió el dinero en el sujetador.	玛丽把钱藏在了内衣里。 / 玛丽把钱藏在了文胸里。
08773	Jim es la abreviatura de James.	吉姆是詹姆斯的简称。
08774	Eso no es un saltamontes. ¡Es un chapulín!	那不是蚂蚱。是蝗虫！
08775	No hay error.	没有错误。
08776	Ella es como un hermoso sueño.	她就像是一场美梦。。。
08777	Porque te conozco y tú no eres así.	因为我懂你而且你不是那样子。
08778	Ya me he acostumbrado.	我现在已经习惯它了。
08779	Él tiene su propia habitación.	他有自己的房间。
08780	¿Por qué preocuparse?	为什么要担心？
08781	¿Quién escribió estas historias?	谁写了这些故事？
08782	Necesitas un abogado.	你需要律师。
08783	Déjalo allí.	你放呢里.
08784	¡No te muevas!	别动！
08785	¿Quién murió?	谁死了？
08786	¿Quién ganó?	谁赢了？
08787	Todos tenemos sueños.	每个人都有梦想。
08788	Empieza aquí.	从这里开始。
08789	Compruébalo otra vez.	再检查一边。 / 再复查一边。
08790	Más despacio.	慢一点。
08791	Concéntrate, Tom.	汤姆，集中注意力！
08792	Seguid, no os detengáis.	继续，不要停下来。
08793	Puedo preguntar, donde queda el metro?	请问;地铁在哪儿?
08794	¿Qué parada es esta?	这一站是什么?
08795	La estación de metro queda un poco lejos.	地铁站有点儿远
08796	¿Hay una estación de metro aquí?	这儿有地铁站吗?
08797	Puedes tomar un taxi.	你可以坐出租车。
08798	¿Cómo vuelvo a casa?	我怎么回家?
08799	¿Le puedo preguntar dónde queda el metro?	请问;地铁在哪儿?
08800	¿A dónde quiere ir?	你想去哪儿?
08801	¿A dónde van?	你们去哪儿?
08802	Vi un gato muerto al bajar del taxi.	我下出租车的时候看到了一只死猫。
08803	Ya estoy cansado.	我已经很累了。
08804	Quiero comer algo delicioso.	我想吃点好吃的。
08805	Ya no tengo dinero.	我钱已经用完了。
08806	Que yo sepa, sí.	是的，据我所知是这样。
08807	Me quedé en la cama toda la mañana.	我一个上午都呆在床上。
08808	Mary está en el aeropuerto.	玛丽在机场。
08809	María está en el aeropuerto.	玛丽在机场。
08810	Los científicos han descubierto agua en Marte.	科学家们在火星上发现了水。
08811	Mi hijo siempre ha creído en Papá Noel.	我儿子一直相信有圣诞老人。
08812	Me duelen los dientes.	我牙疼。
08813	Me picó un mosco.	我被蚊子叮了。
08814	No hay nadie que pueda resolver este problema.	没有人能够解决这个问题。
08815	Ya son las siete treinta.	现在7点30分了。
08816	Es solo que no quiero casarme contigo.	我只是不想嫁给你。 / 我就是不想嫁给你。
08817	Bajó el precio de la carne.	肉价下跌了。
08818	El gato atravesó la valla.	猫从围栏穿了过去。
08819	Yo llevaba paraguas pero mi amigo no.	我带了一把雨伞但是我朋友没有带。
08820	Pesa ochenta quilos.	他是80公斤。
08821	¿Dónde?	哪里？
08822	Tengo que volver a Boston.	我要回到波斯顿。
08823	Tomé dos tazas de té.	我喝了两杯茶。
08824	¿Comes en el salón?	你在客厅吃饭吗？
08825	No soy hablante nativo.	我不是个母语者。
08826	¿Y ustedes?	你们呢？
08827	Ella es una prostituta.	她是一个妓女。
08828	Mi lengua materna es el portugués.	我的母语是葡萄牙话。
08829	Yo quiero una camisa nueva, ¿y tú?	我要一件新衬衫。你想要什么？
08830	Estábamos en huelga.	我们在罢工。
08831	¿Por qué no me decís todo lo que sabéis sobre Tom?	为什么你们不告诉我你们所知道的关于汤姆的一切？
08832	¿Qué tal tu fin de semana?	你周末过得怎么样？
08833	¿Qué te parecen estos poemas?	你觉得这些诗怎么样？
08834	Es perfecto.	那是完美的。
08835	Me debería poner más ropa.	我应该多穿点衣服了。
08836	Bueno.	好。
08837	Tengo que encontrar mi llave.	我要找到我的钥匙。
08838	Esta no es mi llave.	这不是我的钥匙。
08839	Dame las llaves del coche.	把车钥匙给我。
08840	Necesitas una llave para abrir la caja.	你需要用一把钥匙打开那个盒子。
08841	¿Tienes una sartén más grande?	你有更大的锅吗？
08842	¡Te felicito!	恭喜你！
08843	Tom abrió el armario.	汤姆打开柜子。 / 汤姆把柜子打开了。
08844	Mis ojos están llorosos.	我的眼里噙满泪水。
08845	Ella ha ido a Francia tres veces.	她去过三次法国。
08846	¿Por qué Tom me está mirando?	为什么汤姆在看著我？
08847	¿La lluvia tiene la culpa?	是雨的错？
08848	Voy a una reunión.	我要参加会议。
08849	Sin mano no hay puño; sin boca no hay canción.	拳不离手，曲不离口。
08850	Ayer mi bicicleta fue robada mientras hacía algunas compras.	我昨天购物时自行车被偷了。
08851	¡Bienvenido a tu nuevo hogar!	欢迎来到你的新家。
08852	Por favor envíeme su foto.	请把您的照片发给我。
08853	Ordené esos libros de Alemania.	我从德国订购了那些书。
08854	¿Dónde está la pala?	锅铲在哪里？
08855	Este tenedor está sucio.	这把叉子是脏的。
08856	¡Suelta el cuchillo!	把刀放下！
08857	No vas a comer.	你不会吃的。
08858	El autobús va de volada por la carretera larga y sinuosa.	客车疾驰在蜿蜒悠长的路上。
08859	A ella le gusta la música pop rusa.	她喜欢听俄罗斯流行音乐。
08860	La ley es clara.	法律很清楚。
08861	Tomás no tiene hambre.	托马斯不饿。
08862	Escucho el ruido.	我听见噪音。
08863	Este niño es mi hijo.	这个男孩是我儿子。
08864	Quiero mi parte del dinero.	我要我那一部分钱。
08865	La chica es ciega de nacimiento.	那女孩先天失明。
08866	¿Qué más quieres, Tomás?	托马斯，你还要什么？
08867	No me drogo.	我不吸毒。
08868	¡Mi inglés es perfecto!	我的英语很完美！
08869	La reunión tuvo lugar hasta el mediodía.	会议开到了中午。
08870	¿Quieres salir de aquí?	你想从这里出去吗？
08871	La idea era buena.	想法是好的。
08872	Ella trajo una escoba.	她拿来了一个扫把。
08873	No puedo encontrar la escoba.	我找不到扫把了。
08874	Ella duerme en el coche.	她在车子里睡觉。
08875	¿Podría decirme la contraseña del wifi, por favor?	能不能请你告诉我Wi-Fi的密码呢?
08876	Le gusta salir a pasear a caballo.	他喜欢骑马出行。
08877	Me gustaría desayunar en mi habitación a las ocho en punto.	我打算八点整在房里吃早餐。
08878	Este libro es mío; tiene escrito mi nombre en el interior.	这本书是我的；我自己在里面写了我的名字。
08879	Ve al supermercado y compra, por favor, alguna fruta.	请你去超市买些水果来。
08880	Me encanta el sexo anal.	我痴迷于肛交。
08881	El Burj Khalifa es actualmente el más alto rascacielos del mundo.	目前哈里发塔是世界上最高的摩天大楼。
08882	Tom quiere palomitas de maíz.	汤姆要爆米花。
08883	Tengo tiempo.	我有时间。
08884	No los conocéis.	你们不认识他们。
08885	A Tom le agrado más que nadie.	Tom 最喜欢我。
08886	¡Yo!	我！
08887	Ésta es mi cámara.	这是我的照相机。
08888	Parece que él sabe este secreto.	他好像知道这个秘密。
08889	Parece que sabe este secreto.	他好像知道这个秘密。
08890	Él es hongkonés.	他是香港人。
08891	Tienes la cara muy roja.	你脸很红哟。
08892	¿Has visto ese ratoncito?	看见那只小老鼠了吗？
08893	Disculpe, no me encuentro bien.	不好意思，我有点儿不舒服。
08894	Ella no sabe nada.	她什么都不知道。
08895	Todavía hay asientos vacíos.	还有空位置。
08896	Somos amigos.	我们是朋友。
08897	Aprendí mis primeras 500 palabras en chino mandarín este año.	今年我学会我的头五百个官话单词。
08898	¿Por qué no ha vuelto todavía Tom?	为什么汤姆还没回来？
08899	La película es interesante.	电影很有趣。
08900	Es divertido hablar en francés.	说法语很有意思。
08901	Por favor no me toque.	请不要碰我。
08902	Soy tímido.	我很害羞。 / 我很内向。
08903	Mi inglés es muy malo.	我的英文很差。
08904	¿Crees que está diciendo la verdad?	你相信他在说实话吗？
08905	Hoy es viernes, ¡mañana ya es fin de semana!	今天是周五，明天就是周末了！
08906	No es mi padre, es mi tío.	他不是我父亲，他是我叔叔。
08907	¿Quiere saber por qué me voy a ir?	您想知道为什么我要离开吗？
08908	¿Cuánto cuesta esa cerveza?	那个啤酒多少钱？
08909	¿Por qué has hecho eso?	你为什么做了这种事儿？
08910	¿Todavía no has comido?	还没有吃午饭吗？
08911	Voy a preguntar a Tom.	我去问问汤姆。
08912	¿Crees que estoy gordo?	你觉着我胖了吗？
08913	¡Tomemos un taxi!	我们坐出租车去吧！
08914	Este no es mi cuchillo.	这不是我的刀。
08915	¿Qué prefieres, los perros o los gatos?	狗和猫你更喜欢哪一个？
08916	¿Sabes de quién es esta letra?	你知道这是谁写的字吗？
08917	Él ha engordado.	他胖起来了。
08918	Él es mi subordinado.	他是我的手下。
08919	¿Esto es de Tom?	这是汤姆的吗？
08920	Disculpa la mala pronunciación.	请原谅我的发音不准。
08921	¿Hay alguien que te guste ahora?	你现在有喜欢的人吗? / 你现在有喜欢的人吗？
08922	A Tom le gusta lo que hace.	汤姆喜欢他做得事。
08923	Él quiere comprar libros.	他想买书。
08924	¿Qué tontería estás contando?	你在说什么鬼话？
08925	¿Hay alguien que haya ido a Hawaii?	有去过夏威夷的人吗？
08926	Se cayó hacia atrás.	他向后跌倒了。
08927	La razón por la que no nadaron es porque hacía frío.	他们之所以没有游泳，就因为天气很冷。
08928	Tus labios son bonitos.	你的嘴唇很漂亮。
08929	Ella habla de manera infantil.	她说话幼稚。
08930	Tu esposa está enojada contigo.	你太太在生你的气。
08931	Está estudiando economía en la universidad.	他在大学读经济学。
08932	Nancy me contó acerca del incendio.	南希告诉了我有关火灾的事。
08933	Debería repasar mi inglés.	我该复习我的英语了。
08934	¿Entendéis lo que él quiere decir?	你们明白他想说些什么吗？
08935	¿Entienden lo que él quiere decir?	你们明白他想说些什么吗？
08936	Mi apartamento está en el cuarto piso.	我的公寓在四楼。
08937	Mi piso está en la cuarta planta.	我的公寓在四楼。
08938	Seguido me da hipo.	我经常打嗝。
08939	Tengo hipo a menudo.	我经常打嗝。
08940	Muchas lunas orbitan alrededor de Saturno.	许多卫星绕著土星运行。
08941	¡Vamos a cantar unas canciones bielorrusas!	咱们唱一唱白俄罗斯的歌吧！
08942	¿Puedes imaginar que él conduzca un carro tan bonito?	你能想象他开着一辆这么漂亮的车吗？
08943	Su casa no está lejos de esta tienda.	他家离这间商店不远。
08944	Me gusta un chorro ese cantante.	我挺喜欢那个歌手的。
08945	Me gusta un huevo ese cantante.	我挺喜欢那个歌手的。
08946	Con los ojos en frente, el hombre ve solo defectos en los demás, sin poder ver en lo más mínimo los suyos propios.	人的眼睛长在前面，只看到别人的缺点，丝毫看不到自己的缺点。
08947	Me gusta el surrealismo.	我喜欢超现实主义
08948	Las críticas por las estrictas medidas económicas arrecian.	对严格限制经济的批评蜂拥而来。
08949	Ella se fue de casa cuando tenía trece años.	她十三岁的时候离家出走了。
08950	Todo es culpa tuya.	都是你的错。
08951	Tú no necesitas dinero.	你不需要钱。
08952	No comas justo antes de dormir.	你睡觉前别吃到东西。
08953	¡Chin!	靠！
08954	Fracasé.	失败了。
08955	¿Tú por qué lloras?	你为什么哭？
08956	Nuestro amor es mutuo.	我们的爱是相互的。
08957	Anoche tuve una pesadilla horrible.	昨天晚上我做了恶梦
08958	No le digas que estoy aquí.	别告诉他我在这
08959	¿Venden vino tinto?	卖红酒吗？
08960	¡Guau-uau-uau!	汪汪汪！
08961	¡Guau, guau, guau!	汪汪汪！
08962	¡Bau, bau, bau!	汪汪汪！
08963	La fuerza por sí sola no puede asegurar la victoria.	单凭力量不能保证取胜。
08964	No quiero crecer.	我不想长大。
08965	Tom nadó.	汤姆游泳了。 / Tom游泳。 / 汤姆游了泳。
08966	La manzana se puede comer con cáscara.	苹果可以连皮吃。
08967	Tom, ¿le puedes enseñar a María cómo usar el escáner?	汤姆，你能教玛丽扫描仪怎么用吗？
08968	Tom no sabe si Mary es feliz o no.	汤姆不知道玛丽是高兴呢，还是不高兴。
08969	¿Se pueden comprar alcachofas aquí?	能在这里买洋蓟吗？
08970	Bajo la falda llevaba unas bragas rosas.	裙子下她穿著一条粉红色的内裤。
08971	Mi mejor amiga está embarazada.	我最好的朋友怀孕了。
08972	Todas la niñas usan bragas rosas.	所有的女孩都穿粉红色的内裤。
08973	Creo que esta foto fue tomada en mayo.	我觉得这张照片是五月份拍的。
08974	De verdad no tenemos tiempo.	我们真的没时间。
08975	Me gustan las berenjenas.	我喜欢茄子。
08976	"Huele a palomitas de maíz." "¡Tienes razón!"	“闻起来像爆米花。”“你说的对！”
08977	¿De quién es este vaso?	这是谁的杯子？
08978	Necesitamos proteger a Tom.	我们得保护汤姆。
08979	¿Mira la televisión?	您看电视吗？
08980	No respondas a esta pregunta.	不回答这个问题吧。
08981	Están buscando a Tom.	他们在找汤姆。
08982	¡Ayúdanos!	帮帮我们！
08983	¿Por qué estoy todavía aquí?	为什么我还在这里？
08984	Espero que podamos encontrar a Tom.	我希望我们能找到汤姆。
08985	¿Dónde estás trabajando?	你现在在哪里工作？
08986	La sartén está oxidada.	锅锈掉了。
08987	¿Cuál personaje de este libro es tu favorito?	你最喜欢这本书中的哪个角色？
08988	¿Viste ayer el eclipse lunar?	你看了昨天的月蚀了吗？
08989	¿Viste ayer el eclipse solar?	你看见昨天的日蚀了吗？
08990	¿Eso es de Tom?	那是汤姆的吗？
08991	Soy capaz de leer en alemán pero no puedo hablarlo.	我能看懂德语，但不会说。
08992	¿Dónde se tomó esta foto?	这张照片在哪儿照的？
08993	Es alta.	她高。 / 她很高。
08994	Mi sujetador está sucio.	我的内衣脏了 / 我的胸罩脏了。
08995	Tom sabe que todo lo que Mary dice es verdad.	汤姆知道，玛丽说的都是真的。
08996	La internet no funciona.	网络连不上。
08997	Creo que no tengo mucha hambre.	我觉得我不是很饿。
08998	Su madre está preocupada por él.	他母亲为他担心。
08999	Mary es bella.	玛丽很漂亮。
09000	Ojo al piojo.	小心虱子。
09001	Mi inglés es perfecto.	我的英语很完美！
09002	Este es mi cepillo de dientes.	这把是我的牙刷。
09003	Amo el idioma francés.	我爱法语。
09004	Tengo dolor de muelas.	我牙疼。
09005	Tomás y su mujer viven separados.	托马斯和他的妻子分开居住。
09006	Llevaba bragas y sostén rosas.	她穿著粉红色的内裤和内衣。
09007	El bebé tiene intolerancia a la lactosa.	婴儿有乳糖不耐症。
09008	María es rubia.	玛丽亚是黄头发的。
09009	¿Tienes un pájaro?	你有一只鸟吗？
09010	Tomás odia los pimientos verdes.	托马斯讨厌青椒。
09011	Me pongo colorado cuando tengo que comprarle ropa interior a mi novia.	我要给我女朋友买内衣裤的时候我会脸红。
09012	Mi hijo tiene ocho años.	我的儿子八岁了。
09013	¿Las chicas también se masturban?	女生们也自慰吗？
09014	Tenemos sólo dos dólares.	我们只有两美元。
09015	Bajos sus asientos se encuentran chalecos salvavidas.	在您的座位下有救生衣。
09016	JavaScript es un lenguaje de programación.	JavaScript是一种编程语言。
09017	¿Alguien quiere ir a comer conmigo?	有谁想一起去吃饭吗？
09018	Tomás dice que nunca comió una alcachofa.	托马斯说他从来没有吃过洋蓟。
09019	Me estoy masajeando el pie.	我在按摩脚。
09020	¿Es este tu dormitorio?	这是你的卧室吗？
09021	Tu y yo somos amigos.	咱们俩是朋友。
09022	¿Dónde está la embajada de los Estados Unidos?	美国使馆在哪儿呀？
09023	¿Dónde está la embajada británica?	英国大使馆在哪里？
09024	Brasil es el país más grande de Sudamérica.	巴西是南美洲最大的国家。
09025	¿Dónde está el tocador?	梳妆台在哪里？
09026	Nevó mucho el año pasado.	去年下了很多雪。
09027	No voy a venir mañana.	明天我来不了。
09028	¿Te gusta la espinaca?	你喜欢菠菜吗？
09029	Siempre está tomando su café negro.	他总喝他的黑咖啡。
09030	Tom no come carne roja.	汤姆不吃红肉
09031	¿Quién me va a consolar?	谁来安慰我？
09032	Estoy consolando a Mary.	我在安慰玛丽。
09033	¿Quién va a consolarla?	谁去安慰她？
09034	Ella intentó consolarlo.	她试图安慰他。
09035	No hace falta que trabajes hoy.	你今天不用工作。
09036	¿Quién lo quiere?	谁想要它？
09037	El vecino no vio nada.	邻居什么都没看到。
09038	Voy todas las semanas al cine.	我每周都去看电影。
09039	Mis padres no están en casa.	我父母不在家。
09040	El dinero pertenece a la compañía.	那是公司的钱。
09041	Tengo muchísima hambre.	我非常饿。
09042	No me parece muy justo tratarlo de esa manera.	这样对待他似乎不太公平。
09043	Bate las claras del huevo hasta que estén duras.	搅拌蛋清知道其变硬。
09044	Olvidate de Tomás.	把托马斯忘了。
09045	Soy islandés.	我是冰岛人。
09046	Este es su CD.	这是他的光盘。
09047	Le gusta comer zanahorias crudas.	他喜欢吃生胡萝卜。
09048	Mi novia estudia coreano.	我女朋友在学韩语。 / 我女朋友在学朝鲜语。 / 我女友在学韩语。 / 我女友在学朝鲜语。 / 我女朋友在学朝语。 / 我女友在学朝语。
09049	Esta sopa contiene zanahorias, cebollas, perejil, apio y patatas.	这个汤里有胡萝卜、洋葱、欧芹、芹菜和土豆。
09050	Tomás compró algunos preservativos.	托马斯买了几个避孕套。
09051	¿Dónde está mi carpeta?	我的文件夹在哪里？
09052	La chica usaba bragas rosas.	那个女孩穿著粉红色的内裤。
09053	No me beses.	别亲我！
09054	Las frambuesas son muy caras.	覆盆子很贵。
09055	No puedo encontrar el clítoris de mi novia.	我找不到我女朋友的阴蒂。
09056	Tomás se está masturbando.	汤姆在自慰。
09057	Mi novio está llorando.	我的男朋友在哭。
09058	¡Llamalo a Tomás!	叫托马斯！
09059	Hoy es martes.	今天是星期二。
09060	¡Ponte las medias!	穿丝袜！ / 穿上丝袜！
09061	A María no le gusta hablar en público.	玛丽亚不喜欢在公开场合说话。
09062	Estoy a punto de morir de sed.	我快渴死了。
09063	María confesó que es prostituta.	玛丽娅承认她是一个妓女。
09064	Suiza no es Suecia.	瑞士不是瑞典。
09065	Chile no es China.	智利不是中国。
09066	Sois médicos.	你们是医生。
09067	Dicen que soy una vieja.	他们说我是老女人。
09068	Planeo ir a Europa en verano.	我打算夏天去欧洲。
09069	Su avión despegará enseguida.	他们的飞机马上就要起飞了。
09070	¿Cuál?	哪个？
09071	¿Cuánto cuesta una caja?	一箱多少钱？
09072	Tom corre rápido.	汤姆跑得快。
09073	Tom es muy guapo.	汤姆真帅。
09074	Tom es un niño listo.	汤姆是聪明的孩子。
09075	Esa niña pequeña abrió la ventana.	那个小女孩打开了窗户。
09076	Beber vino ayuda a hacer la digestión.	喝酒帮助消化。
09077	Tom ha hecho una elección.	汤姆做出了选择。
09078	Tom hizo una elección.	汤姆做出了选择。
09079	Tom es un chaval listo.	汤姆是聪明的孩子。
09080	Tom engordó.	汤姆变胖了。 / 汤姆长胖了。
09081	Tom se engordó.	汤姆变胖了。
09082	Tom se sentó.	汤姆坐下了。
09083	Eso lo cambió todo.	那改变了一切。
09084	Le estamos esperando a Tom.	我们在等汤姆。
09085	Tom no es ángel.	汤姆不是天使。
09086	Quiero comer algo de pescado.	我想吃点鱼。
09087	Quiero papel.	我想纸。
09088	La Navidad es el día 25 de diciembre.	十二月二十五号圣诞节。
09089	El sistema de clanes forma una parte importante de la cultura tradicional china.	宗族制度是中国传统文化的重要组成部分。
09090	¡No manches! No subiste a la muralla china y ¿tienes la osadía de decir que viniste a Pekín? ¡Sácate!	别逗了！不爬长城你好意思说自己来过北京吗？走起！
09091	Decenas de personas siguen desaparecidas.	数十人仍然失踪。
09092	El agua de la lluvia está limpia.	雨水是干净的。
09093	Ayer vendí dos libros.	昨天我卖了两本书。
09094	Es mi barco.	这是我的船。
09095	Tom está sujetando algo.	汤姆撑著什么。
09096	La familia de Tom es pobre.	汤姆家里很穷。
09097	¿Estás mintiendo, eh?	在撒谎吧？
09098	¿Qué cenaremos esta noche?	今天晚饭吃什么。
09099	Tienes cara de sueño.	你看起来很困了。
09100	¿Qué tipo de regalo quieres para Navidad?	想要什么样的圣诞节礼物呢？
09101	Quiero comer algo que no esté dulce.	我想吃点不甜的东西。
09102	Disculpe, ¿sabe usted la hora?	不好意思，请问您知道现在几点了吗？
09103	¡Agáchate!	趴下！
09104	Maneja con cuidado.	开车小心点。
09105	Quieto, no te muevas.	静静的，别动。
09106	Quieta, no te muevas.	静静的，别动。
09107	Mañana estaré en casa todo el día.	明天我一整天都在家。 / 明天我全天在家。
09108	¿Y tú? ¿Cómo estás?	你呢? 你好吗?
09109	No, no estoy comiendo nada.	没，我什么都没在吃。
09110	Él viene de Hángzhōu.	他来自杭州。
09111	No te veo.	我看不见你。
09112	Voy a comprar una hermosa casa.	我要买一套漂亮的房子。
09113	Sidney es la ciudad más grande de Australia.	悉尼是澳大利亚最大的城市。
09114	Sidney está muy lejos de aquí.	悉尼离这里很远。
09115	Puso la revista sobre la mesa.	她把杂志放在桌上。
09116	Es el mejor amigo de mi hija.	他是我女儿最好的朋友。
09117	No usa tangas.	她不穿丁字裤。
09118	Él es mentiroso.	他是个骗子。
09119	Voy a matricularme al gym.	我去注册一家健身房。
09120	¿Y si no es?	那么，如果不是呢？
09121	Yo entiendo el Islam bastante bien, pero yo sé muy poquito sobre la religión Hindú y su cultura.	我对伊斯兰教有很好的理解，但是我印度教及其文化知之甚少。
09122	Todos están cansados después de la comida.	吃完饭，大家都很累了。
09123	Me has salvado.	你救了我。
09124	Tomás quería ir a la universidad.	托马斯想去大学。
09125	Mi chino no es muy bueno.	我的汉语不太好。
09126	Escóndete en el armario.	你藏进柜子里去。
09127	Mi padre siempre decía que el cielo ayuda a quienes se ayudan a sí mismos.	我父亲总是说天助自助者。
09128	En esta parte del país casi no nieva.	在国家的这片区域几乎不下雪。
09129	Estaba fabuloso.	太精彩了。
09130	Me gusta su gato.	我喜欢他的猫。
09131	No entiendo el portugués.	我不懂葡萄牙语。
09132	Tengo muchas cosas por hacer.	我有很多事要做。
09133	Los niños son las flores de nuestras vidas.	孩子是我们生命中的花朵。
09134	Se puso bien triste a causa de lo que le dijo.	因为他的话，她非常伤心。
09135	Se puso bien triste ella a causa de lo que él le dijo.	因为他的话，她非常伤心。
09136	Lo que le dijo la puso requete triste.	他的话使她极为伤心。
09137	Lo que le dijo él la puso requete triste.	他的话使她极为伤心。
09138	No estudió para nada.	他根本就没有学习。
09139	Quiero comer helado.	我想吃冰淇凌。
09140	¡Que Dios salve a Ucrania!	上帝保佑乌克兰！
09141	Abraza a Tom.	抱抱汤姆！
09142	Tom siente frío.	汤姆觉得冷。
09143	Tomás no es mi enemigo.	托马斯不是我的敌人。
09144	María tiene tetas enormes.	玛丽娅有两个很大的咪咪。
09145	Ella está delgada.	她很瘦。
09146	Exprimió un limón.	他榨了一个柠檬汁。
09147	¡Bienvenidas!	欢迎！
09148	¡Perdóname!	原谅我吧！
09149	Le di un beso en la mejilla.	我在她脸颊上亲了一下。
09150	Sí, es mío.	是的，这是我的。
09151	¿Qué tal la familia?	你的家人好吗？ / 你的家人怎么样？
09152	No es un secreto que Tom y Mary tienen problemas.	汤姆和玛丽之间有问题并不是什么秘密。
09153	Tom no puede dormir sin su peluche favorito.	汤姆没他最喜欢的毛绒玩具就睡不著觉。
09154	Ella solo viste pezoneras y un tanga de hilo.	她只有戴著两个乳贴，穿著一条丁字裤。
09155	Tom no es tonto.	汤姆不傻。
09156	Tom conspiró para destruir el proyecto.	汤姆打算毁掉这个项目。
09157	Nadie me apoyó.	没人支持我。
09158	¡Bienvenida!	欢迎！
09159	¿Cuándo terminan las clases?	什么时候放学？
09160	Hoy no hay clases	今天不用上学。
09161	¡Mira esa montaña!	看那山！
09162	Ella me miró	她看我。
09163	Se ve muy bien	很好看。
09164	¿Ustedes que hacen?	你们做什么？
09165	¿Cómo?	如何？
09166	¿Hablas húngaro?	你会说匈牙利语吗？
09167	Ella ayudó a sus amigos.	她帮助了她的朋友们。
09168	Cuéntame qué cosa ha pasado.	告诉我发生了什么事。
09169	Saturno tiene anillos.	土星有光环。
09170	Desvió la vista.	她转移了视线。
09171	Apartó su mirada.	她转移了视线。
09172	Ella apartó su mirada.	她转移了视线。
09173	No tengo ni un cinco.	我一点钱都没有。
09174	Bill prendió la televisión.	比尔打开了电视。
09175	¿Tienes un menú en Inglés?	你有英语的菜单吗？
09176	Este carro es mío.	这车是我的。
09177	Él está en una reunión.	他正在开会。
09178	Esto es el futuro.	这是未来。
09179	Su inglés es mejor que su francés.	她的英语比法语说得好。
09180	Ella habla mejor inglés que francés.	她的英语比法语说得好。
09181	La vista de Tom está empeorando.	Tom的视力正在恶化。
09182	Yo quiero participar.	我要参与。
09183	¿Qué bandera es ésta?	这是什么旗帜？
09184	¿Qué idioma es éste?	这是什么语言？
09185	¿Qué lengua es ésta?	这是什么语言？
09186	Aunque la producción de febrero de ventiladores eléctricos ha disminuido, todavía excede la de enero.	虽然二月电风扇的产量减少了，但还是超过了一月。
09187	Ventila la habitación, por favor.	请把房间通通气。
09188	¡Ahí viene el tren!	火车来了！
09189	Usted no es especial.	您不特别。
09190	No soy especial.	我不特别。
09191	Tom es realmente especial.	汤姆真的很特别。
09192	Prometo que leeré este libro.	我保证我会读这本书的。
09193	No sé qué podemos hacer.	我不知道我们能做什么。
09194	Creo que Tom está a punto de llorar.	我想汤姆快哭了。
09195	No sé lo que piensas.	我不知道你在想什么。
09196	Veo difícil la solución de un asunto tan liado.	一件如此复杂的事，我看很难解决。
09197	Yo no entiendo el arte moderno.	我不懂现代艺术。
09198	No lo hice solo.	我没有独自做。
09199	Él es canadiense.	他是加拿大人。
09200	No me gusta tu tono para hablar conmigo.	我不喜欢你和我说话的口气。
09201	Agitó la mano para saludarme.	他向我招了招手。
09202	No recuerdo cuando fue la última vez que lo vi sonreír.	我想不起来我甚么时候最后一次看见他笑。
09203	Su equipaje tiene sobrepeso.	你的行李超重了。
09204	Me perdí en las callejuelas.	我在小巷子里转向了。
09205	Intentaba olvidar.	我曾尝试忘记。
09206	"¿Estos son sus libros?" "No, no son mis libros".	“这是您的书吗？” “不，这不是我的书。”
09207	Tom gosta de espaguete.	汤姆喜欢意大利面。
09208	Hay que juzgar la moralidad de una acción.	必须判断一个行为是否符合道德标准。
09209	¿Ella está satisfecha?	她满意吗？
09210	El agua del río no es buena.	河水不好。
09211	¿Por qué la policía está aquí?	为什么这有警察？
09212	Ken está ocupado ahora, ¿cierto?	Ken现在很忙，是吗？
09213	Uno mismo es su peor enemigo.	你是你自己最大的敌人。
09214	Tú eres tu peor enemigo.	你是你自己最大的敌人。
09215	Como él es rico, puede ir allá.	因为他有钱，所以能去那儿。
09216	Alguien llegó.	有人来了。
09217	Hace mucho tiempo que no estábamos tan alegres.	我们很久没有在一起这样快乐过了。
09218	No sé qué hacer de cenar.	我不知道晚饭做甚么好。
09219	Estos melocotones no son muy dulces.	这些桃子不是很甜。
09220	Este es el color de las frambuesas.	这是覆盆子的颜色。
09221	¡Esto es Rusia!	这是俄罗斯！
09222	Este año es el 2011.	今年是二零一一年。
09223	Tom está limpiando su habitación.	汤姆正在打扫他的房间。
09224	Mañana quiero comprar un billete de avión.	明天我要买一张飞机票。
09225	¿Por qué es azul y blanco?	为什么是蓝色和白色？
09226	En Italia trabajan cinco días a la semana.	在意大利，他们每周工作五天。
09227	Este coche es de mi padre, pero dentro de poco será mío.	这辆车是我爸爸的， 不过不久后就我自己的。
09228	¿Dónde te quieres sentar?	你想坐哪儿呢？
09229	Voy a la plaza.	我要去广场。
09230	Dios es testigo.	上天可以作证。
09231	Tú crees que esto es una película.	你以为这是拍电影。
09232	¿Podría guardarme este vestido?	你能帮我保留这件洋装吗？
09233	Todo el mundo se está riendo.	每个人都在笑。
09234	La envidio.	我嫉妒她。
09235	Los enfrentamientos fronterizos suelen ocurrir entre estos dos países.	这两个国家经常发生边境冲突。
09236	Tienes un concepto equivocado de la crítica y autocrítica.	你对批评和自我批评这两者的看法不对。
09237	El chino es mucho más difícil que otras lenguas extranjeras.	中文比其它外语难多了。
09238	El chino es más difícil que otras lenguas extranjeras.	中文比其他外语难。
09239	Yo soy tu vecino.	我是你的邻居。
09240	Yo soy tu vecina.	我是你的邻居。
09241	Soy tu vecino.	我是你的邻居。
09242	Soy tu vecina.	我是你的邻居。
09243	Quieren sexo, riqueza y fama.	色、财、名他们都要。
09244	Donde las dan, las toman.	恶有恶报。
09245	"¿Por qué rompiste mi jarrón?" "Donde las dan las toman."	「你为什么打破我的花瓶？」「你恶有恶报。」
09246	Nosotros lo contratamos como nuestro representante.	我们委任他作为我们的代表。
09247	Ella tiene muchos novios.	她男朋友很多。
09248	Los leones, los lobos, los elefantes y los caballos, son todos animales.	狮子，狼，大象，马，这些都是动物。
09249	¿Cuánto cuesta esta cámara?	这个相机多少钱？
09250	Él está observando detenidamente una pintura con los ojos entrecerrados.	他觑著眼睛仔细地看一幅画。
09251	Tom tiene experiencia como veterinario.	Tom有兽医背景。
09252	Yo anoté su nombre y dirección.	我记下了他的名字和地址。
09253	Tom no va a volver a verte.	汤姆再也不会见你了。
09254	Yo pensaba que ya estabas muerto.	我以为他们已经死了。
09255	Muchas cafeterías en las escuelas públicas están sucias.	很多公立学校的食堂都很黑心。
09256	Yo sé distinguir el bien del mal.	我能辨别善恶。
09257	Anteanoche, fui al estadio.	昨晚我去了体育场。
09258	La mujer pensó efectivamente en su hijo.	妻子的确想儿子了。
09259	Los altibajos de terreno dificultan el avance de las tropas.	地面高低不平，给部队前进带来了困难。
09260	Es un abogado experto.	她是一位有经验的律师。
09261	Disculpe el retraso. No podía encontrar la estación de autobuses.	对不起，我来晚了，我没找到汽车站。
09262	¿Sigues ocupado?	还是那么忙吗？
09263	Para darle una sorpresa en su cumpleaños, preparé una tarta fantástica.	为了给他生日惊喜，我准备了一个非常棒的蛋糕。
09264	Autores profesionales no tienen ingreso estable.	专职作家没有固定的收入。
09265	¿Qué harías si tuvieras diez mil dólares?	如果你有一万美元，你想做什么呢？
09266	No sabía que el tofu fuera tan sabroso.	我以前不知道豆腐这么好吃。
09267	Mañana estaré comprando libros en una librería.	明天我在一家书店买书。
09268	¿Mañana por la tarde estarás en casa?	明天下午你在家吗？
09269	Yo estaba estudiando con Lucía en su casa.	我在露西亚家和露西亚一起学习。
09270	¿Qué estabas haciendo en la casa de Lucía?	你在露西亚家做什么？
09271	Yo estaba en la casa de Lucía.	我在露西亚家。
09272	¿Dónde estabas ayer por la tarde?	昨天下午你在哪里？
09273	¿En qué piso vives ahora?	你住几层了？
09274	Estoy pelando el apio y las patatas.	我在削芹菜和土豆。
09275	Eso es lo que intentaba decir.	那就是我想说的。
09276	Le he preguntado a Tom por qué no estuvo aquí ayer.	我问汤姆为什么他昨天没在这里
09277	Empiezas a trabajar a las nueve.	你九点上班。
09278	Estoy en casa a las cinco.	我五点在家。
09279	¿Qué día fue ayer?	昨天星期几？ / 昨天星期几?
09280	Son nuestros hijos.	他们是我们的孩子。 / 这是我们的孩子。
09281	Lo siento, estaba distraído.	对不起，我走神了。
09282	Nos gusta señalar los errores de los demás, pero no que señalen los nuestros.	我们喜欢指出别人的错误而不喜欢被别人指出错误。
09283	Además del piano, ¿sabes tocar otros instrumentos?	除了钢琴以外，还会玩什么乐器吗？
09284	¿Por qué debo ayudarlos?	我为什么应该帮助他们？
09285	Allí hace frío.	那里很冷。
09286	Todavía no sabe montar en bicicleta.	她还不会骑脚踏车。
09287	¿Queréis algo para tomar?	你们想要吃些什么吗？
09288	El sol está en el centro del sistema solar.	太阳在太阳系的中心。
09289	Tom está en el hospital.	Tom在医院。
09290	Tom eliminó su cuenta de Facebook.	Tom删除了他的Facebook帐号。
09291	No tengo ganas de comer más.	我不想再吃了。
09292	No confíes en cualquiera.	不要相信任何人。
09293	En el Año Nuevo, la compañía de Liu regala a cada empleado una bolsa de harina.	过年时，小刘的单位给每位员工发一袋面粉。
09294	No soporto las discusiones a gritos que cada noche se traen mis vecinos cuarentones.	我实在受不了我四十来岁的邻居们每晚的高声吵闹。
09295	¿Quieres manzana o melocotón?	你要苹果还是桃子？
09296	¿El mundo todavía tiene salvación, o es demasiado tarde?	这个世界还有救，还是为时已晚？
09297	Tira la banana podrida.	扔了这个烂香蕉。
09298	Él perdió un libro.	他弄丢了一本书。
09299	El huracán comienza a soplar de nuevo.	又开始刮台风了。
09300	Soy siberiano.	我是西伯利亚人。
09301	Tranquilízate y explícamelo desde el principio.	你冷静下来，从头开始跟我说。
09302	Tranquilizaos y explicádmelo desde el principio.	你们冷静下来，从头开始跟我说。
09303	Tranquilícese y explíquemelo desde el principio.	您冷静下来，从头开始跟我说。
09304	Tranquilícense y explíquenmelo desde el principio.	您们冷静下来，从头开始跟我说。
09305	El accidente retrasó el tráfico.	事故耽误了交通。
09306	Tom levantó un dedo.	Tom抬起一只指头。
09307	Tom levantó sus manos.	Tom举起他的双手。
09308	Tom levantó su mano derecha.	Tom举起了他的右手。
09309	Ha sido acusado de la comisión de varios delitos contra la propiedad.	他被指控犯有好几起侵犯财产罪。
09310	Desde el bar podíamos ver muy claramente la totalidad del parque.	我们从酒店里可以把整个公园看得清清楚楚。
09311	Desde el hotel podíamos ver muy claramente la totalidad del parque.	我们从酒店里可以把整个公园看得清清楚楚。
09312	Ese maleducado me dejó una mala impresión.	那个没礼貌的人给我留下了很坏的印象。
09313	El mono se trepó al árbol.	猴子爬上了树。
09314	La cuestión es si mis padres lo aprueban o no.	问题是我爸爸妈妈会不会同意。
09315	Tengo tiempo para llevarte de excursión.	我有空带你去踏青。
09316	Lo conocí en una fiesta.	我是在一场派对里认识他的。
09317	Yo pienso que esto es importante.	我认为这是很重要的。
09318	¿Quién puede traducir este artículo?	谁能翻译这篇文章？
09319	Ir en tren es más barato.	坐火车去比较便宜。
09320	Ahora es el turno de mi hermano.	现在轮到我兄弟了。
09321	Él es estudiante, aprende el chino en la Università degli Studi di Parma.	他是学生，他在帕尔玛大学学中文。
09322	¡Es tu color!	这是你的颜色！
09323	¿Tom vive en Boston?	汤姆住在波士顿吗？
09324	Creo que es imposible para Tom.	我认为对Tom来说是不可能的。
09325	¿Conoces a aquella persona?	你认识那个人吗？
09326	Aún no lo he decidido.	我还没决定好。
09327	La ropa está allí.	衣服在那里
09328	Mi ropa está allí.	我的衣服在那里。
09329	Necesitáis zapatos nuevos.	你们需要新的鞋子。
09330	¿Tenéis las fotos de Boston?	你们有波士顿的照片吗？
09331	Todos tenemos secretos de los que no queremos que se entere nadie. Ni siquiera nuestros mejores amigos.	我们都有不想让人-甚至是我们最好的朋友-知道的秘密。
09332	Siempre supe que nací para este trabajo.	我一直都知道我生来就是为了做这工作。
09333	Alex se fue sin despedirse.	Alex不告而别。
09334	Esta vez va a ser diferente.	这次将会不一样。
09335	No hace falta que me lo repitas tantas veces.	你不需要跟我重复那么多次。
09336	No me grites al oído.	别在我耳边大叫。
09337	Busco alguien que aprenda inglés conmigo.	我在找人和我一起学英文。
09338	Tom rompió con su novia.	Tom和他女朋友分手了。
09339	Tom se emborrachó anoche.	Tom昨晚喝醉了。
09340	¿Tiene tallas más pequeñas?	你有没有小一点的尺寸？
09341	Se lo digo todos los días.	我每天都跟他说。
09342	Este computador ya no funciona.	这台电脑已经不能用了。
09343	Había mucha gente en la fiesta.	派对里有很多人。
09344	Tom dijo, que te llamaría más tarde.	Tom说他晚一点会打给你。
09345	Eres más alta que yo.	你比我还高。
09346	Sois más altos que yo.	你们比我还高。
09347	Sois más altas que yo.	你们比我高。
09348	Estamos listas para ayudar.	我们准备好要帮忙了。
09349	Estamos listas para jugar.	我们准备好要玩了。
09350	Escribí muchas oraciones en esperanto.	我写了许多世界语的句子。
09351	Soy muy optimista.	我非常乐观。
09352	Ahora no puedes ayudar a Tom.	你现在没有办法帮Tom。
09353	Dile a Tom que estoy aquí.	跟Tom说我在这。
09354	Tom está enamorado de mí.	Tom爱上我了。
09355	No fume demasiado.	不要抽太多烟。
09356	Puede que eso no pase.	也许那没有发生。
09357	Debiste haberle dicho a Tom.	你应该和Tom说。
09358	Realmente no estoy seguro.	我真的不确定。
09359	Creo que estamos listos.	我认为我们准备好了。
09360	Es muy obvio.	非常明显。
09361	Tom descansó por un momento.	Tom休息了一下。
09362	Era un bonito lugar.	那是个美丽的地方。
09363	Ella compró el periódico.	她买了报纸。
09364	En la escuela no se puede fumar.	在学校里不能抽烟。
09365	¿Tom ayuda a Mary?	Tom帮助Mary ？ / Tom帮助Mary吗? / Tom帮不帮助Mary?
09366	Skopie es la capital de Macedonia.	史高比耶是马其顿共和国的首都。
09367	Él no tiene ideas propias.	他没有自己的意见。
09368	No debes caer en la tentación.	你不应该屈服在诱惑之下。
09369	Debo obedecer.	我应该服从。
09370	Aquí está tu bebida.	你的饮料在这。
09371	Hicimos lo que queríamos.	我们做我们想做的。
09372	¿Quién crees que está equivocado?	你认为谁是错误的？
09373	Me toca lavar los trastes.	轮到我洗碗了。
09374	Tengo algo que usted debería ver.	我有个东西您该看看。
09375	El que está escribiendo la carta en el aula es mi amigo.	那个在教室写信的人是我的朋友。
09376	¿Quién me trajo aquí?	是谁把我带到这里？
09377	Me sorprende que hayas aceptado almorzar conmigo.	我很讶异你愿意和我一起吃午餐。
09378	Tom no tiene dinero.	Tom没有钱。
09379	Tom no tiene plata.	Tom没有钱。
09380	Cien menos noventa es diez.	一百减九十等于十。
09381	El amor es inmortal.	真爱不渝。
09382	Quiero hablar.	我想说话。
09383	Ella va a la escuela nocturna.	她上夜校。
09384	No hay perro que sea más grande que este.	没有比这更大的狗了。
09385	También te amo.	我也爱你。
09386	Su comportamiento constituye un abuso de autoridad.	他的行为构成了滥用职权。
09387	Ayer era viernes.	昨天是星期五。
09388	Es sábado hoy.	今天是星期六。
09389	He intentado una y otra vez.	我一次又一次地尝试。
09390	¿De verdad estoy enferma?	我真的病了吗？
09391	¿Soy una persona especial? Gracias. ;)	我是一个特别的人吗？谢谢。;)
09392	Nuestro club tiene el triple de miembros que el suyo.	我们的俱乐部的人数比你们多三倍。
09393	Brian olvidó sus pertenencias.	Brian 丢下了自己的财产。
09394	Hasta un niño lo haría.	连小孩儿都会做。
09395	Mi gato corre por el cuarto.	我的猫跑着穿过这个房间。
09396	Esa es una idea de alguien lego en la materia.	这是外行的想法。
09397	¿Por qué no te lavas las manos?	为什么你没洗手呢？
09398	Pagué tres pesos por ese libro.	我用三块钱买了那本书。
09399	No somos capaces de distinguir cúal es mejor.	我们无法辨别哪个更好。
09400	No conozco ese baile.	我不知道那种舞蹈。
09401	Le falta sentido común.	他缺乏常识。
09402	Tom parece ser una persona honesta.	汤姆似乎是个诚实的人。
09403	Entre nosotros no hay simpatía mutua.	我们之间已经没有感情了。
09404	¿Cómo se dice "fútbol americano" en inglés?	橄榄球英语怎么说？
09405	¿Estudiaste francés anoche?	你昨晚有读法文吗？
09406	Tom sabía que Mary estaba cansada.	汤姆知道玛丽亚累了。
09407	Estamos contentos con nuestro carro.	我们很满意我们的车。
09408	¿Puedes darme alguna sugerencia?	你可以给我一些建议吗？
09409	Ya me decidí.	我已经决定好了。
09410	¡Me tienes mamado!	你烦到我了！
09411	Actualmente vivo en Beijing.	我现在居住在北京。
09412	Por favor, llámame a decirme el resultado.	请你打电话把结果告诉我。
09413	Este niño viene de Colombia.	这小伙子是从哥伦比亚来的。
09414	Nunca habíamos tenido este problema.	我们从前从没有过这个问题。
09415	No me preguntes, yo no te puedo mentir.	你不问我，我就不会说谎话。
09416	Ahora soy viejo y no puedo caminar.	我现在老了，走不动了。
09417	¿Qué tal otra cerveza?	再来一杯啤酒怎么样？
09418	El conocimiento es poder, y ese poder puede usarse tanto para el bien como para el mal.	知识就是力量，但这力量可以用来做好事，也可以用来做坏事。
09419	Todos los seres humanos son mortales.	凡人皆有一死。
09420	Necesito mi abrigo.	我需要我的大衣。
09421	Dame ese ordenador portátil.	给我那台笔电。 / 把那个笔记本电脑给我。
09422	Eh, ¿qué estás haciendo aquí?	嘿，你在这做什么？
09423	Habrá una fiesta en la playa esta noche.	今晚有个海滩派对。
09424	Perdón, no hablo portugués.	抱歉，我不会说葡萄牙文。
09425	Facebook es aburrido.	Facebook很无聊。
09426	¿Dónde están los libros?	书在哪儿？
09427	Vino a Japón para aprender el japonés.	她为了学习日文来到日本。
09428	La libertad es muy, muy importante.	自由非常非常重要。
09429	Nick no tiene que venir a mi oficina.	Nick不需要来我办公室。
09430	Londres está al lado del Támesis.	伦敦在泰唔士河旁。
09431	Nadar es muy divertido.	游泳非常有趣。
09432	Mary ahora tiene tres hijos.	Mary现在有三个孩子。
09433	Hay más de 800,000 hablantes del euskera en el mundo.	世界上有超过八十万的巴斯克语使用者。
09434	Por cierto, hace un tiempo dijiste que no encontrabas tu sombrilla, ¿la encontraste?	对了，前些时间你说伞不见了，现在找到了吗？
09435	Maneja.	往前开。
09436	Mi padre está regando las flores.	父亲在浇花。
09437	Mañana tenemos una fiesta en el trabajo.	我们明天有个办公室派对。
09438	A Tom no le gustó la idea.	汤姆不喜欢这个主意。
09439	Ella se puso un sombrero para salir.	她戴上了外出用的帽子。
09440	Ella tiene un punto de vista diferente al mío.	她持有与我不同的观点。
09441	Quisiera hablar con tu tío.	我想和你的舅舅谈一谈。
09442	Demasiado difícil.	太难了。
09443	Brazalete es igual en inglés y francés: “bracelet”.	英文"Bracelet"在法文的意思是相同的。
09444	Pasó un día largo.	漫长的一天过去了。
09445	Esta compañía y yo firmamos un contrato a tres años.	我和这家公司签了三年合同。
09446	No hace falta ser amable con este tipo de persona.	对这种人，用不着客气。
09447	Así no se comporta un caballero.	这不是绅士行为。
09448	Esa no es conducta para un caballero.	这不是绅士行为。
09449	¿Ustedes son capaces de adivinar qué tengo?	你们能猜到我有什么吗？
09450	Tomá un vasito de agua.	喝一杯水。
09451	Él comenzó a almorzar.	他开始吃午饭了。
09452	Tom se hizo cargo después de que yo me fui.	我走了后汤姆接手了。
09453	Él secó sus ropas mojadas junto al fuego.	他在火旁烘干他的湿衣服。
09454	La informática es una ciencia particular.	计算机科学是一门奇特的学科。
09455	¿Puedes darme una pista?	你可以给我一个提示吗？
09456	Disculpe, ¿cómo llego a la estación de policía?	请问警察局怎么走？
09457	Si encuentras algo, llámame.	如果你发现什么，请打给我。
09458	Hay mucha gente en este concierto.	这场演唱会的人真多。
09459	¿Puedes leer?	你能阅读吗？
09460	¿Existe algún vuelo directo a Nueva York?	请问有没有飞往纽约的不停站航班？
09461	Por favor revise la respuesta correcta.	请检查一下正确答案。
09462	Nunca olvidaré esa escena.	我永远不会忘记那景象。
09463	¿No deberías irte ya a la escuela?	你现在该上学去了吧？
09464	No sé qué debería hacer.	我不知道该怎么办。
09465	No, los platos chinos son los mejores.	不，中国菜是最好的。
09466	Con frecuencia se dice que el japonés es una lengua difícil de aprender.	人们常说日文很难学。
09467	Quiero un pez.	我想要一条鱼。 / 我要一条鱼。
09468	Ahora no estoy cansada.	我现在不累。
09469	No te olvides de mandar esta carta.	不要忘了寄这封信。
09470	¿Tom se enfermó?	汤姆病了吗？
09471	Tom no me dijo la verdad.	汤姆没有告诉我实话。
09472	Espero que tus padres nos permitan casarnos.	希望你父母会让我们结婚吧。
09473	Hoy en la tarde estoy ocupado, no puedo ir a la reunión.	我今天下午有事，不能开会了。
09474	Sabiendo que te está yendo bien allá, me alegro por ti.	知道你在那里过得不错，我替你感到高兴。
09475	Él cargó con toda la culpa.	他负了全部责任。
09476	Su nueva novela será publicada el próximo mes.	他的新小说将会在下个月出版。
09477	¿Conoces películas libres o de contenidos abiertos?	你知道开源的电影吗？
09478	Él tiene por lo menos sesenta años.	他最少有六十岁。
09479	Él finalmente salió del cuarto.	他终于从房间里走了出来。
09480	La madrastra le sonrió fríamente a Cenicienta.	继母对仙杜瑞拉冷冷一笑。
09481	Abre la ventana. Está como un horno acá.	请开一下窗。这里像烤炉一样热。
09482	La carretera estaba congelada.	公路结冰了。
09483	No estoy orgulloso de ello.	我不为此感到骄傲。
09484	Decirme "hola, ¿qué tal?" no sirve de nada si no tienes nada más que decir.	如果你没有其它可说的，那对我说“嗨，你怎么样？”就毫无意义。
09485	Tom se ducha todos los días.	汤姆每天都洗澡。
09486	Él la llama por teléfono todos los días.	他每天都给她打电话。
09487	Tom entró en mi casa.	汤姆进去我家里了。
09488	Tom y yo somos muy buenos amigos.	汤姆和我是好朋友。
09489	Tom no distingue entre geografía y geología.	汤姆分不清地理学和地质学的区别。
09490	Cuando se trata del inglés, no hay nadie mejor que yo.	在英语能力方面，没有人能比我好。
09491	En junio llueve día tras día sin parar.	六月的雨一天又一天的下个不完。
09492	Sin embargo, en el "mundo de los adultos" hay mucha competencia.	但是，在「真实的大人世界」里是有很多竞争的。
09493	No soy raro.	我不是一个怪人。
09494	No soy un excéntrico.	我不是一个怪人。
09495	Es un milagro.	这是一个奇迹。
09496	Tom tomó algo de jugo.	Tom喝了些果汁。
09497	El niño se constipó.	小孩感冒了。
09498	Incluso si es verdad, no tiene mayor importancia.	就算是真的，也没有多大的关系。
09499	En la mitología griega, Ares era el dios de la guerra.	在希腊神话中，阿瑞斯是战争之神。
09500	Ayer estuve todo el día memorizando palabras en inglés.	我昨天整天都在背英文字。 / 我昨日一天侪垃𡋤背英语单词。 / 我昨天一天都在背英语单词。
09501	Ella murió en un accidente de tránsito.	她死于一场汽车车祸。
09502	Él se ahogó.	他被淹死了。
09503	Quiero pedirte ayuda.	我想请你帮忙。
09504	¿Lo pasaste bien en Navidad?	你圣诞过得开心吗？
09505	Creo que está enferma.	我想她病了。
09506	La victoria ha costado muchas vidas.	胜利是用许多人的性命换来的。
09507	Ellos decoraron el cuarto.	他们把房子装饰了一下。
09508	Él tiene veinte niños.	他有二十个孩子。
09509	Lo entrevisté.	我采访了他。
09510	Ciento cincuenta personas participaron en la maratón.	150个人参加了马拉松比赛。
09511	El señor Wang está aprendiendo alemán, porque quiere ir a Alemania.	王先生学德文，因为他想去德国。
09512	Tienes que ser cuidadoso al escoger tus amigos.	你应该小心选择朋友。
09513	¿A qué hora comienza el juego?	游戏几点开始？
09514	Tom volvió a su rancho durante las vacaciones de verano para visitar a sus padres.	汤姆在夏休回乡看望父母。
09515	Tom está estudiando para ser un biólogo marino.	汤姆为了当海洋生物学家学习。
09516	Él vendrá conmigo.	他会跟我来。
09517	Vendrá conmigo.	他会跟我来。
09518	Me levanté a las 2:30.	我在2:30起床。
09519	Me levanté de la cama a las 2:30.	我在2:30起床。
09520	¿Quiénes viven contigo?	你家里都有谁？
09521	Si él lo hubiera intentado, lo habría logrado.	如果他有尝试的话，就可能已经成功了。
09522	Tengo que decir que no.	我必须拒绝。
09523	Él se lleva bien con quien sea.	他和谁都很合得来。
09524	Tom no abandonó el proyecto.	汤姆没有放弃那个计划。
09525	Ella es la prometida de un millonario.	她和一个有钱人订了婚。
09526	Ella está comprometida con un rico.	她和一个有钱人订了婚。
09527	No me gusta mucho la forma de enseñar del maestro Miller.	我不喜欢Miller老师的教学方式。
09528	Mi padre corre todas las mañanas.	我父亲每天早上都跑步。
09529	¿Me llevas en coche a la estación?	你能开车去车站吗？
09530	Me gusta el salmón; llevo pescándolo toda la vida.	我很喜欢鲑鱼；我一生都在捕捞。
09531	Mira por el retrovisor antes de dar marcha atrás.	倒车前先看后视镜。
09532	Si tuviera dinero, me compraría una casa nueva.	如果我有钱，我会买一个新房子。
09533	Eso no es vino, sino zumo de uva.	这不是葡萄酒，是葡萄汁。
09534	No tuve problemas con el jefe.	我和老板没有问题。
09535	Tom no tiene pelo.	汤姆没有头发。
09536	El tocador de Mary es muy bonito y luminoso.	玛丽的梳妆台非常漂亮明亮。
09537	Yo no saqué ningún libro de la biblioteca.	我没从图书馆拿出任何一本书。
09538	¡Tom, te llaman!	汤姆，你的电话！
09539	Tom besó a Mary y le pidió perdón.	汤姆亲了玛丽，并请求她的原谅。
09540	¿Qué regalo has comprado?	你买了些什么礼物？
09541	Hanfu es la ropa tradicional usada por la etnia han de China, antes de la dinastía de Qing.	汉服是中国汉族于清以前的传统服饰。
09542	El Hanfu influyó en la ropa tradicional de otros países, como en el kimono en Japón, el hanbok en Corea o el áo tứ thân en Vietnam.	汉服影响了其他国家的传统服饰，如日本的和服，韩国的韩服及越南的四身袄。
09543	Ahora el hanfu está viviendo un proceso de recuperación del estatus como el vestido representativo chino.	现在汉服正处在一个作为中国代表服饰的复兴状态中。
09544	Hanfu es la ropa tradicional de la etnia han.	汉服是汉族的传统服饰。
09545	Mi amigo y yo recorrimos París hasta las 5 AM.	我和一个朋友勘探巴黎一直到5点.
09546	Esta yuca está tiernita y rica.	这个木薯又嫩又好吃。
09547	Vengo de una familia de doctores.	我来自医师家庭。
09548	Espero que haya suerte.	希望你有好运。
09549	No, no tengo.	不, 我没有。
09550	No, no lo tengo.	不, 我没有。
09551	Tengo licor.	我有酒。
09552	La vida emocional de las personas se está volviendo cada vez más inestable.	人们的感情生活越来越不稳定。
09553	A mí me gusta tomar crema de calabaza.	我喜欢喝南瓜汤。
09554	Entonces, iremos a comprar ropa después de las cinco, ¿te parece bien?	那，我们五点后去买衣服，好吗？
09555	Entiendo que eso no es correcto.	我知道这不是正确的。 / 我理解这不是正确的。
09556	Tenemos que enviarles algo.	我们要给他们寄去些东西。
09557	Estoy contento de estar aquí.	我很高兴在这里。 / 我在这里很开心。
09558	¿Quién necesita ese viejo mueble?	谁需要这件旧家具？
09559	¿Te gustan los muebles del IKEA?	你喜欢宜家的家具吗？
09560	Feliz Fiesta de Medio Otoño.	中秋节快乐。
09561	Hoy es el Festival de Medio Otoño.	今天是中秋节。
09562	Te recomiendo que nunca vivas por encima de tus posibilidades.	我建议你永远不要入不敷出。
09563	¿Todavía están en casa?	你们还在家里吗？
09564	Mi hermano mayor nunca escucha nuestros consejos.	我的哥哥从来不听从我们的建议。
09565	Él no sabe ningún otro idioma extranjero aparte de inglés.	他除了英语之外不懂另外任何一种外语。
09566	Tu media derecha está al revés.	你右边袜子倒转穿了。
09567	Aparentemente la gente sólo hace barbacoa en verano.	人们似乎只在夏天烤肉。
09568	Es mejor que no te pasees por ese lugar.	你最好别在那种地方走来走去。
09569	Tom viene aquí con frecuencia.	汤姆常来这里。
09570	¿Habías oído esta canción?	你听过这首曲子吗？
09571	No hablo francés suficientemente bien.	我的法语说得不够好。
09572	Tom es un empollón.	汤姆是只书虫。
09573	Tom es un comelibros.	汤姆是只书虫。
09574	Es una pena que no puedas venir a la fiesta.	你不能来参加派对，真是可惜。
09575	Lo bueno del invierno es que no hay mosquitos.	冬天的好处在于没有蚊子。
09576	¿Por qué estás en casa?	你为什么在家？
09577	Este es tu coche.	这是你的车。
09578	Detrás de mi casa hay un callejón.	我家后面有条小巷。 / 我家后面有条胡同。 / 我家后面有条弄堂。
09579	Es biólogo.	他是一个生物学家。
09580	Me apasiona volar.	我很爱飞。
09581	Tom rompió tres platos.	汤姆打碎了三个盘子。
09582	Si vas sin matrícula, te multan.	如果你不挂照牌上路，会被罚款的。
09583	Pensé que el metro era gratis e iba sin billete.	我以为地铁是免费的，所以我没买票就去了。
09584	Mañana comienza un nuevo año.	明天新的一年就要开始了。
09585	Hay que tomar una uva en cada campanada.	钟每敲一声就要吃一颗葡萄。
09586	Hay que tomar una uva por campanada.	钟每敲一声就要吃一颗葡萄。
09587	Hay que tomarse una uva con cada campanada.	钟每敲一声就要吃一颗葡萄。
09588	Eres fotogénico.	你很上相。
09589	Eres fotogénica.	你很上相。
09590	Sus ojos brillaban al hablar.	他双眼发光地说著。
09591	Mi hermano está en Australia ahora.	我兄弟现在在澳大利亚。
09592	El pedal del freno no va bien.	这个脚踏不好用。
09593	¿Hoy no estás trabajando?	你今天不在工作吗？
09594	Supongo que usted es canadiense.	我猜您是加拿大人。
09595	¿Eres de Australia?	你是澳大利亚的？
09596	Mis padres están en Australia.	我的父母在澳大利亚。
09597	Me gustaría vivir en Australia.	我想去澳大利亚生活。
09598	Es francés.	他是法国人。
09599	No puedo hablar bien francés.	我说不好法语。
09600	No te comas mis patatas fritas.	别吃我的薯条。
09601	Yo, también.	我也是。
09602	Él tiene sus defectos, pero lo amo.	他有他的缺点，但是我爱他。
09603	Tom fue enviado por sus padres a Boston porque en Chicago se metía constantemente en líos.	汤姆被他爸妈送到了波士顿，因为他老在芝加哥惹麻烦。
09604	Mi hija no me escuchará.	我的姐姐(妹妹)不听我的话。
09605	Mi hermana ama el ballet.	我姐姐爱芭蕾。 / 我妹妹爱芭蕾。
09606	Una librería en ese lugar no produciría el dinero suficiente para sobrevivir.	那个地点的书店无法赚足够的钱生存下去。
09607	¿Me lo puede tener un momento?	你能帮我拿一会儿吗？
09608	Tom no quería que Mary hablase con John.	汤姆不想让玛丽和琼说话。
09609	Tom consoló a Mary.	汤姆安慰了玛丽。
09610	Los ojos de Tom estaban clavados en la televisión.	Tom的眼睛被荧幕吸引住了。
09611	Tom murió de 30 años.	汤姆三十岁时去世了。
09612	¿No puedes posponerlo hasta mañana?	你不可以把它延迟到明天吗？
09613	Todos envidian mi carro nuevo.	他们都羡慕我的新车。
09614	No corra en el salón de clases.	不要在课室里奔跑。
09615	No deje sus cosas en desorden.	不要把你的东西四处乱放。
09616	Ahora hablas de una forma que sólo empeora la situación.	你现在说这种话，只会火上加油。
09617	Excepto ellos, todos se fueron.	除了他们，每个人都留下了。
09618	Los invitados están en la cocina.	客人们在厨房。
09619	El paisaje de esta montaña es muy hermoso.	这座山的景色非常美。
09620	El asunto ya pasó, no vale la pena culparlo a él ahora.	事情已经发生了，现在怪他也没有用。
09621	¿Por qué tendría que darle dinero?	我为什么要给他钱？
09622	Esperamos que Tom esté bien.	我们希望汤姆没事。
09623	Los coloridos cerezos en flor de la escuela atrajeron una gran cantidad de visitantes.	学校的樱花开的烂漫，吸引了大量市民前来观赏。
09624	A él le encanta contar chistes.	他特别爱讲笑话。
09625	Entra, está abierto.	进来，门开着。
09626	Tom viene unas tres o cuatro veces al mes.	汤姆一个月来这里三四次。
09627	Mesero, la cuenta.	服务生，买单。
09628	Cuando estableció su propia empresa, él no tenía aún 20 años.	他成立了自己的公司的时候还不到二十岁。
09629	¿Quién es su director de cine favorito?	谁是您最喜欢的导演？
09630	La tecnología espacial de los EE.UU. es mucho más avanzada.	美国的太空科技十分先进。
09631	Después de terminar la carrera me sentía exhausto.	赛跑完后我累透了。
09632	Él se distrae muy fácilmente, nunca se logra concentrar en una cosa.	他特别容易分心,从来没办法把注意力集中在一件事情上.
09633	La exhibición ya está abierta.	展览现在已经开放。
09634	¿Cuál es tu afición?	你的爱好是什么？
09635	Eres la chica más hermosa que jamás he visto.	你是我见过的最漂亮的女孩。
09636	Acaban de comenzar los días más calurosos del verano.	近来进入三伏天了。
09637	María está sola en medio del bosque.	玛丽亚只身一人在森林中。
09638	Es un barco.	这是一艘船。
09639	La parada de autobús está justo al frente de mi casa.	公共汽车的停车站正好坐落在我的住所前面。
09640	A Tom no le gusta ninguna comida picante.	汤姆不喜欢任何辣的食物。
09641	Disculpe, ¿cómo llego a la estación de tren?	请问火车站怎么走？
09642	Vamos a comer algo muy bueno.	我们要好好吃一顿。
09643	Este cuento de hadas es bastante simple, un niño de 7 años puede leerlo.	这个童话故事很浅白，七岁的小孩也看得懂。
09644	Gracias por tu sugerencia.	谢谢你的建议。
09645	Este invento es el resultado de muchos años de paciente experimentación.	这发明是多年来耐心实验的成果。
09646	"¿Vamos por un café?" "Lo siento mucho, ya tengo un compromiso."	「赏面一起去喝杯咖啡吗？」「真不好意思，我已经约了人了。」
09647	Recuerdo que me encontré con él en París.	我记得在巴黎见过他。
09648	¿Dónde estás? Estoy en el jardín.	你在哪儿？ 我在花园中。
09649	Intenté no despertarte.	我想办法不让你醒。
09650	Me gustaría comprar ese carro, pero no tengo dinero.	我想买那辆车，可是我却没有钱。
09651	Sube el volumen del radio, no lo oigo bien.	把收音机调大声点。我听不清楚。
09652	Quizás porque la red es muy lenta.	可能是因为网速太慢。
09653	Es una pena que en este mundo los estúpidos son muchos más que los inteligentes.	可惜，世界上的愚人总比聪明人要多。
09654	Tenemos reglas.	我们有尺子。
09655	Tom aún es un maestro?	汤姆还是一个老师吗？
09656	Soy camarero.	我是跑堂。 / 我是服务员。 / 我是服务生。
09657	¿Cuántos tentáculos tiene un calamar?	鱿鱼有几只触手？
09658	Si tienes algún problema, puedes preguntarme.	如果你有任何问题，你可以向我提问。
09659	Regresen al barco.	他们回到了船上。
09660	¿Dónde lo asustaste?	你哪里吓到他了？
09661	En conclusión, el inglés ya no es exclusivamente la lengua de los ingleses.	由此可见，英文已经不再是专属英国人的语言了。
09662	Deberías ir a ver al médico.	你应该让个医生看看。
09663	Me he estado sintiendo un poco agitado.	我有点不安。
09664	Me encantan los libros.	我特别喜欢书。
09665	En las noches, sale a beber.	他每天晚上出去喝酒。
09666	Deja ya de hablar de eso.	别说这些了。
09667	¿Podría hacernos una breve introducción de sí mismo?	你能简短地介绍一下你自己吗？
09668	Perdona, pero sin preservativo nada de nada.	对不起，但是没有避孕套的话是绝对不行的。
09669	Los gatos odian las aspiradoras.	猫很讨厌吸尘器。
09670	Por favor, sigue.	请继续。
09671	Sigue esforzándote.	继续努力。
09672	Él siguió burlándose de mi.	他继续嘲笑我。
09673	Tom sufrió de migrañas durante años.	多年来汤姆一直在忍受偏头痛之苦。
09674	El tren estaba tan lleno, que todos tuvimos que permanecer parados hasta que llegamos a Osaka.	火车很挤迫，一直驶到了大阪我们都要站著。
09675	Hay un error gramatical en esa oración.	这个句子有个语法错误。
09676	Borró otros nombres.	他查过另些名子.
09677	Al caballo le puso un nombre que le gustaba.	他给马取了一个他喜欢的名字。
09678	Tardó ocho días en encontrar un nombre.	为了找到一个名字，我花了八天时间。
09679	Baila cuanto quieras.	你随时都可以跳舞。 / 你想什么时候跳舞就什么时候跳。
09680	Ponte lo que quieras.	穿你想穿的。
09681	El señor tenía un poder absoluto sobre sus súbditos.	领主对他的臣民有绝对权力。
09682	No los quiero.	我不要.
09683	No los comprendo.	我不懂这些。
09684	Quiero descansar bastante más.	我还需要多休息一段时间。
09685	Quiero recibir bastante más.	我还要收到更多。
09686	Quiero obtener bastante más.	我还要获得更多。
09687	Quiero ahorrar bastante más.	我还要更省。
09688	Quiero dormir bastante más.	我还要再多睡一会儿。
09689	Quiero ganar mucho más.	我还要赢得更多。
09690	Quiero disfrutar mucho más.	我还要享受更多。
09691	Quiero descansar mucho más.	我还要多休息一会儿。
09692	Quiero relajarme mucho más.	我还要更放松。
09693	Quiero recibir mucho más.	我还要收到很多。
09694	Quiero obtener mucho más.	我还要获得很多。
09695	Quiero ahorrar mucho más.	我还要再省。
09696	Quiero dormir mucho más.	我还要再睡一会儿。
09697	Quiero ser el más relajado.	我要成为最放松的那个。
09698	Quiero ser el más tacaño.	我要成为最小气的那个。
09699	Quiero ser el más dormilón.	我要成为最贪睡的那个。
09700	Quiero ser el más destacado.	我要成为最杰出的那个。
09701	Él terminó la universidad hace diez años, pero aún no se ha independizado.	他大学毕业已经十年了，但还没有学会独立生活。
09702	¿Podemos ir a otro lugar?	我们能去别的地方吗？
09703	¿Podemos ir a otro lado?	我们能去别的地方吗？
09704	Nos gustan las mismas cosas.	我们喜欢同样的东西。
09705	Ayer, cuando volvía de la escuela, cayó un aguacero de repente.	我昨天放学回家的时候突然下起了大雨。
09706	Sí, él y yo somos casi igual de altos.	是的，他几乎和我一样高。
09707	A mucha gente le gusta caminar.	很多人喜欢步行。
09708	A la hora que quieras venir, ven.	什么时候想来就过来吧。
09709	Ven a la hora que quieras.	什么时候想来就过来吧。
09710	Tom dice que no está seguro de lo que Mary quería hacer.	汤姆说他不确定玛丽想做什么。
09711	Tom puso una pila de cartas sobre el escritorio de Mary.	汤姆把一叠信放在玛丽桌上。
09712	Creo que encontré la solución.	我想我找到答案了。
09713	Pon el libro en su lugar.	把书放在原处。
09714	Alguien se comió mi cupcake.	某人把我的杯形蛋糕吃完了。
09715	Alguien se terminó mis cupcakes.	某人把我的杯形蛋糕吃完了。
09716	Japón consta de cuatro islas mayores, más de tres mil menores, y tiene aproximadamente el área de California.	日本是由四个大岛和三千多个小岛组成的，面积和加州差不多。
09717	Nadie nos dio nada.	我们什么也没有得到。
09718	¿Está mamá aquí?	妈妈在这里吗？
09719	Tom picó la lechuga.	汤姆切了生菜。
09720	Estás condenado al fracaso.	你注定失败。
09721	Me preocupa que él fracase.	我担心他会失败。
09722	Su negocio fracasó.	他的生意失败了。
09723	Él reconoció su fracaso.	他接受了他的失败。
09724	Él aceptó su derrota.	他接受了他的失败。
09725	La política laboral es un fracaso.	工作政策是个失败。
09726	Ella fracasó en todos sus intentos.	她每次的尝试都失败了
09727	Cada vez que lo intentó, ella fracasó.	她每次的尝试都失败了
09728	Sin su ayuda, yo habría fracasado.	没有他的帮助，我会失败。
09729	Todos mis intentos fracasaron.	我所有的尝试都失败了。
09730	Su plan está condenado al fracaso.	您的计划是注定要失败的。
09731	¿Hay alguna diferencia?	有什么区别吗？
09732	El invierno fue extremadamente suave.	这个冬天特别温和的。
09733	Las mariposas son insectos.	蝴蝶是昆虫。
09734	Las moscas son insectos.	苍蝇是昆虫。
09735	Los escarabajos son insectos.	蜣螂是昆虫。 / 虼螂是昆虫。 / 金龟子是昆虫。
09736	Los peces, los anfibios y los reptiles son animales de sangre fría.	鱼类、两栖类和爬行类都是冷血动物。
09737	A las mujeres les gusta cantar.	女生们都喜欢唱歌。
09738	Mercurio es un planeta.	水星是一颗行星。
09739	Esta noche salimos a cenar, ¿qué me dices?	我们今晚出去吃饭，你说怎么样？
09740	Para empezar, debo agradecer a todos ustedes.	首先，我要感谢你们所有人。
09741	Primero, quiero agradecer a todos ustedes.	首先，我要感谢你们所有人。
09742	¿Ella es capaz de un viaje largo?	她受得了长途旅行吗？
09743	¿Ella aguanta un viaje largo?	她受得了长途旅行吗？
09744	A él le gusta ir a la playa de cuando en cuando.	他喜欢偶尔去海边。
09745	Todos hablamos español.	我们都说西班牙语。
09746	Perdona, pero sin condón no lo haré.	对不起，但是如果不用避孕套的话我不做。
09747	El que compra y miente, en su bolsa lo siente.	买了东西还说谎，别人不知口袋知。
09748	El nuevo teatro se ve muy suntuoso.	新剧院看上去很豪华。
09749	El nuevo teatro se ve magnífico.	新剧院看上去很绚丽。
09750	En ese entonces no estaba casada.	那个时候我还没有结婚。
09751	Él tiene sus defectos, pero me gusta igual.	他有他的缺点，但是我依然喜欢他。
09752	No pensé que sería así de malo.	我没想到他这么坏。
09753	Parecía que a ella le gustaba mucho la música.	看上去她很喜欢音乐。
09754	Pienso que deberíamos esperar media hora más.	我想我们还要再等半个小时。
09755	¿Cómo estuvo tu semana?	你一周过得怎么样？
09756	Ella de verdad murió.	她确实死了。
09757	De verdad estoy de acuerdo contigo.	我确实同意你的想法。
09758	En realidad podría ser un error.	可能确实搞错了。
09759	Yo de verdad lo vi.	我确实看见他了。
09760	A ella de verdad le gustan los animales.	她确实喜欢动物。
09761	Ella se veía realmente cansada.	她看起来确实很累。
09762	La discusión terminó.	讨论结束了。
09763	¿De quién están hablando?	他们在讨论谁？
09764	¿Dónde has estado esa noche?	那天晚上你在哪里？
09765	Tenemos un ascensor en nuestra nueva casa.	我们的新家有一台电梯。
09766	¿Dónde están las fresas?	草莓在哪里？
09767	Ellos son amigos.	他们是朋友。
09768	¿Puedo preguntar por qué?	我可以问为什么吗 ?
09769	Me gusta mirar las mariposas.	我喜欢看蝴蝶。
09770	No debes hacerlo ahora	你不该现在做。
09771	Esta tortuga es muy vieja.	这只乌龟很老了。
09772	Hay una mariposa en la cocina.	有只蝴蝶在厨房里。
09773	La mariposa está muerta.	那只舞蝶死了。
09774	¡Demasiado caro!	太贵了！
09775	¿Qué sonido hacen los murciélagos?	蝙蝠会发出什么声音？
09776	¿Cuál es la diferencia entre el repollo y la lechuga?	包菜和生菜的区别是什么？
09777	No intenten detenerme.	别想阻止我。
09778	Marchamos bajo una lluvia de balas.	我们在枪林弹雨之下行进。
09779	La cocina está en el piso inferior.	厨房在底楼。
09780	La cocina está en el sótano.	厨房在地下室。
09781	Esta frase está incorrecta.	这句不对。
09782	Él es capaz de enseñar español.	他有能力教授西班牙文。
09783	Una frase es una unidad sintáctica.	短语是句法单位。
09784	Tom no pudo ocultar su decepción.	汤姆不能掩饰他的失望。
09785	Usted tiene que aprender a controlarse.	您应该学会控制自己。
09786	Usted debería aprender a controlarse.	您应该学会控制自己。
09787	¿Cuántas cosas compraste?	你买了多少东西？
09788	Ella sonrió al ver a su madre.	她看见了她的母亲，露出了微笑。
09789	¡Qué bien huele! ¿Qué estás cocinando?	闻起来好香喔。你在煮什么？
09790	Espero que sea cierto.	我希望这是对的。
09791	Me llamo Jorge, ¿y tú?	我叫约翰，你呢？
09792	Él no es David, él se llama Daniel.	他不是大卫，他叫丹尼尔。
09793	¡Adiós José!	何塞再见！
09794	Ella no es Lìli.	她不是丽丽。
09795	No me llamo Luis.	我不叫路易斯。
09796	Hola, ¿eres Ana?	你好，你是安娜吗？
09797	¡Adiós! Ana.	安娜再见！
09798	Hola Juan, me llamo Akie.	你好胡安，我叫明惠。
09799	No, no soy José, soy Juan.	不是，我不是何塞，我是胡安。
09800	Hola, ¿eres José?	你好，你是何塞吗？
09801	Sí, soy Xiǎoyǔ, ¿y tú?	是的，我是小雨，你呢？
09802	Hola, ¿eres Xiǎoyǔ?	你好，你是小雨吗？
09803	Me llamo Ana.	我叫安娜。
09804	Me llamo Lín Fēng.	我叫林峰。
09805	¿Quiénes somos?	我们是谁？
09806	¿Qué queremos?	我们要什么？
09807	Estoy en China.	我在中国。
09808	¿Quién es su amigo?	谁是他朋友？
09809	Ana y José son compañeros de clase.	安娜和何塞是同学。
09810	¿Quién es compañero de José?	谁和何塞是同学？
09811	¿Quiénes son compañeros?	谁和谁是同学？
09812	Juan, ella es Xiǎoyǔ, Xiǎoyǔ y yo somos compañeros de clase.	胡安，她是小雨，我和小雨是同学。
09813	Xiǎoyǔ, él es Juan, Juan y yo somos amigos.	小雨，他是胡安，我和胡安是朋友。
09814	¡Hola! Me llamo Xiǎoyǔ.	你好！我叫小雨。
09815	¡Hola! Soy Juan.	你好！我是胡安。
09816	¡Hola! Lín Fēng.	你好！林峰。
09817	¡Hola! Myōe.	你好！明惠。
09818	Lín Fēng, ¿le conoces?	林峰，你认识他吗？
09819	No le conozco, ¿quién es?	我不认识他，他是谁？
09820	Se llama Juan, somos compañeros de trabajo.	他叫胡安，我们是同事。
09821	¿Cómo se llaman?	他们叫什么名字？
09822	Sois compañeros de trabajo.	你们是同事。
09823	No le conoces.	你不认识他。
09824	¿Os conocéis?	你们认识吗？
09825	Te llamas Ana.	你叫安娜。
09826	Hoy va a llover en la tarde.	今天下午下雨。
09827	Simplemente me gusta.	我就喜欢它。
09828	Sé escribir cincuenta y cuatro caracteres chinos.	我会写五十四个汉字。
09829	Ella se llama Ana, Ana y Luis son compañeros de trabajo.	她叫安娜，安娜和路易斯是同事。
09830	Éste es mi amigo.	这是我的朋友。
09831	Ana, ¿éste es tu coche?	安娜，这是你的车吗？
09832	No, éste no es mi coche.	不是，这不是我的车。
09833	Éste es el coche de Tom.	这是汤姆的车。
09834	Juan, ¿éste es tu coche?	胡安，这是你的车吗？
09835	Éste no es mi coche, ése es mi coche.	这不是我的车，那是我的车。
09836	Éste es el coche de Akie.	这是明惠的车。
09837	¿Quién es Akie?	明惠是谁？
09838	Akie es mi compañero de trabajo.	明惠是我的同事。
09839	¿Ésta es vuestra manzana?	这是你们的苹果吗？
09840	Esta camisa es de mi compañero de trabajo, no es mía.	这衣服是我同事的，不是我的。
09841	¿Este coche es de tu amigo?	这车是你朋友的吗？
09842	¿Éste es el coche de tu amigo?	这是你朋友的车吗？
09843	Juan, él se llama Lín Fēng, Lín Fēng y yo somos amigos.	胡安，他叫林峰，我和林峰是朋友。
09844	Hola, me llamo Lín Fēng.	你好，我叫林峰。
09845	Hola, soy Juan.	你好，我是胡安。
09846	Lucy y yo no somos compañeros de trabajo, somos compañeros de clase.	我和露西不是同事，是同学。
09847	¿Sois amigos?	你们是朋友吗？
09848	Me llamo José, somos amigos.	我叫何塞，我们是朋友。
09849	La computadora es una herramienta moderna.	电脑是一种现代工具。
09850	Mary se preguntaba si Tom realmente la amaba.	玛丽自问，汤姆真的爱她吗？
09851	Soy Akie.	我是明惠。
09852	Eres Akie.	你是明惠。
09853	Él es Kudo.	他是工藤。
09854	Me llamo Kudo.	我叫工藤。
09855	Ella se llama Akie.	她叫明惠。
09856	¿Eres Ana?	你是安娜吗？
09857	No, no soy Ana.	不是，我不是安娜。
09858	Sí, soy Ana.	是的，我是安娜。
09859	Me llamo Ana, ¿y tú?	我叫安娜，你呢？
09860	Me llamo Juan.	我叫胡安。
09861	Ella es Ana.	她是安娜。
09862	Ella no es Ana.	她不是安娜。
09863	¿Ella es Ana?	她是安娜吗？
09864	¿Ella no es Ana?	她不是安娜吗？
09865	Cambia de canal, que este documental es muy aburrido.	换个台吧，这个纪录片太无聊了。
09866	Lo que dice Tom no es verdad.	汤姆说的不是真的。
09867	Soy Xiǎoyǔ.	我是小雨。
09868	Me llamo Xiǎoyǔ.	我叫小雨。
09869	Y ¿dónde está mi cámara?	啊我的相机在哪啊?
09870	Estoy aprendiendo noruego.	我在学挪威语。
09871	Compré una paleta nueva y unos pinceles.	我买了一个新的调色盘和几支水彩笔。
09872	Hablé con tu doctor. Él dice que debes permanecer en cama al menos una semana.	我和你的医生谈过了。他说你得在床上躺上一个礼拜。
09873	Noté un patrón.	我注意到一个图案。
09874	Él tiene puestos un par de calcetines de algodón.	他穿著一双棉袜。
09875	Ya llegué.	我到了。
09876	Eso solo es una excusa.	这只不过是个借口。
09877	¿A dónde vamos primero?	我们先去哪里？
09878	Él es chino.	他是中国人。
09879	La tierra es nuestro hogar.	地球是我们的家。
09880	¿Esto es un río?	这是一条河吗?
09881	He entendido.	我明白了。
09882	Él me dio una postal.	他给我一张明信片。
09883	Francia limita con Italia.	法国毗邻意大利。
09884	Ella tomó mis palabras a risa.	她把我的话当成玩笑。
09885	Tengo que llevar a mi hijo al médico.	我得带我儿子去看医生。
09886	Camarero, la cuenta.	服务员，买单。
09887	Abre la caja.	打开箱子。
09888	Habla chino fluido.	他能说流利的中文。
09889	Él habla chino fluido.	他能说流利的中文。
09890	¿Qué es la filosofía?	哲学是什么？
09891	"Es muy guapa." "Sí que lo es."	“她很漂亮呢”“是啊”
09892	Creo que podemos ganar el partido de hoy.	我觉得我们能赢下今天的比赛。 / 我觉得今天的比赛我们能赢。
09893	Indudablemente.	毋庸置疑。
09894	Mi almohada me espera.	我的枕头在等我。
09895	Sería mejor que no te juntaras con hombres así.	你最好不要和那样的男人交往。
09896	Perú es el tercer país más grande de América del Sur después de Brasil y Argentina.	秘鲁是排在巴西和阿根廷之后的南美第三大国家。
09897	El profesor no recogió mi examen.	老师没收我的考试.
09898	Fui el último en entregar el examen.	我是最后交的考试卷。
09899	He aprobado todos los exámenes.	我考试都及格.
09900	Hiciste un mejor examen que yo.	你考得比我好。
09901	Hiciste un examen mejor que el mío.	你考试考的比我好。
09902	Hoy he hecho cuatro exámenes.	我今天做了四个考试.
09903	Le tocará repetir el curso.	他需要降班.
09904	¿En qué parada me bajo?	我在哪站下？
09905	No trabajas menos que yo.	你干活干得不比我少。
09906	Cómpranoslo.	给我们买.
09907	Háznoslo.	帮我们做.
09908	Déjaselo.	借给他.
09909	La piña se ha estropeado.	菠萝坏了。
09910	Yo no quiero judías.	我不要刀豆。
09911	¿Adónde iréis?	你们去哪里?
09912	¿Cómo viniste?	你这么来的?
09913	Dilo ya.	你说吧.
09914	Estaos quietos.	不要动.
09915	Llévate aquello.	你把那个拿走.
09916	Ven inmediatamente.	马上过来。
09917	¿Lo coges?	你拿吗?
09918	¿Lo dices?	你说吗?
09919	¿Lo escribes?	你写吗?
09920	¿Lo haces?	你做吗?
09921	¿Lo hueles?	你闻吗?
09922	¿Lo limpias?	你洗吗?
09923	¿Lo llevas?	你拿吗?
09924	¿Lo pegas?	你贴吗?
09925	¿Lo piensas?	你想吗?
09926	¿Lo pilláis?	你们懂吗？
09927	¿Lo tenéis?	你们有吗?
09928	¿Lo traes?	你拿过来吗?
09929	¿Lo veis?	你们能看见吗?
09930	¿Sabes quitar la rueda?	你会把轮子去掉吗？
09931	Una idea sin el suficiente análisis no es digna de ser explotada al igual que una vida sin autocrítica no es digna de ser vivida.	没有经过仔细审视的观念是不值得拥有的，正如没有经过仔细审视的生活不值得过一样。
09932	Ésa es mía.	那是我的。
09933	Me encantan las berenjenas.	我特别喜欢茄子。
09934	Tom es incorregible.	汤姆无可救药。
09935	Estáis borrachos.	你们醉了。 / 你们喝多了。
09936	Vivo en Luxemburgo.	我住在卢森堡。
09937	Mi padre me ayudará económicamente.	我父亲会在经济上援助我。
09938	Puedo verlo en tus ojos.	我能从你的眼里看到。
09939	Se te olvidó comprar lechuga.	你忘了买生菜。
09940	¿Cómo te atreves a hablar así?	你怎么敢这样说话？
09941	Ya no nieva.	已经不下雪了。 / 不下雪了。
09942	¿Qué tipo de champú usas?	你用哪种洗发水？
09943	¿Qué ha pasado ahí?	那里发生什么了？
09944	Soy de Egipto.	我来自埃及。
09945	Soy de África.	我来自非洲。
09946	Mira atentamente.	仔细看
09947	Mira con atención.	仔细看
09948	¿Son ellos hermanos?	他们是兄弟吗？
09949	Fuera está nevado.	外面在下雪。
09950	¿Te gusta alguien en este momento?	你现在有喜欢的人吗？ / 你现在有喜欢的人吗?
09951	¿Quién es tu maestro?	谁是你老师？
09952	Me encanta la sopa de lentejas.	我特别喜欢小扁豆汤。
09953	¿Hay?	有吗？
09954	Hace años que desapareció.	他已消失多年了。
09955	El coche tenía matrícula extranjera.	这辆车曾有一个外国牌照。
09956	¿Dónde está la sartén?	炒锅在哪里？
09957	El armario está lleno.	柜子满了。
09958	En este aseo no hay ducha.	这个厕所没有淋浴。
09959	He llenado la bañera.	我把浴缸灌满水了。
09960	No tengo bañera.	我没有浴缸。
09961	No, me gusta aquél.	不，我喜欢那个。
09962	Sujeto la ropa con las pinzas.	用夹子把衣服夹住。
09963	Tengo pinzas de madera.	我有木头夹子。
09964	Pon agua a calentar.	热一点水。
09965	Tu tendedero no se puede plegar.	你的晒衣架不能折叠。
09966	Apaga la lámpara de la mesilla.	把床头柜上的台灯关掉。
09967	Puedes dejar las gafas en la mesilla.	你可以把眼镜放在床头柜上。
09968	En invierno uso un edredón.	冬天我盖一条被子。
09969	Mi edredón es de plumas.	我的被子是羽绒的。
09970	Ese edredón es muy calentito.	这条被子很暖和。
09971	Tengo fresas, ¿te apetecen?	我有草莓，你想吃吗？
09972	Fue un debate interesante.	这是场有趣的辩论。
09973	Deme un kilo de melocotones.	给我一公斤桃子。
09974	Pon a freír cuatro dientes de ajo.	爆四瓣蒜。 / 去爆四瓣蒜。
09975	¿Cuántos pepinos le echo?	我放几根黄瓜？
09976	Vi un niño masturbarse en público.	我看到一个小孩在公共场合自慰。
09977	¿Es el té más caro que la leche?	茶比牛奶贵吗？
09978	Necesito otra manta.	我还需要一条毯子。
09979	Mis amigos y yo queremos trabajar en la Corea del Sur.	我和我的朋友们想在韩国工作。
09980	Tú sabes muy bien lo que quiero.	你很清楚我想要什么。
09981	Los osos son animales solitarios.	熊是一种独居动物。
09982	¡Da vuelta a la izquierda!	左转!
09983	¿Te duele?	痛吗？
09984	¡Ven acá!	过来！
09985	¡Qué chistoso!	可笑!
09986	¡Qué montón!	很多!
09987	¡Así es!	是的！
09988	¿Aló?	喂。
09989	¿De qué están hablando todos?	大家在说什么啊？
09990	¿De qué estáis hablando todas?	大家在说什么啊？
09991	Tengo que limpiar el aseo.	我要清理厕所了。
09992	Los pasajeros deben bajarse del tren ya.	乘客应该现在下火车了。
09993	El clima de Tokio no es igual al de Londres.	东京的气候和伦敦不同。
09994	Yo no puedo explicarlo.	我不会解释。
09995	No puedo explicarlo.	我不会解释。
09996	Yo no lo puedo explicar.	我不会解释。
09997	Yo no puedo explicar.	我不会解释。
09998	Así es, es nuestro gerente.	对，是我们经理。
09999	Así es, es nuestra gerente.	对，是我们经理。
10000	Así es, es nuestro jefe.	对，是我们经理。
10001	Así es, es nuestra jefa.	对，是我们经理。
10002	Así es, es nuestro director.	对，是我们经理。
10003	Así es, es nuestra directora.	对，是我们经理。
10004	Ella finalmente llegó al hotel.	她终于到达了酒店。
10005	Puede que esté en el siguiente tren.	他可能在下一班火车上。
10006	¡Cállate el pico!	闭嘴！
10007	Muiriel ya tiene 20 años.	Muiriel现在20岁了。
10008	¡Espérate!	停下！
10009	Y tú, ¿cómo estás?	你呢，你怎么样？
10010	Nuestra clase tiene cuarenta estudiantes.	我们班有四十名学生。
10011	Voy al aeropuerto.	我去机场。
10012	Portugal es una república.	葡萄牙是共和制。
10013	Portugal y España son vecinos.	葡萄牙和西班牙是邻居。
10014	Por favor, pesa estos melocotones.	请称一下这些桃子。
10015	Hacía lo que el resto de mis compañeros pero con la promesa de lograr un ascenso en un lapso de tiempo no muy largo.	我和我别的同事做同样的事情，但是得到了能在很短时间内得到晋升的承诺。
10016	Parece que Tom está interesado.	汤姆看似有兴趣。
10017	Sicilia es una isla.	西西里是一座岛。
10018	La furgoneta azul es la mía.	那辆蓝色面包车是我的。
10019	Vamos a tomar una copa.	我们去喝一杯。
10020	Siempre se viste de una forma muy sencilla.	她穿的衣服总是很朴素。
10021	¿Qué es lo que hay sobre la cama?	床上的那是什么呀？
10022	Tom y yo estamos en Australia.	汤姆和我现在在澳洲。
10023	Él cuida sus modales.	他注重礼节。
10024	Cuida sus modales.	他注重礼节。
10025	Hay un hombre y una mujer.	有一个男人和一个女人。
10026	Ella ganó el primer lugar en el concurso de oratoria.	她在演讲比赛中取得了第一名。
10027	Ganó el primer lugar en el concurso de oratoria.	她在演讲比赛中取得了第一名。
10028	Desayuné en el balcón.	我在阳台上吃的早饭。
10029	A ella le gusta mucho comer chocolate.	她很喜欢吃巧克力。
10030	¿Todavía me queda tiempo?	我还来得及吗？
10031	No pasa nada, puedo esperar.	没关系，我可以等。
10032	Yo también quiero probar.	我也想试一试。
10033	La percha está mal colgada.	衣架没挂好。
10034	Soy una mujer, me llamo Eva.	我是女人。我叫伊娃。
10035	La noticia tiene gran importancia.	这是一个很重要的消息。 / 这则新闻不容忽视。
10036	La noticia es de gran trascendencia.	这是一个很重要的消息。 / 这则新闻不容忽视。
10037	No soy policía.	我不是一名警察。
10038	Tengo un ordenador portátil.	我有一台笔记本电脑。
10039	¿Qué os pasa?	你们怎么回事？
10040	Está nevando mucho.	雪下得很大。
10041	Soy inglés.	我是英国人。
10042	Quiero estudiar árabe.	我想学阿拉伯语。
10043	Él y yo somos buenos amigos desde que éramos pequeños.	我和他从小就是好朋友了。
10044	Esta televisión es grande y cara.	这台电视机又大又贵。
10045	Sí, el martes que viene.	是的，下个星期二。
10046	No pienso que venga.	我觉得他不会来。
10047	Tanto tú como yo somos hombres.	你和我都是男人。
10048	Todavía no está claro, quién vaya a ganar en este juego.	谁能赢这场比赛还说不定。
10049	Le regalamos un reloj de pulsera a nuestra madre.	我们给了母亲一支手表。
10050	Disculpe, ¿dónde está la estación de tren?	抱歉，火车站在哪里？
10051	Quiero a mi padre.	我爱我父亲。
10052	No me voy a oponer si quieres ir con ella.	如果你想和她一起去，我不会反对。
10053	No soy muy listo.	我不太聪明。
10054	¿Te has levantado pronto?	你起床早吗？
10055	¿Quiénes son aquellas dos chicas?	那边的两位女士是谁？
10056	¿Cuántos habitantes tiene tu ciudad?	你的城市有多少人口？
10057	La cesta estaba llena de fresas.	篮子里装满了草莓。
10058	No nos vieron.	他们没看到我们。
10059	¿Qué queréis comer?	你们想吃什么？
10060	Nuestro restaurante está cerca de la estación de autobuses del sur.	我们的饭店在汽车南站附近。
10061	Me encanta viajar en invierno.	我喜欢冬天旅游。
10062	¿Tienes una cerilla?	你有火柴吗？
10063	Recoge tus juguetes.	把你的玩具收起来。
10064	¿Cuántos tenedores necesitamos?	我们需要多少把叉子？
10065	Sus manos están heladas.	她双手冰冷。
10066	Sus manos estaban heladas.	她双手冰冷。
10067	Lo intentamos tres veces, y en todas fracasamos.	我们试了三次，都失败了。
10068	Disculpe, ¿esta calle lleva a la estación de metro?	不好意思，请问这条路通往地铁站吗？
10069	Colgué la camisa en la percha.	我把衬衣挂在了衣架上。
10070	El frigorífico está sucio.	冰箱脏了。
10071	Si te levantas así de tarde, irremediablemente deberás llegar tarde.	你这么晚起床，非迟到不行。
10072	No sé qué ponerme.	我不知道要穿什么。
10073	Es todo lo que dije.	我就说了这么多。
10074	Sé de quién es este coche.	我知道这是谁的车。
10075	Tom olvidó comprar pasta de dientes.	汤姆忘了买牙膏了。
10076	No quedan camas individuales.	没有单人床了。
10077	¿Podemos hablar en el pasillo?	我们能在走廊里说话吗？
10078	Dobla la sábana.	折被子。
10079	¿La ves con frecuencia?	你常见到她吗？
10080	Me gustaría probar este nuevo modelo antes de comprarlo.	我想在买之前先试试这个新机型。
10081	Estos últimos días están cayendo chaparrones cada dos por tres.	最近三天两头下雨。
10082	¿Por qué la hierba es verde?	为什么草是绿色的？ / 草为什么是绿色的？ / 草儿为什么是绿色的？
10083	¿Qué son estas pastillas?	这些是什么药？
10084	El pulpo vive en el mar.	章鱼生活在海里。
10085	Los pulpos viven en el mar.	章鱼生活在海里。
10086	El juez desestimó el comentario de Mary.	法官驳回了玛丽的评论。
10087	Todos somos mortales.	人固有一死。
10088	Le entregó la cosa a su jefe.	他把东西交给了上司.
10089	En este mapa, ¿dónde estoy yo?	我在这张地图上的哪里？
10090	Boris Johnson es el Donald Trump británico.	鲍里斯·约翰逊是英国的唐纳·川普。
10091	¿Cuánto tiempo viviste en la isla?	你在岛上住了多久？
10092	Mary llevaba una minifalda blanca.	玛丽穿著一条白色的迷你裙。
10093	¿De dónde es usted?	您是哪里人？
10094	Yo necesito más espacio.	我需要更多空间。
10095	Por hoy, no tengo más que hacer.	我今天没有更多的事要做了。
10096	Sí posiblemente, quisiera viajar por todo el mundo	如果可能的话，我想环游世界。
10097	Limpió su dormitorio.	他打扫了他的卧室。
10098	¿Cuál es mi cepillo de dientes?	哪把是我的牙刷？
10099	Necesito un nuevo cepillo de dientes.	我需要一把新的牙刷。
10100	¿Qué diente le duele?	哪颗牙痛？
10101	¿Existen los agujeros negros?	黑洞存在吗？
10102	Tengo un sofá.	我有一个沙发。
10103	Yo también lloré.	我也哭了。
10104	Estoy mintiendo.	我在撒谎。
10105	Jesús era un socialista.	耶稣是个社会主义者。
10106	Soy la mejor.	我最好。
10107	Yo soy la mejor.	我是最好的。
10108	La papelera está llena.	废纸篓满了。
10109	Bebo sopa.	我喝汤。
10110	Voy en barco.	我坐船去。
10111	Viajo en barco.	我坐船旅行。
10112	Es difícil aprender griego.	希腊语很难学。
10113	Nosotros necesitamos estudiar francés.	我们需要学法语。
10114	Me encontré con un amigo.	我遇见一个朋友。
10115	Nos vamos a quedar en Boston todavía tres semanas.	我们还会在波士顿待三个月。
10116	Tengo una barca.	我有一艘小船。
10117	Tom ama a su esposa.	汤姆爱他的妻子。
10118	Tengo fresa en mi bolsa.	我的袋子里有草莓。
10119	Soy alérgico al kiwi.	我猕猴桃过敏。
10120	Uso detergente en polvo.	我用洗衣粉。
10121	No me gusta usar detergente líquido.	我不喜欢用洗衣液。
10122	Sujétalo con esas pinzas.	用那些夹子夹住。
10123	«No puedes responder mi pregunta con una pregunta.» «¿Por qué no se puede?»	“你不能用问题来回答我的问题。” “为什么不能？”
10124	«No puedes responder a mi pregunta con una pregunta.» «¿Por qué no se puede?»	“你不能用问题来回答我的问题。” “为什么不能？”
10125	¿Crees que hará mejor tiempo mañana?	你觉得明天天气会变好吗？
10126	¿Crees que el tiempo mejorará mañana?	你觉得明天天气会变好吗？
10127	Esta mañana él recibió muchísimas cartas.	今天早上他收到好多信。
10128	El año escolar ha terminado.	这学年结束了。
10129	Cogió dos semanas de permiso y se marchó a China.	他请了两个星期的假，去了中国。
10130	El camino es muy traicionero.	这条路挺险恶。
10131	¡Visita nuestro nuevo salón!	来看看我们的新客厅！
10132	Mejor que te vayas ahora.	你最好马上走。
10133	Los saxofonistas por lo general doblan en las flautas, que tienen digitaciones similares a las de sus instrumentos principales.	萨克斯管吹奏者常常兼演奏长笛，因为长笛的指法和萨克斯管类似。
10134	No quiero trabajar mañana.	我明天不想上班。
10135	¿Tom está nadando?	汤姆在游泳吗？
10136	No se debe confiar en él.	不该相信他。
10137	Estoy comiéndome una sandía.	我在吃一个西瓜。
10138	¿Ya habéis decidido el nombre del bebé?	小宝宝的名字决定好了吗？ / 小宝宝的名字取好了吗？
10139	Me da igual quién gane.	我无所谓谁赢。
10140	¿Por qué intentó usted huir?	为什么您试着逃走？
10141	Dos vasos de zumo de mandarina, por favor.	请来两杯橘子汁。
10142	Dame una docena de mandarinas.	给我一打橘子。
10143	Estas mandarinas son muy ácidas.	这些橘子很酸。
10144	¿Cuántas mandarinas se comió Tom ?	汤姆吃了多少橘子？
10145	Estas mandarinas se pudrieron.	这些橘子已经腐烂了.
10146	Prefiero las toronjas a las mandarinas.	我喜欢柚子和橘子。
10147	Me gustan más las mandarinas que las manzanas.	我喜欢橘子胜过苹果。
10148	Las mandarinas crecen en países cálidos.	橘子在温暖的地方生长。
10149	Me gustan más las manzanas que las mandarinas.	比起橘子，我更喜欢苹果。
10150	Me comí todas mis mandarinas.	我吃掉了我所有的橘子。
10151	Le gusta vestir ropa de mujer.	他喜欢男扮女装。
10152	Mi teléfono es: 692-267-752.	我的电话是：六九二二六七七五二。
10153	¿Quieres ver la casa?	你想看房子吗？
10154	Akira juega bien al tenis.	明擅长打网球。
10155	Nunca he comido comida china.	我从来没吃过中国菜。
10156	No tengo tiempo para discutir contigo, todavía tengo que preparar la comida.	我没时间和你争论。我还得准备饭菜。
10157	Tom puso la billetera sobre la mesa.	汤姆把钱包放在了桌子上。
10158	Judy decidió ponerse su nuevo bikini.	朱迪决定穿上她的新比基尼。
10159	Sami es realmente un buen amigo mío.	Sami真的是我一个很好的朋友。
10160	No me acuerdo de tu nombre.	我不记得你的名字了。
10161	Tenemos que esperar.	我们必须等待。
10162	Tom está viniendo para acá.	汤姆正往这里来。
10163	¿Hay algún color que te guste?	你有喜欢的颜色吗？
10164	¿Qué hay encima de la mesa?	桌子上有什么？
10165	¡Gracias por darme un regalo tan bonito!	谢谢你送给我这么漂亮的礼物！
10166	En esto no puedo ayudarte.	在这事上我帮不了你。
10167	Si hace buen tiempo quiero ir a nadar en el río.	如果天气好，我要去河里游泳。
10168	Ella le escribirá una carta esta noche.	她今晚会写一封信给他。
10169	¿Qué crees que planea hacer Tom?	你觉得汤姆打算做什么？
10170	Ahora estoy verdaderamente cansada.	我现在真的很累。
10171	¿A quién estás buscando?	你在找谁？
10172	¿Planeas comértelo todo tú solo?	你打算自己一人把它全部吃了吗？
10173	Tom estudió francés unos años.	汤姆学了几年法语。
10174	El oso panda es el tesoro nacional de China.	熊猫是中国的国宝。
10175	Acabo de terminar de bañarme.	我洗完澡了。
10176	Tom dice que no quiere salir.	汤姆说他不想出去。
10177	Es médico.	他是医生。
10178	¿Crees que está mintiendo?	你觉得她在说谎吗？
10179	Me estoy preguntando si lo que he escrito es correcto.	我在想我写的对不对。
10180	Esta tarta está muy dulce.	这块蛋糕很甜。
10181	Tu jardín es muy bonito.	你的花园真漂亮。
10182	Lleva el sombrero que le regalaste.	她戴着你给她的帽子。
10183	¿Puedes ayudarme diez minutos?	你可以帮我十分钟吗？
10184	No miento nunca.	我从不说谎。
10185	¿De verdad no quieres nada?	你真的什么都不想要？
10186	Ese es el mío, no sé dónde está el tuyo.	那个是我的。我不知道你的在哪里。
10187	¿Usted dónde vive?	您住在哪里？
10188	¿Quién vive aquí?	谁住在这儿？
10189	Tiene usted suerte, El avión es puntual.	您运气很好。飞机很准时。
10190	La Navidad es el veinticinco de diciembre.	十二月二十五号圣诞节。
10191	Ella es Carmen.	她是卡门。
10192	¿Te llamas Ana?	你叫安娜吗？
10193	¿Se llama Carmen?	她叫卡门吗？
10194	¿Ella es Carmen?	她是卡门吗？
10195	Sí, ella es Carmen.	是的，她是卡门。
10196	Ella no es Carmen, es Ana.	她不是卡门，她是安娜。
10197	No, soy Fang Ning.	不，我是方宁。
10198	Tienes 50 años.	你五十岁。
10199	Tiene sesenta años.	他六十岁。
10200	Ella tiene 12 años.	她十二岁。
10201	La cruz fue trasladada a la iglesia.	十字架被搬到了教堂。
10202	Borra estas palabras con tu goma.	用你的橡皮擦把这些字擦掉。
10203	Ha llegado el libro que compré anoche.	我昨晚买的书到了。
10204	«¿Dónde está tu libro» «Encima de la mesa.»	「你的书在哪？」「在桌上。」
10205	No tengo escritorio en mi habitación.	我的卧室里没有桌子。
10206	¡Tengo que irme a dormir! Mañana por la mañana temprano tengo clases.	我必须去睡觉了！我明天早上有课。
10207	Estos dos caracteres significan lo mismo.	这两个字的意思是一样的。
10208	A Tom se le olvidó cómo hacerlo.	汤姆忘了要怎么做。
10209	A Tom se le ha olvidado cómo hacerlo.	汤姆忘了要怎么做。
10210	El invierno pasado nevó mucho.	去年冬天下了好多雪。
10211	Tom le conoce.	汤姆认识他。
10212	Ahora es la temporada alta de turismo.	现在是旅游旺季。
10213	Un humano es un animal.	人是一种动物。
10214	Por favor llena esta botella de agua.	请把这个瓶子装满水。
10215	Mi padre ya no bebe.	父亲戒酒了。
10216	El precio de los vegetales cambia diariamente.	蔬菜的价格每天在变。
10217	¿Fuiste a Madrid el domingo?	这个星期天你去马德里吗？
10218	Vimos esta película y nos encantó.	我们看了这部电影，而且还很喜欢。
10219	Las dos muchachas se sentaron.	两个女孩坐了下来。
10220	Ella se echó a reír.	她笑了起来。
10221	Grabé nuestra conversación.	我录下了我们的谈话。
10222	Son amigos	他们是朋友。
10223	Ellas son amigas.	他们是朋友。
10224	Son amigas.	他们是朋友。
10225	¿Quién es compañero de Ana?	安娜和谁是同学？
10226	Es Jackie Chan.	他是成龙。
10227	Eres chino.	你是中国人。
10228	Eres china.	你是中国人。
10229	Ella es portuguesa.	她是葡萄牙人。
10230	Es portuguesa.	她是葡萄牙人。
10231	Es portugués.	他是葡萄牙人。
10232	Somos ingleses.	我们是英国人。
10233	Somos inglesas.	我们是英国人。
10234	Nosotros somos ingleses.	我们是英国人。
10235	Nosotras somos inglesas.	我们是英国人。
10236	¿Sois estadounidenses?	你们是美国人吗？
10237	¿Vosotros sois estadounidenses?	你们是美国人吗？
10238	¿Ellas son francesas?	她们是法国人吗？
10239	¿Son francesas?	她们是法国人吗？
10240	¿Son franceses?	他们是法国人吗？
10241	¿Ellos son franceses?	他们是法国人吗？
10242	No soy alemán.	我不是德国人。
10243	No soy alemana.	我不是德国人。
10244	Yo no soy alemán.	我不是德国人。
10245	Yo no soy alemana.	我不是德国人。
10246	No es surcoreana.	她不是韩国人。
10247	Ella no es surcoreana.	她不是韩国人。
10248	No es surcoreano.	他不是韩国人。
10249	Él no es surcoreano.	他不是韩国人。
10250	No somos rusos.	我们不是俄罗斯人。
10251	No somos rusas.	我们不是俄罗斯人。
10252	Nosotros no somos rusos.	我们不是俄罗斯人。
10253	Nosotras no somos rusas.	我们不是俄罗斯人。
10254	No sois españoles.	你们不是西班牙人。
10255	No sois españolas.	你们不是西班牙人。
10256	Vosotros no sois españoles.	你们不是西班牙人。
10257	Vosotras no sois españolas.	你们不是西班牙人。
10258	Ellos no son chinos.	他们不是中国人。
10259	No son chinos.	他们不是中国人。
10260	No son chinas.	她们不是中国人。
10261	Ellas no son chinas.	她们不是中国人。
10262	No le gusta escribir.	他不喜欢写作。
10263	Tom es un hombre y yo soy una mujer.	汤姆是男人，我是女人。
10264	Epstein no se suicidó.	爱泼斯坦没有自杀。
10265	Epstein no se mató.	爱泼斯坦没有自杀。
10266	¡Buen trabajo a todos!	大家辛苦了！
10267	El que mucho estudia, progresa día a día.	好好学习，天天向上
10268	No se encontraron armas de destrucción masiva.	没有发现大规模杀伤性武器。
10269	Soy guía turístico en Tokio.	我在东京做导游。
10270	Están ocupados.	他们很忙。
10271	Tom está comiendo.	汤姆在吃东西。
10272	Ella se convirtió en una verdadera amiga para mí.	她成为我的一位真正的朋友。
10273	Es un economista con autoridad.	他是权威的经济学家。
10274	¿De qué quieres trabajar?	你想做什么工作？
10275	¿Qué trabajo quieres hacer?	你想做什么工作？
10276	Han muerto.	他们死了。
10277	Esta noche Tom irá al concierto.	汤姆今晚会去演唱会。
10278	Es buena jugando tenis.	她擅长打网球。
10279	Te ayudaré a huir.	我会帮你逃跑的。
10280	Te presto mi libro cuando lo haya terminado.	我一把这本书读完了就借给你。
10281	Te prestaré mi libro cuando haya terminado de leerlo.	我一把这本书读完了就借给你。
10282	Amo el verano.	我爱夏天。
10283	Mi cuarto es un cuchitril.	我房间是个猪窝。
10284	Mi pieza es una pocilga.	我房间是个猪窝。
10285	Ayúdame a levantar este paquete.	帮我抬包裹。
10286	Asumió el cargo de la compañía de su padre.	他接手了他父亲的公司。
10287	Tomó el cargo de la compañía de su padre.	他接手了他父亲的公司。
10288	Me divertí mucho esta noche.	今晚我玩得很开心。
10289	Efectuamos ese plan.	我们实行了那个计划。
10290	Ejecutamos ese plan.	我们实行了那个计划。
10291	Se limpió el sudor de la cara.	他擦去了脸上的汗水。
10292	Mañana puedo ir a tu casa.	明天我能去你家。
10293	Ella retrajo su cabeza de la ventana.	她把头从窗户外缩回来。
10294	He estudiado inglés, francés y chino.	我从前学习英文、法文和中文。
10295	Creo que no hay problema.	我想没关系。
10296	Quienes son amados por los dioses mueren prematuramente.	英年早逝。
10297	Tom se durmió durante toda la película.	汤姆在整场电影放映时都在睡觉。
10298	Le permitimos tomar la última decisión.	我们让他做最后的决定。
10299	Le dejamos tomar la última decisión.	我们让他做最后的决定。
10300	Marina leyó revistas el fin de semana.	Marina周末看杂志。
10301	Tom tiene una sonrisa muy amigable.	汤姆有很友好的微笑。
10302	Te espero dentro.	我在里面等你。
10303	No quiero volverlo a hacer.	我不想再做了。
10304	La madre de Tom es de Hamburgo y su padre de Múnich.	汤姆母亲是汉堡人，父亲是慕尼黑人。
10305	Odio los peces.	我讨厌鱼。
10306	¿Quién tiene sed?	谁渴了 ?
10307	Las rosas tienen espinas.	玫瑰有刺。
10308	Erdogan es el presidente de Turquía.	埃尔多安是土耳其总统。
10309	Come con nosotros.	跟我们一起吃吧。
10310	Comed con nosotros.	跟我们一起吃吧。
10311	Come con nosotras.	跟我们一起吃吧。
10312	Comed con nosotras.	跟我们一起吃吧。
10313	Me dijo que no podía hacerlo sola.	她告诉我她不能自己做。
10314	He dejado de fumar y beber alcohol.	我停止抽烟和喝酒了。
10315	Vamos al hospital.	我们现在就去医院吧。
10316	Vámonos al hospital.	我们现在就去医院吧。
10317	Mañana va a hacer mal tiempo. No va a hacer sol, va a nevar y va a hacer frío.	明天天气不好，不是晴天，要下雪，很冷。
10318	Cuéntame acerca de algunos de los lugares a los que fuiste.	给我说说你去过的一些地方。
10319	No confías en Tom, ¿verdad?	你不信任汤姆，对吗？
10320	Tom no habla muy bien francés.	汤姆说法语说得不太好。
10321	¿Acaso te crees que no quiero?	你以为我不想吗？
10322	Somos seis.	我们是六个人。
10323	Somos seis personas.	我们是六个人。
10324	No te dejes engañar.	别被骗了。
10325	Si necesitas ayuda házmelo saber.	你如果需要帮助，就告诉我。
10326	No entres en mi habitación.	别进我的房间。
10327	¿Dónde ha comprado ese libro?	他在哪买了那本书？
10328	¿Ha llegado?	他到了吗?
10329	Sé por qué estás contento.	我知道你为什么高兴。
10330	¿Cuántas hijas tienes?	你有几个女儿？
10331	Voy a dejar que te lo cuente Tom.	我会让汤姆告诉你。
10332	¿Quieres que llame a la policía?	你想要我叫警察吗？
10333	Son mis compañeros de trabajo.	我和他们是同事。
10334	No he encontrado nada.	我甚么也没找到。
10335	¿En qué piso está nuestra habitación?	我们的房间在几楼？
10336	¿No deberías estudiar?	你不应该在学习吗？
10337	Disculpe, ¿podemos irnos ahora?	请问我们现在能走吗？
10338	Dame tu móvil.	给我你的手机。
10339	Ella está estudiando chino.	她在读中文。
10340	Solo necesitamos agua.	我们需要的只有水。
10341	Tom se lo contó.	汤姆告诉了他。
10342	No soy capaz de hablar su lengua.	我不会说她的语言。
10343	Tom está a punto de quedarse dormido.	汤姆要睡著了。
10344	Tom es un recién llegado.	汤姆是新来的。
10345	Nadie nos va a ver.	没有人会看到我们。
10346	No nos verá nadie.	没有人会看到我们。
10347	Anoche cenó en mi casa.	他昨天晚上在我家吃饭。
10348	Tom es mi amigo desde hace muchos años.	汤姆是我多年的朋友。
10349	No sé si Tom puede ayudarnos.	我不知道汤姆能不能幚我们。
10350	Tengo café, té, agua y zumo recién hecho.	我有咖啡、茶、水跟新鲜果汁。
10351	Sé lo que está haciendo Tom.	我知道汤姆在做什么。
10352	No les gustas.	他们不喜欢你。
10353	Mi padre no es español, es portugués.	我爸爸不是西班牙人，是葡萄牙人。
10354	Nos mudamos el año pasado.	我们去年搬家了。
10355	No hace falta que respondas inmediatamente.	你不用马上回答。
10356	No hemos perdido la esperanza.	我们没有失望。
10357	Si lo quieres, puedes tenerlo.	如果你想要，你可以拥有它。 / 如果你想要的话，你就拿吧。
10358	Ella enterró a su único hijo.	她埋葬了她的独生子。
10359	Este es mi pasaporte.	这是我的护照。
10360	Tom compró unos guantes nuevos.	汤姆买了新手套。
10361	¿Cómo te la pasaste el fin de semana?	你周末过得怎么样？
10362	Estuve en Boston por tres días.	我在波士顿待了三天。
10363	¡Ellos no lo creen!	他们不相信！
10364	Tengamos una charla sobre lo que hiciste en Boston.	来，谈谈你在波士顿做的事。
10365	¿No saldrás de tu casa esta noche?	你今晚会待在家里吗？
10366	¿Te quedarás en tu casa esta noche?	你今晚会待在家里吗？
10367	No es sólo Tom quien debe estudiar muy bien. Yo también tengo que.	不只是汤姆，我也要好好学习。
10368	No sólo Tom. Yo también debo estudiar muy bien.	不只是汤姆，我也要好好学习。
10369	He estado en Kobe desde 1980.	我从1980年开始一直在神户。
10370	Ella es una mujer bellísima.	她是一个非常美的女人。
10371	Aquí solía haber un puente.	以前这里有一座桥。
10372	Mi corazón empezó a latir rápido.	我的心开始快速跳动。
10373	Por favor canta esta canción otra vez.	请这首歌再唱一遍。
10374	Nos vemos en la fiesta.	在派对上见
10375	Estoy esperando que la tienda abra.	我正等著这家店开门。
10376	Si no sabes la respuesta, adivina.	如果你不知道答案，猜猜看。
10377	Ese es buenísimo.	那个真好。
10378	Ya me gasté todo mi dinero.	我钱已经用完了。
10379	¿Qué hora es? Las 10.	现在几点？10点。
10380	Dime por qué te casaste con ella.	告诉我你为什么娶了她。
10381	Ella regresará a las cinco en punto.	她五点钟才会回来。
10382	Cumplí 16 años.	我16岁了。
10383	Voy a ir al doctor.	我去看医生。
10384	¿Me explico?	你懂我的意思吗？
10385	¿Qué va a hacer?	他要做什么？
10386	El mes pasado ella estuvo en Estados Unidos.	她上个月在美国。
10387	Por favor no me hables.	请不要跟我说话。
10388	Estamos aquí por la misma razón.	我们来这里是为了同一个原因。
10389	Daniel está haciendo zumo de mango.	Daniel正在做芒果汁。
10390	Ella también estudia chino.	她也学习汉语。
10391	Este año he decidido llevar un diario.	这一年我下了决心写日记。
10392	Te he encontrado, ¿no?	我找到你了，没有么？
10393	Fui a un lugar en los alrededores de Shanghai.	我去过上海周围的地方。
10394	Disculpe, ¿podría decirme dónde está ese restaurante?	请问您能告诉我那家餐馆在哪吗？
10395	Todos están esperando a Tom.	每个人都在等汤姆。
10396	A Tom le encanta Canadá.	汤姆爱加拿大。
10397	Cualquier revista está bien.	任何一本杂志都行。
10398	Cualquier revista me vale.	任何一本杂志都行。
10399	Comemos juntos.	我们一起吃。
10400	¿Has soñado conmigo?	你梦见过我吗？
10401	Parece estar hambrienta.	她看起来像是饿了。
10402	Parece tener hambre.	她看起来像是饿了。
10403	Tom le pide a Mary que deje de trabajar.	汤姆要求玛丽停止工作。
10404	¿Crees poder hacerlo mejor?	你觉得你能做得更好吗？
10405	¿Crees que puedes hacerlo mejor?	你觉得你能做得更好吗？
10406	Tom sabe que lo sabes.	汤姆知道你知道。
10407	Tom dice que no le gusta el aire acondicionado.	汤姆说他不喜欢空调。
10408	Por favor, mirad la pizarra.	请大家看看黑板。
10409	El anciano parece sabio.	老人看起来明智。
10410	Hoy no la he visto.	我今天没看到她。
10411	Ella trabajaba en nuestra empresa.	她以前在我们公司工作。
10412	¿Cuándo va a llegar a casa?	她什么时候到家？
10413	Esta es más bonita.	这个比较漂亮。
10414	Mary ayuda a su madre en la cocina.	玛丽帮她母亲做饭。
10415	¿Tom solía ser profesor?	汤姆以前是教师吗？
10416	Ha llovido en el bosque.	森林里下雨了。
10417	El domingo vendrá solo.	星期天他会一个人来。
10418	A Tom no le gustan las zanahorias.	汤姆不喜欢胡萝卜。
10419	Yo fui al supermercado.	去了超市。
10420	¿Hay algún supermercado cerca?	这附近有超市吗？
10421	Hay un supermercado grande.	有一个大型超市。
10422	Mamá está haciendo una tarta.	妈妈做蛋糕。
10423	¿Qué te gusta beber?	你喜欢喝什么饮料？
10424	Por suerte no murió.	幸好她没有死。
10425	Estoy realmente satisfecho.	我真是满意。
10426	Papá, ¿qué estás haciendo?	爸爸，你在干吗？
10427	La protagonista de esta historia es una niña pequeña.	这个故事的女主角是一个小女孩。
10428	Todos los días sale el sol.	每一天都会有日出。
10429	Tom abrazó a su padre.	汤姆拥抱了他的父亲。
10430	¡Dejad que os ayude!	让我帮助你们啊！
10431	Tom es más alto que tú.	汤姆比你高。
10432	Sé que tienes más dinero que yo.	我知道你比我有钱。
10433	Tom tiene la capacidad de hacer que eso pase.	汤姆有让那发生的能力。
10434	Vi un caracal.	我见过狞猫。
10435	La flor es amarilla.	这花是黄的。
10436	Tengo que decir esto.	我得说这事。
10437	Me alegro de haber vuelto.	很高兴回来。
10438	Tom y Mary dicen que son muy felices.	汤姆和玛丽说他们很开心。
10439	Tom no parece estar hambriento.	汤姆看起来不饿。
10440	Dice que no tiene suerte.	他说他是不幸运的。
10441	Conozco a tu hijo.	我认识你儿子。
10442	Le robó el reloj.	他偷了她的手表。
10443	Él escribió el informe.	他写了这份报告。
10444	¿Te gusta jugar al golf?	你喜欢打高尔夫吗？
10445	No tengo libros.	我没有书。
10446	Todavía está durmiendo.	他还睡觉。 / 他还在睡觉。
10447	Para ser sincero, yo también quiero aprender japonés.	其实我也想学日语。
10448	Me dan miedo los dentistas.	我怕牙医。
10449	Un amigo me espera delante de la biblioteca.	在图书馆前有朋友在等我。
10450	No nos vuelvas a molestar.	不要再打扰我们了。
10451	Deberíais hacerlo solos.	你们应该自己做。
10452	Ayudo a mi madre en la cocina.	我在厨房里帮妈妈。
10453	«¿Qué pasa?» «No encuentro mi llave.» «¿Qué llave?» «La de mi bicicleta.»	“怎么了？” “我找不到我的钥匙了。” “什么钥匙？” “我的自行车钥匙。”
10454	¿Un extranjero? ¿De dónde eres?	一个外国人？你是哪里人？
10455	Hay treinta personas aquí.	这里有三十个人。
10456	Mi hermana se lava el pelo cada mañana.	我妹妹每天早上洗头发。
10457	Sus amenazas no me dan ningún miedo.	我一点也不怕他威胁。
10458	Nunca entiendes mis bromas.	你从来不明白我的玩笑。
10459	No me mandes mensajes.	不要发消息给我。 / 不要给我发消息。
10460	Por favor, no me mandes mensajes.	请你不要给我发消息。
10461	Tom fue a Boston el año pasado.	汤姆去年去了波士顿。
10462	Tom solo quiere mi dinero.	汤姆就是想要我的钱。
10463	Terminó de escribir una carta.	她写完了一封信。
10464	¿Estarás allí?	你会在那里吗？
10465	Me lo pasé muy bien en la fiesta.	我在派对上玩得很开心
10466	Un invierno sin nieve no es invierno.	没有雪的冬天不是冬天。
10467	Yo quiero soñar.	我想做梦。
10468	Yo también estoy aquí.	我也在这里。
10469	Necesito más mantequilla.	我需要更多黄油。
10470	Me tienen miedo.	他们怕我。
10471	Tengo muchas ganas de ir a Australia.	我非常想去澳大利亚。
10472	¡Hagámoslo otra vez!	让我们再次做那个。
10473	Tiene veinte hijos.	它有二十个孩子
10474	No bebas alcohol.	不要喝酒。
10475	Tom está haciendo lo que le gusta hacer.	汤姆在做他喜欢做的事。
10476	No la quiero.	我不爱她。
10477	He oído que se ha casado.	听说她结婚了。
10478	Mi nivel en inglés es intermedio.	我英文水平中等。
10479	Sé que Tom me está mirando.	我知道汤姆在看我。
10480	Tengo que venir aquí todos los años.	我每年必须来这里。
10481	Si de verdad fuera un amigo no diría esas cosas.	如果真的是朋友的话，是不会说这样的话的吧。
10482	Esto es correcto, ¿verdad?	这是对的，不是吗？
10483	Mi madre es muy guapa.	我妈妈很漂亮。
10484	No me llamo Ana, me llamo Carmen.	我不叫安娜，我叫卡门。
10485	Soy mejor que Tom.	我比Tom好。
10486	Soy tu vecino del cuarto.	我是你四楼的邻居。
10487	Sé que estoy equivocado.	我知道我错了。
10488	Ten cuidado en el camino de regreso a casa.	回家的路上要小心。
10489	Ten cuidado al volver a casa.	回家的路上要小心。
10490	¿Cómo piensas volver a casa?	你打算怎么回家？
10491	¿Qué día de la semana estudias chino?	你星期几学汉语？
10492	¿Soy un gato?	我是只猫吗？
10493	¡Han ganado!	他们赢了！
10494	Es el primer paso.	这是第一步。
10495	Quiero llamar a mi familia.	我想给家人打电话。
10496	Por favor, dame su dirección, ¿de acuerdo?	请给我她的地址好吗？
10497	El ladrón se fue corriendo.	小偷跑了。
10498	El gatito quiere entrar.	小猫想进来。
10499	Tom no está en Australia.	汤姆不在澳大利亚。
10500	Tardé tres años en escribir este libro.	我写这本书用了三年时间。
10501	Sami vive en Jerusalén.	萨米住在耶路撒冷。
10502	¿Qué quieres comprarle?	你想买什么给他？
10503	Tom es el amigo de mi amigo.	汤姆是我朋友的朋友。
10504	No sé si es más grande o más pequeño que yo.	我不知道他比我大还是小。
10505	Nado una vez a la semana.	我每周游一次泳。
10506	¿Puedes ayudarme a buscar trabajo?	你能帮我找一个工作吗？
10507	¿Dónde te lavas las manos?	你在哪里洗手？
10508	Eres una persona grande.	你是一个大人.
10509	Somos tres personas.	我们是三个人。
10510	Juega al golf todos los fines de semana.	他每个周末打高尔夫球。
10511	Sin esfuerzo no hay victoria.	没有困难就没有成功。
10512	Mi mujer tiene 34 años y es una persona adorable.	我妻子34岁了，她是个可爱的人。
10513	Ahora no puedo responderte.	我现在不能回答你。
10514	Tom no quiere vivir en Boston.	汤姆不想住在波士顿。
10515	Estamos muy decepcionados contigo.	我们对你很失望。
10516	Hace mucho calor aquí, estamos a 26º.	这里很热，温度是 26 度。
10517	¿Entonces vienes o no?	那你是来还是不来啊？
10518	Sabe portugués.	他会说葡萄牙语。
10519	¿Quién era Confucio?	孔子是谁？
10520	¿Te gusta leer?	你喜欢阅读吗？
10521	La comida no alcanzó.	食物不足了。
10522	No tienes mi inteligencia.	你没有我聪明。
10523	"Sí, ya nos conocíamos", dijo el señor Jordan.	“是啊，我们从前见过。” Jordan先生说道。
10524	¡Prueba este!	试试这个吧！
10525	¿Cómo estuvo el tiempo el domingo pasado?	上个星期天天气怎么样？
10526	Como dejó de llover, pudimos terminar el partido de tenis.	因为雨停了，我们得以完成了网球比赛。
10527	Ella está aprendiendo alemán.	她在学习德语。
10528	Él está aprendiendo alemán.	他在学习德语。
10529	Sé lo que quieres hacer.	我知道你要干什么。
10530	¡Sed todos bienvenidos!	欢迎大家！
10531	Tenemos que proteger las lenguas.	我们得保护语言。
10532	Ella está estudiando holandés.	她在学习荷兰语。
10533	Voy a ir a clase.	我要去上课了。
10534	A ella le gusta beber café.	她喜欢喝咖啡。
10535	Por favor, vuelve a intentarlo.	请再试一次。
10536	¿Te interesan las lenguas?	你对语言感兴趣吗？
10537	Mi amigo todavía no ha vuelto.	我的朋友还没回来。
10538	El cielo es azul claro.	天空是浅蓝的。
10539	¿Ya te has dormido?	你已经睡觉了吗？
10540	Tengo que escribir un poco.	我必须写点什么。
10541	Su casa está demasiado lejos de la mía.	她家离我家太远了。
10542	¿Por qué últimamente siempre está lloviendo?	为什么最近总是下雨？
10543	Se equivoca, ¿verdad?	他说错了，不是吗？
10544	Le gusta leer novelas.	她喜欢看小说。
10545	¿Qué lengua te gusta?	你喜欢什么语言？
10546	Quiero ir a patinar.	我想去滑冰。
10547	El alemán es realmente difícil.	德语真的很难。
10548	¿Cuántos años tienen tus padres?	你父母多大了？
10549	¡Bienvenido a China!	欢迎来到中国！
10550	¡Cómo puedes decir algo así!	你怎么能这么说！
10551	Quiero un abrazo.	我想要个抱抱。
10552	No me siento demasiado bien, debería volver a casa.	我感觉不太好，我该回家。
10553	Sé hablar español y francés.	我会说西班牙语和法语。
10554	Sé lo que quieren hacer.	我知道他们要做什么。
10555	Solo quiero ser feliz.	我只想高兴。
10556	¿Quieres beber otro poco de café?	你想再喝点咖啡吗？
10557	No me gusta tu sonrisa.	我不喜欢你的微笑。
10558	¿Quieres este trabajo o no?	你想不想要这工作？
10559	Soy Tom, ¿y tú?	我叫汤姆，你呢？
10560	Estoy en España.	我在西班牙。
10561	¿Están todos ellos en España?	他们都在西班牙吗？
10562	Vivo en Maastricht.	我住在马斯特里赫特。
10563	Tom es muy listo.	汤姆非常聪明。
10564	Van a dormir.	他们要睡觉了。
10565	Sé que todavía me quieres.	我知道，你还爱我。
10566	Mi hermano me mandó una carta la semana pasada.	我哥哥上个星期寄了一封信给我。
10567	Ella también compró un diccionario.	她也买了字典。
10568	No sé qué debería decir.	我不知道该说什么。
10569	No deberías perder el tiempo.	你不该浪费你的时间。
10570	¡Cuidado con las medusas!	小心水母！
10571	¿Ese es tu verdadero apellido?	那是你的真姓吗？
10572	Es pianista.	他是个钢琴家。
10573	Me llamo Tom, ¿y tú?	我叫汤姆，你呢？
10574	Tom bebe cerveza todos los días.	汤姆每天喝啤酒。
10575	¿Dónde está la puerta?	门在哪里？
10576	Ella tuvo un hermoso sueño.	她做了个美梦。
10577	¡Espera diez minutos más!	再等十分钟！
10578	¿Cuándo tienes vacaciones?	什么时候放假？
10579	¡Me gustas!	我喜欢你！
10580	¡Gracias a todos!	谢谢大家！
10581	¡No vengas aquí!	别来这里！
10582	No me dejan beber leche.	她们不让我喝牛奶了。
10583	Compré muchos cuadernos.	我买了很多笔记本。
10584	¡De verdad que me encanta viajar!	我真的太喜欢旅行了！
10585	Soy hablante nativa de shanghainés.	我是上海话母语者。
10586	¡Por favor, ayúdala!	请帮帮她！
10587	¡Vete rápido a dormir!	快去睡觉！
10588	¿Hay alguna lengua sin vocales?	有没有没有元音的语言？
10589	Me gusta traducir.	我爱好翻译。
10590	¡Me gusta el pastel de arándanos!	我喜欢蓝莓蛋糕！
10591	Ella está esperando a que vuelvas.	她在等你回来。
10592	Volví a casa a las siete.	我七点回到家。
10593	Un amigo me pidió que le mandara una postal.	我的一位朋友要求我寄给她一张明信片。
10594	Si me enseñas japonés, yo te enseño español.	你要是教我日语，我就教你西班牙语。
10595	No, Charlie está en España. Daniel y su madre están en Inglaterra.	不是，查理在西班牙，丹尼尔和他妈妈在英国。
10596	¿Ella está en casa?	她在家吗?
10597	El yidis no es hebreo.	意第绪语不是希伯来语。
10598	Tom no es inglés.	汤姆不是英国人。
10599	Sí, soy Tom.	是的。我是汤姆。
10600	Eso es un arbolito.	那是棵小树。
10601	¿Sabes que me gustas?	你知道我喜欢你吗？
10602	¿Compartís habitación?	你们共住一个房间吗？
10603	Pero nos gusta traducir.	但是我们喜欢翻译。
10604	Tom baila delante de la puerta de Mary.	汤姆在玛丽的房门前跳舞。
10605	¿De qué nos sirve esto?	这对我们有什么用呢？
10606	Tom se va a morir.	汤姆要死了。
10607	¿Estás estudiando matemáticas?	你在学数学吗？
10608	Soñó que se convertía en un héroe.	他梦想着成为一名英雄。
10609	No sé qué estás diciendo.	我不知道你说什么。
10610	¿Hablas shanghainés?	你说上海话吗？
10611	Voy a ir al hospital a hacerme un chequeo.	我要去医院做检查了。
10612	Estudio en esta universidad.	我在这所大学学习。
10613	Soy licenciado en lingüística.	我是语言学专业的。
10614	Hoy estoy muy contenta.	我今天好开心啊。
10615	Aquí dentro hace un poco de frío.	这里有点冷。
10616	No tienes que alzar la voz.	你不需要提高你的音量。
10617	He alzado la voz.	我提高了音量。
10618	No parece estar muy contento.	他看起来不是很高兴。
10619	Odio su sombrero.	我讨厌她的帽子。
10620	Tom abrazó a su hijo.	汤姆抱他儿子。
10621	¿Usted qué vio en París?	您在巴黎看到了什么？
10622	¿Por qué me das este dinero?	你为什么给我这些钱？
10623	Iré a la reunión.	我会参加会议的。
10624	Tom dice que María parece estar muy decepcionada.	汤姆说玛丽看起来很失望。
10625	Eso no es correcto, ¿verdad?	那不对，对吧？
10626	Vale, vale, ya voy.	好吧，好吧，我已经走了。
10627	El jueves pasado, estuve en su casa en Madrid.	上个星期四我在他马德里的家。
10628	¿Dónde está el Líbano?	黎巴嫩在哪？
10629	Irlanda está en Europa occidental.	爱尔兰在西欧。
10630	¿Estás en la ciudad o no?	你在不在市区？
10631	Quiero dos gatitos.	我想要两只猫咪。
10632	La he visto hoy.	我今天看见她了。
10633	Los he visto hoy.	我今天看见他们了。
10634	¿Qué ha hecho hoy Tom?	汤姆今天做了什么？
10635	¿Ya has comprado el billete?	你已经买了票吗？
10636	No somos jóvenes.	我们不年轻。
10637	¿El groningués es un idioma o un dialecto?	格罗宁根方言是一种方言还是一种语言？
10638	¿Por qué estás solo?	你为什么一个人？
10639	Fui a Londres.	我去过伦敦。
10640	Se lo has contado a Tom, ¿verdad?	你告诉汤姆了，没有吗？
10641	Me quiero quedar aquí un par de días.	我想在这儿待几天。
10642	¿Ella no es médica?	她不是医生吗？
10643	¿Sabe de dónde vienen?	你知道他们从哪里来吗？
10644	¿Cuándo te enamoraste de mí?	你什么时候爱上我的？
10645	Concuerdo con esa opinión.	我同意那个意见。
10646	Tienes a tu alrededor muchos amigos que se preocupan por ti.	你身边有很多关心你的朋友。
10647	Aprendo esta lengua solo.	我自己学习这种语言。
10648	Se te olvidó apagar la luz.	你忘了关灯。
10649	¿Es verdad que Tom no sabe leer ni escribir?	汤姆真的不能读或写字吗？
10650	Por favor, tráiganos dos vasos de café.	请给我们来两杯咖啡。
10651	Puede que Tom esté aquí.	汤姆可能在这里。
10652	Tom y Mary dicen que no tienen que esperar tanto tiempo.	汤姆和玛丽说他们不必等那么久。
10653	Este es nuestro pasaporte.	这是我们的护照。
10654	Es una hermosa flor.	这是一朵美丽的花。
10655	No parece muy feliz.	他看起来不是很高兴。
10656	¿Te parece bien a las tres?	三点钟可以吗？
10657	¿El lápiz es largo?	铅笔长吗？
10658	Ahora está demasiado oscuro, no se puede jugar al tenis.	现在太暗了不能打网球。
10659	Se preocupa por la salud de su padre.	他担心他父亲的身体。
10660	Descansa un par de días.	休息几天吧。
10661	Les diré a mis padres que quiero irme solo.	我会对我的父母说，我想要独自离开。
10662	No sabemos qué hacer.	我们不知道要做甚么。
10663	¿La leche está fría o caliente?	这牛奶是冷的还是热的？
10664	¿Quieres comer comida francesa, japonesa o china?	你想吃法国菜，日本菜还是中国菜？
10665	Murió a los 54 años.	他54岁时去世。
10666	Tienes el pelo sucio.	你的头发很脏。
10667	No vino nadie aparte de Mary.	除了玛丽没有人来。
10668	No te he mentido.	我没有骗你。
10669	Esos son mis pantalones.	那些是我的裤子。
10670	¿De qué color es tu nuevo coche?	你的新车是甚么颜色的？
10671	Tengo que haber llegado allí antes de las nueve.	我必须在9点前到那里。
10672	Allí no había nadie aparte de mí.	那儿除了我，一个人都没有。
10673	¿Puedo venir con mi familia?	我可以和家人一起来吗？
10674	Todavía no ha ido a Francia pero tiene muchas ganas de ir el año que viene.	他还没有去过法国，他很想明年去。
10675	¿Te gusta comer fruta?	你喜欢吃水果吗？
10676	Sé que es adorable.	我知道她很可爱。
10677	Yo creo que esto no es verdad.	我觉得这不是真的。
10678	A veces nos ayudan.	他们有时帮我们。
10679	Sé que Tom está un poco preocupado.	我知道汤姆有点担心。
10680	¿La has llamado?	你打电话给她了吗?
10681	¿Has encontrado a tus padres?	你找到父母了吗？
10682	Quiero saber si va a venir aquí.	我想知道他会不会来这里。
10683	Emi estudiará inglés.	Emi将学习英语。
10684	Quiere ir con nosotros a ver una película.	他想和我们一起去看电影。
10685	Esa estudiante es estadounidense.	那个女学生是美洲人。
10686	Tom ve demasiado la televisión.	汤姆电视看太多了。
10687	Creo que no deberíamos ir con Tom.	我认为我们不应该跟汤姆一起走。
10688	Mucha gente le conoce.	很多人认识他。
10689	No le eches demasiada sal.	别放太多盐。
10690	Hace mucho viento, pero no hace frío.	风很大，但不冷。
10691	Un día, me desperté y vi que Dios me había puesto pelo en la cara. Me lo afeité. Al día siguiente, vi que Dios me lo había vuelto a poner en la cara, así que me lo afeité otra vez. Al tercer día, cuando vi que Dios me había puesto pelo en la cara de nuevo, decidí que Dios se saliera con la suya. Por eso tengo barba.	我有一天醒来发现上帝将毛发植在了我的面颊上，我给它剃了。我次日醒来又发现上帝在我的脸上种了毛发，我又给它剃了。当我第三天发现上帝再一次把毛发植在我脸上时，我绝定接受上帝的旨意。我就这样有了胡子。
10692	Ella no está.	她不在。
10693	¿Compraron zumo?	他们买果汁了吗？
10694	Tom se casó con una chica mayor que él.	汤姆娶了一个比他大的女孩。
10695	¿Todos vosotros habláis francés?	你们都讲法语吗？
10696	Me gusta caminar bajo la lluvia.	我喜欢在雨中漫步。
10697	¿Qué quieres hacer con este coche?	你要用这辆车干嘛？
10698	Por favor, llévame al hospital.	请带我去医院。
10699	Soy tú.	我是你。
10700	Yo soy tú.	我是你。
10701	¿Cuántos caracteres chinos hay?	汉字有多少个？
10702	Brasilia es la capital de Brasil.	巴西利亚是巴西的首都。 / 巴西利亚是巴西首都。
10703	El árabe se lee de derecha a izquierda.	阿拉伯语要从右往左读。
10704	Compré flores.	我买了花。
10705	¿Ustedes quieren jugo o agua?	各位想喝果汁还是水？
10706	Esta noche la luna está redonda.	今晚月亮很圆。
10707	Ya ha salido la luna.	月亮已经出来了。
10708	¿Por qué brilla la luna por la noche?	为什么月亮晚上发光？
10709	¿Has venido aquí solo?	你是一个人来这儿的吗？
10710	Voy a casa, Tom.	我在回家路上，汤姆。
10711	Él dice que quiere verla.	他说想见她。
10712	Hola, Susan. ¿Qué tal?	你好，苏珊。你好吗? / 你好苏珊，你好吗？
10713	¿De quién es esta dirección?	这是谁的地址？
10714	¡He vuelto!	我回来了！
10715	¿Has ido a Shanghai?	你去过上海吗？
10716	No tengo hambre, pero siempre quiero comer algo.	我不饿，但我总想吃东西。
10717	¿Qué has hecho durante tus vacaciones?	你放假的时候做了什么？
10718	¿Sabes quién los mató?	你知道谁杀了他们吗？
10719	Vi a Tom hace tres horas.	我在三小时前见过汤姆。
10720	¿Quieres saber cómo lo he hecho?	你想知道我是怎么做的吗？
10721	Él no bebe café.	他不喝咖啡。
10722	Sé qué es lo que quiere Tom.	我知道汤姆想要什么。
10723	Él estaba sufriendo de un terrible dolor de cabeza.	他正遭受严重头痛的困扰。
10724	El número de personas sufriendo de problemas cardíacos ha aumentado.	遭受心脏病困扰的人数增加了。
10725	Si no te gusta el vino es porque todavía no has probado ninguno bueno.	如果你不喜欢葡萄酒，那你还没喝到好的葡萄酒。
10726	Ella es más alta que su madre.	她比母亲高。
10727	Le gusta leer novelas de ciencia ficción.	他喜欢看科幻小说。
10728	A Tom también le gusta comer pescado.	汤姆也喜欢吃鱼。
10729	De verdad que estoy muy contento.	我真的非常开心。
10730	¿Usted quiere estudiar francés?	您想学法语吗？
10731	Tom la amó.	汤姆爱过她。
10732	¿Qué quiere contarme?	您想告诉我什么？
10733	¿Te ha dicho Tom adónde ha ido?	汤姆告诉你他去哪儿了吗？
10734	¿Quién se bebió el agua?	谁喝了水？
10735	Tom tiene mi libro.	汤姆有我的书。
10736	Ayer comí arroz.	昨天我吃了米饭。
10737	Ya he olvidado estas palabras.	我已经忘记这些单词了。
10738	Parece que estáis discutiendo.	你们好像在吵架。
10739	¿Quién es capaz de hablar tanto chino como japonés?	谁把中文和日文都会说吧？
10740	Mary quiere escribir algo.	玛丽想写些什么。
10741	Tom es un buen amigo de Mary.	汤姆是玛丽的一个好朋友。
10742	No sé qué es esto, pero es muy grande.	我不知道这是什么东西，但是它很大。
10743	He comprado los alimentos, preparado la comida y estoy esperando a que mi hijo venga a comer.	我买了菜，做好了饭，等我儿子来吃饭。
10744	Vienes muy pronto.	你来得很早。
10745	Esta mañana Tom no tenía fiebre.	汤姆今天早上没有发烧。
10746	La cebolla se cocina más rápido que la papa.	洋葱比马铃薯快熟。
10747	Hoy compré un aguacate.	今晚我买了一个牛油果。
10748	¿Quién compró estas uvas?.	谁买了这些葡萄？
10749	Hubo una gran cosecha de duraznos el año pasado.	去年桃子丰收。
10750	A Melissa le gusta la torta de durazno.	Melissa喜欢吃桃子挞。
10751	¿Es esta la estación de tren?	这就是车站吗？
10752	No tengo los anteojos conmigo.	我身上没带眼镜
10753	Es una decisión completamente estúpida.	这是一个十分愚蠢的决定。
10754	¡No coma eso!	不要吃那个！
10755	¡No comas eso!	不要吃那个！
10756	¡No se coma eso!	不要吃那个！
10757	¡No te comas eso!	不要吃那个！
10758	Creí que mi cabeza iba a explotar.	我觉得我的头要炸了。
10759	¿A qué hora comienza el desayuno?	早餐是几点开始？
10760	Tom y María tienen una pequeña granja orgánica.	汤姆和玛丽拥有一个小型的有机农场。
10761	China en chino se dice "Zhongguo".	中国在中文中是“Zhongguo”。
10762	Él es bueno para el golf.	他高尔夫球打得好。
10763	No podemos rendirnos.	我们不能放弃。
10764	Yo tuve mucho cuidado.	我非常小心了。
10765	Llama a mi esposo.	给我老公打电话。
10766	A Tom le gustan ambos.	汤姆两个都喜欢。
10767	Ellos son muy especiales.	他们很特别。
10768	Todo mundo está aquí.	每个人都在这里。
10769	¿Qué están diciendo?	他们在说什么？ / 她们在说什么？
10770	No bebe nunca alcohol.	他从不喝酒。
10771	No tenía ni idea de que Mary era tu hermana.	我不知道玛丽是你的姐姐。
10772	Tom no está en Facebook.	汤姆不用脸书。
10773	¿Tu padre es español?	你的爸爸是西班牙人吗？
10774	Tom acaba de comer.	汤姆刚吃完饭。
10775	¿Qué has hecho con la espátula?	你把锅铲怎么处理了？
10776	Pablo es hijo único, pero tiene muchos primos.	保罗是个独生子，但是有很多表兄弟。
10777	¿Cuántas personas pueden hacerlo?	有多少人能做？
10778	No digas nada a no ser que te pregunte.	除非我问你，请你不要说话。
10779	Dile a Tom que lo siento mucho.	告诉汤姆我很抱歉。
10780	Tom es tu hermanito.	汤姆是你的弟弟。
10781	Tom es tu hermano menor.	汤姆是你的弟弟。
10782	No quiero hacerme famoso.	我不想成名。
10783	Es una auténtica lástima que no hablemos el mismo idioma.	真可惜我们说的语言不同。
10784	¿Quieres saber quién es?	你想知道她是谁吗？
10785	No son de confianza.	他们不可靠。
10786	¡Hijo mío!	我的儿子！
10787	¿Es guapa?	她好看吗？
10788	No quiero que Tom me tome de la mano.	我不想让汤姆碰我的手。
10789	Somos hombres, y no niños.	我们是大人，不是小孩儿。
10790	Tom no es profesor, es estudiante.	汤姆不是老师，是学生。
10791	Ayer fue viernes.	昨天是星期五。
10792	¿La mayonesa es un instrumento?	蛋黄酱是一种乐器吗？
10793	Mi mejor amigo es filipino.	我最好的朋友是菲律宾人。
10794	¿Estás insinuando que soy demasiado joven?	您是在暗示我太年轻了吗？
10795	María es más guapa que yo.	玛丽比我好看。
10796	Compramos una casa el año pasado.	我们去年买了栋房子。
10797	Soy una niña.	我是个女孩儿。
10798	Las dos hermanas son abogadas.	两姐妹都是律师。
10799	¿Qué les parece algo frío para tomar?	来点冰饮怎么样？
10800	Ellas te odian.	她们恨你。
10801	La vecina no vio nada.	邻居什么都没看到。
10802	La bandera es azul.	旗帜是蓝色的。
10803	Están de acuerdo.	他们同意.
10804	Dijo Tom que no tiene clases hoy.	汤姆说他今天没有课。
10805	Tom ha dicho que hoy no tiene clase.	汤姆说他今天没有课。
10806	Le tiene miedo a su esposa.	他怕他老婆。
10807	Hoy no nieva.	今天不下雪。
10808	No sé dónde están los calcetines de Tom.	我不知道汤姆的袜子在哪里。
10809	Es americano.	他是美国人。
10810	¿Usted qué respondió?	您回答了什么？
10811	Vámonos, que ya no llueve.	我们走吧，雨已经不下了。
10812	¡Rápido, a cepillarse los dientes!	快去刷牙。
10813	Cuéntanoslo todo.	把一切都告诉我们。
10814	El agua es insípida, inodora e incolora.	水无味、无臭、无色。
10815	Es vuestro rey.	他是你们的王。
10816	Tom es mi dentista.	汤姆是我的牙医。
10817	¿No te gusta el béisbol?	你不喜欢棒球吗？
10818	Creo en Dios.	我信神。
10819	Nosotros somos el problema.	我们就是问题所在。
10820	Su padre está en el jardín.	他父亲在花园里。
10821	¿Por qué has venido tan pronto?	你为什么这么早来这里？
10822	¡No soy un hombre!	我不是男人！
10823	No como huevos, carne de cerdo ni carne de ternera.	猪肉，牛肉，鸡蛋我都不吃。
10824	No me habías dicho que trabajabas para Tom.	你没告诉我你为汤姆工作。
10825	Se casó conmigo el año pasado.	她去年嫁给了我。
10826	Olvidé cerrar la ventana.	我忘记关窗了。
10827	Tom es bueno, pero no lo suficiente.	汤姆是好，但是不够好。
10828	Ayer estaba malo así que no vino a la escuela.	他昨天病了，所以没来学校。
10829	Ese es el diccionario de Tom.	那是汤姆的字典。
10830	Tom no tiene padre.	汤姆没有爸爸。
10831	Empiezo a echar de menos a mi novia.	我开始想念我的女朋友。
10832	El inglés sigue siendo un idioma extranjero para mí, aunque lo hable todos los días.	尽管我每天都说英文，但它对我来说还是外语。
10833	Diles que no bebo alcohol.	告诉她们我不喝酒。
10834	Va a llover esta noche.	今晚会下雨。
10835	¿Por qué te ha preguntado a ti?	她为甚么问了你？
10836	A los monos les gustan los plátanos.	猴子喜欢香蕉。
10837	Un poco de aire fresco me hará bien.	呼吸点新鲜空气会让我好些。
10838	Me ayuda a llevar la bolsa.	他帮我提袋子。
10839	Estoy de camino al hospital.	我在去医院的路上。
10840	Empieza a las seis y media.	六点半开始。
10841	No puedes salvarme.	你救不了我。
10842	¿Tú no le tienes miedo a la muerte?	你不怕死吗？
10843	¿No temes morir?	你不怕死吗？
10844	Tom dice que quiere aprender francés.	汤姆说，他想学法语。
10845	Llevamos ya más de diez años sin verle.	我们已经十多年没看到过他了。
10846	¿Sigue con vida?	它还活着吗？
10847	Los gatos son astutos.	猫很聪明。
10848	No es más tonto que tú.	他不比你傻。
10849	Taiwán es un país.	台湾是一个国家。
10850	"Maestra, ¿me castigaría por algo que no hice?" "No." "No hice mi tarea."	"老师，你会为了我没做的事情而罚我吗？“”不会。“”我没做作业。“
10851	Mis hermanos son delfines.	我弟弟们是海豚。
10852	El presidente de Ucrania es judío.	乌克兰总统是犹太人。︀
10853	¿Eres judío?	你是犹太人吗？
10854	¿Hablas ucraniano o ruso?	你会说乌克兰语还是俄罗斯语？
10855	Gracias, Tom.	汤姆，谢谢你。
10856	¿La vas a lastimar?	你要伤害她吗？
10857	Quiero ir a estudiar en una universidad canadiense.	我想去加拿大读大学。
10858	¿Por qué necesita Tom tres bicicletas?	汤姆为什么需要三辆自行车？
10859	Se puso verde.	变成了绿色。
10860	Estoy herida.	我受伤了。
10861	Le di a Tom mi vieja bicicleta.	我把我的旧自行车给了汤姆。
10862	Božena es una hermosa joven rubia, también es la más bonita de nuestra escuela.	Božena是个美丽的金发姑娘。她也是我们学校里最美的姑娘。
10863	Tom no suena muy nervioso.	汤姆听起来不太担心。
10864	Me hizo daño con el codo.	他的肘子把我弄疼了。
10865	Planeo ir a Canadá el año que viene.	我打算明年去加拿大。
10866	No deberías venir solo.	你不该一个人来。
10867	Ni siquiera la besé.	我连亲也没有亲过她一下。
10868	Ella se ha enamorado de Charles a primera vista.	她对查尔斯一见钟情。
10869	Tatoeba no es un diccionario.	Tatoeba不是词典。
10870	¿Por qué estudias todos los días?	为什么你每天都学习呢？
10871	Me gusta este reloj de pulsera.	我喜欢这块手表。
10872	Me dijeron que eran bilingües.	他们告诉我他们会说两种语言。
10873	Odio a mi vecina.	我讨厌我的邻居。
10874	Cuatro es un número de mala suerte en Japón.	四在日本是一个不幸的数字。
10875	¿Qué perro es negro?	哪只狗是黑色的？
10876	A mí me duele el estómago.	我胃疼。
10877	Tengo algo muy importante que decirte.	我有很重要的事情要跟你说。
10878	Por favor, ¿qué hora es?	请问，现在什么时候？
10879	Las cosas están en el coche de papá.	东西在爸爸的车上。
10880	¿Cómo estuvo el tiempo ayer en Pekín?	北京昨天天气怎么样？
10881	No tengo hogar al que volver.	我无家可回。
10882	¿Escucharon lo que le pasó a Tom?	他们知道汤姆怎么了吗？
10883	No soy un fantasma.	我不是鬼。
10884	No deberíais comer antes de iros a la cama.	你不应该在睡前吃东西。
10885	Si yo fuera rico, te ayudaría.	要是我有钱的话，会帮你的。
10886	Buenos días, ahora tengo helado.	早上好、现在我有冰淇淋。
10887	Solía haber una tienda aquí.	这里以前有个商店。
10888	Escríbelo con lápiz.	用铅笔写。
10889	Este mes ha sido algo difícil.	这个月我过得有点艰难。
10890	Tres más dos darán cinco.	三加二会得到五
10891	Le daré una mano.	我会帮他。
10892	Eso es todo lo que pude encontrar.	我能找到的都在那。
10893	Él habló de ti ayer.	他昨天讲了你的事。
10894	¿Cuánto tiempo vas a estar en Houston?	你要在波士顿待多久？
10895	Él tiene una cara que solamente una madre podría amar.	他有一张只有母亲爱的脸。
10896	¿Dejé mi paraguas aquí?	我把雨伞落在这里了吗？
10897	Tom era arquitecto.	汤姆是建筑师。
10898	Aprendo turco.	我学土耳其语。
10899	Deberías comer mucha fruta para mantenerte saludable.	你应该吃大量的水果来保持健康。
10900	Ya no puedo comer.	我吃不下了。
10901	Tampoco me gusta.	我也不喜欢。
10902	Quita la sartén del fuego.	把平底锅从火上拿开。
10903	Normalmente me despierto sobre las siete.	我通常在七点左右起床。
10904	La vida no es fácil para las madres trabajadoras.	生活对于那些有工作的母亲来说并不简单。
10905	Use su imaginación.	发挥您的想象力。
10906	Tengo mucho en común con ella.	我跟她有很多共同点。
10907	No tengo nada en común con él.	我跟他没啥共同点。
10908	No tiene nada en común con ella.	他跟她没啥共同点。
10909	Tom salió de la habitación sin que Maria se diera cuenta.	汤姆在玛丽亚不知道的情况下离开了房间。
10910	Tom y yo tenemos casi la misma altura.	汤姆和我差不多高。
10911	Tienes que decirme qué quieres que haga.	你要告诉我你到底想让我干嘛。
10912	Sé que Tom es maestro aquí.	我知道汤姆是这里的一个老师。
10913	La ignorancia siempre es peligrosa.	愚昧始终是危险的。
10914	Él tiene un gran talento para la música.	他有杰出的音乐天赋。
10915	Somos colegas.	我们是哥们儿。
10916	¿Te gusta mi camiseta?	你喜欢我的T恤吗？
10917	Él es un borrachín.	他是个酒鬼。
10918	Sus juguetes son azules.	他的玩具是蓝色的。
10919	Cuéntame una buena historia.	给我讲个好故事。
10920	Tom es más guapo que tú.	汤姆比你更帅。
10921	Él dice que ha ganado.	他说他赢了。
10922	¿Es un amigo?	他是一个朋友吗？
10923	¿Es una amiga?	她是一个朋友吗？
10924	Él nada bien.	他游得很好。
10925	¿Cómo se conocieron?	他们是怎么认识的？
10926	La cocina no está limpia.	厨房不干净。
10927	No quiero que mueras.	我不想要你死啊。
10928	Tom y Mary se pondrán bien, ¿verdad?	汤姆和玛丽都会没事的，对吗？
10929	¿Por qué me pegas?	你为什么打我？
10930	Me gusta Alemania.	我喜欢德国。
10931	Está cayendo la del pulpo.	大雨如注。
10932	Es un mal ejemplo.	这个例子举得不好。
10933	El cambio de actutud fue inesperada y radical.	那个态度上的转变让人猝不及防。
10934	¿Habláis catalán?	你们会讲加泰罗尼亚语吗？
10935	¿Hablan ustedes catalán?	各位会讲加泰罗尼亚语吗？
10936	Paul tomó el autobús equivocado.	保罗坐错了公交车。
10937	Tom necesita estudiar más.	汤姆需要再多学点儿。
10938	¿Has alcanzado tu meta?	你达成你的目标了吗？
10939	Ya estáis en problemas.	你们有大麻烦了。
10940	Me gustaría dormir un poco más.	我想多睡一会儿。
10941	¿Cuántos profesores hay en vuestra escuela?	你们学校有多少老师？
10942	Hace tantísimo calor hoy.	今天也太热了吧。
10943	No estoy de acuerdo con usted.	我不能同意您的看法。
10944	Nací en Zhejiang.	我是在浙江出生的。
10945	Sí, él usa gafas.	是，他戴眼镜。
10946	Claro que estoy de acuerdo.	我当然同意的。
10947	Es mejor que dejes de salir con ella.	你最好不要再见她了。
10948	María quiere ir a Macao.	玛丽准备去澳门一趟。
10949	Él me ayudó a terminar los deberes.	他帮助我完成我的作业。
10950	Me gusta enseñar el francés.	我喜欢教法语。
10951	Esta persona es feliz.	这个人很高兴。
10952	Él nada muy bien.	他游得很好。
10953	Nadie lo ama.	没有人爱他。
10954	Tom fue famoso.	汤姆曾经很出名。
10955	Ella está estudiando.	她正在学习。
10956	¿Desearías ser mi mujer?	你愿意成为我的妻子吗？
10957	¿Por qué tienes ganas de estudiar el holandés?	你为什么想学习荷兰语？
10958	No sé por qué yo también tenía que ir con ellos.	我不明白为什么我得跟着去。
10959	Tom quiere venir.	汤姆想来。
10960	Ella trabaja en una librería.	她在书店工作。
10961	Espero que no te haya pasado nada.	我希望你没出任何问题。
10962	Nosotros hacemos negocios con muchos países.	我们和很多国家有生意来往。
10963	Tengo defectos, como cualquier persona.	我有问题，就像其他人一样。
10964	Estos días el trabajo ha estado bastante estresante.	最近工作压力太大了。
10965	Es mejor que vuelvas a casa ahora mismo.	你最好马上回家。
10966	Tom parece muy confudido.	汤姆看来有点困惑。
10967	¿Por qué no quitar Facebook?	你为什么不戒掉Facebook？
10968	Tom es un niño.	汤姆是个小男孩。
10969	Esta película es muy buena.	这部电影真的很好看。
10970	A mi hermano le gusta coleccionar sellos.	我的兄弟喜欢集邮。
10971	Dime cuántos años tienes.	告诉我你多大了。
10972	Díganme cuántos años tienen.	各位跟我报一下年龄。
10973	¡Viva Quebec libre!	自由魁北克万岁！
10974	Mi abuelo va a pasear un poco todas las mañanas.	我的祖父每天早上都会去散步。
10975	Me gustan los gatos y los gatos gustan de mí.	我爱猫，猫也爱我。
10976	No podemos prometer nada.	我们什么都不能承诺。
10977	Hago guardia.	我站岗。
10978	¿Quieres comprar algo?	你要买点东西吗？
10979	El existencialismo es un humanismo.	存在主义是一种人道主义。
10980	Su dirección de correo electrónico es hirosey@genet.co.jp.	他的电子邮件地址是hirosey@genet.co.jp。
10981	No tengo un libro.	我没有书。
10982	Me comí tu limón.	我吃了你的柠檬。
10983	Pronto te acostumbrarás a vivir en una ciudad grande.	你马上就会习惯大都市的生活的吧。
10984	Pasó siete años en la Siberia.	他在西伯利亚待过七年。
10985	Dios es un elefante.	神是大象。
10986	El círculo es rojo.	圆圈是红色的。
10987	¿Sois canadienses?	你们是加拿大人吗？
10988	¿Ustedes son canadienses?	你们是加拿大人吗？
10989	Tengo por lo menos diez libros.	我至少有十本书。
10990	Ellos esperan que los ayudes.	他们指望你帮忙他们。
10991	¿Usted los conoce?	您认识他们吗？
10992	Contáctame.	联系我。
10993	Contáctanos.	联系我们。
10994	Por favor contáctame.	请联系我。
10995	No hay relación.	没有联系。
10996	Solo nos hemos contactado por carta, nunca nos hemos visto en persona.	我们只是书信联系，没有直接见过面。
10997	Él aceptó mi propuesta de mala gana.	他勉强同意了我的建议。
10998	Renuentemente aprobó mi sugerencia.	他勉强同意了我的建议。
10999	Incluso si concuerdas con él ¡Eso qué resolvería!	就算你肯定他的言论，又能解决什么问题!
11000	Sabiendo que los estudiantes no pueden responder esta pregunta, no deberías preguntarle.	知道学生不能回答这个问题就不要问他。
11001	Porque él se perdió.	因为他迷路了。
11002	Él no me gusta mucho, de hecho, lo odio.	我不太喜欢他，其实我讨厌他。
11003	No sé cómo demostrar mi agradecimiento.	我不知道如何表达我的谢意。
11004	La amo a morir.	我爱她爱得要命。
11005	¿A la final cómo hiciste?	你到底是怎么做到的 ?
11006	¡Apenas vine lavé los platos, entonces cómo es que me pides que me vaya!	我一来就在洗碗，你凭什么叫我走！
11007	¿Entiendes la contabilidad?	你懂会计吗？
11008	¿Sabes contabilidad?	你懂会计吗？
11009	Ese profesor hablaba demasiado rápido, no hubo ni una sola persona que le comprendiese.	那个教授讲得太快了，没有一个人听得懂。
11010	Estos son mis libros.	这些是我的书。
11011	Tengo un coche nuevo rojo.	我有一辆新的红色汽车。
11012	El teléfono azul está encima de la mesa.	蓝色的电话在桌子上。
11013	Me gusta mucho leer libros.	我很喜欢看书。
11014	El diccionario que hay encima del escritorio es mío.	书桌上的词典是我的。
11015	También me gusta bailar.	我也喜欢跳舞。
11016	¿Cuánto azúcar necesitamos?	我们需要多少糖？
11017	¿Sabes cómo hacer leche con chocolate?	你会不会泡巧克力牛奶？
11018	Uno, dos, tres, cuatro, cinco.	一，二，三，四，五。
11019	Soy chino y amo a China.	我是中国人，我爱中国。
11020	Mi hermana pequeña juega con Lego.	我妹妹在玩乐高。
11021	Las manzanas son usualmente verdes, amarillas, o rojas.	苹果通常是绿色、黄色或红色。
11022	¿Por qué no le buscas?	为什么你不找他 ?
11023	Si te comes eso morirás.	如果你吃它，你就会死
11024	Espera en otro sitio.	在别的地方等。
11025	Si llueve llámame.	如果下雨，就打电话给我。
11026	¿Cuánto cuesta un botellín?	啤酒一瓶多少钱 ?
11027	Me gusta mi nombre.	我喜欢自己的名字。 / 我喜欢我的名子。
11028	Pero no tengo miedo.	可是我不在怕。
11029	¿De quién es este reloj?	这是谁的手表呢 ?
11030	Taiwán es mi país favorito.	台湾是我最爱的国家。
11031	Tom es una buena persona, ¿verdad?	汤姆是个好人，不是吗 ?
11032	¿Cómo se dice "te quiero" en francés?	用法语怎么说我爱你？
11033	¿Eres su madre?	你是他的母亲吗 ?
11034	¿Cuánto cuestan estos plátanos?	这些香蕉多少钱？
11035	Las mujeres también son seres humanos.	妇女也是人。
11036	¿Quién es Schopenhauer?	叔本华是谁？
11037	Trump mató a Epstein.	特朗普杀了爱泼斯坦。
11038	Vivo con Tom.	我和汤姆住。
11039	Me quejo de vómitos.	我抱怨呕吐。
11040	El vídeo es largo.	影片很长。
11041	Me gustan las naranjas.	我喜欢橙子。
11042	A todos los jóvenes les gusta la música pop.	年轻人都喜欢流行乐。
11043	Elefante, elefante, ¿por qué tienes la nariz tan larga?	大象大象，你的鼻子怎么这么长？
11044	Es japonesa.	她是日本人。
11045	Soy china y amo a China.	我是中国人，我爱中国。
11046	La gente es gente.	人就是人。
11047	Buena esa.	赞！
11048	Guácala!	恶！
11049	Una revolución no es una cena de gala.	革命不是请客吃饭。
11050	El groningués es muy difícil.	格罗宁根方言好难啊。
11051	¿Qué es Facebook?	什么是非死不可？ / Facebook 是什么？ / 脸书是什么？
11052	¿Por qué las plantas son verdes?	为什么植物是绿色的？
11053	Él está aprendiendo francés.	他在学习法语。
11054	Aprender inglés es divertido.	学习英文很有趣。
11055	Aprender chino es divertido.	学习中文很有趣。
11056	El chino no es un idioma difícil de aprender.	中文不是一门难学的语言。
11057	No entiendo tu idioma.	我听不懂你的语言。
